バラ商品コード,バラ商品名称,ケース商品コード,ケース商品名称,バラ個数
'0000045019517,大塚　ポカリスエット ５００ｍｌ ,'4987035332602,大塚製薬　ポカリスエット ５００ｍｌ×２４ ,24
'0000045019524,エネルゲン ５００ｍｌ ,'4987035255307,エネルゲン ５００ｍｌＸ２４ ,24
'0000045191749,オランジーナ ４２０ｍｌ ,'4901777301450,オランジーナ ４２０ｍｌＸ２４ ,24
'0000045191763,サントリー烏龍茶 ６００ｍｌ ,'4901777303027,サントリー烏龍茶 ６００ｍｌＸ２４ ,24
'0000045191794,サントリーおいしい腸活流々茶 ５００ｍｌ ,'4901777314290,サントリーおいしい腸活流々茶 ５００ｍｌＸ２４ ,24
'0000045191848,烏龍茶 ５２５ｍｌ ,'4901777334410,烏龍茶 ５２５ｍｌＸ２４ ,24
'0000045191855,オランジーナ１００ ３００ｍｌ ,'4901777335103,  ,24
'0000045191947,伊右衛門ラベルレス ５２５ｍｌ ,'4901777375291,伊右衛門ラベルレス ５２５ｍｌＸ２４ ,24
'0000045191954,伊右衛門ラベルレス ６００ｍｌ ,'4901777383340,伊右衛門ラベルレス ６００ｍｌＸ２４ ,24
'0000045191961,ＧＤやさしい麦茶 ６８０ｍｌ ,'4901777376045,ＧＤやさしい麦茶 ６８０ｍｌＸ２４ ,24
'0000045191978,天然水氷雪ピュアボトル ５５０ｍｌ ,'4901777376977,天然水氷雪ピュアボトル ５５０ｍｌＸ２４ ,24
'0000045191985,ＧＤ麦茶鬼滅の刃ラベル ６８０ｍｌ ,'4901777380691,ＧＤ麦茶鬼滅の刃ラベル ６８０ｍｌＸ２４ ,24
'0000045215704,烏龍茶デザインラベル ６００ｍｌ ,'4901777395381,烏龍茶デザインラベル ６００ｍｌＸ２４ ,24
'0000045215711,ＧＤ食物繊維麦茶 ６８０ｍｌ ,'4901777395268,ＧＤ食物繊維麦茶 ６８０ｍｌＸ２４ ,24
'0000045215728,ＧＤ麦茶コナン ６８０ｍｌ ,'4901777397699,ＧＤ麦茶コナン ６８０ｍｌＸ２４ ,24
'0000045215735,黒烏龍茶香るジャスミン ３５０ｍｌ ,'4901777404977,黒烏龍茶香るジャスミン ３５０ｍｌＸ２４ ,24
'0000045215797,薬膳ソーダジンジャー ３９０ｍｌ ,'4901777420823,薬膳ソーダジンジャー ３９０ｍｌＸ２４ ,24
'0000045226625,三ツ矢サイダーＷ ４８５ｍｌ ,'4514603446302,三ツ矢サイダーＷ ４８５ｍｌＸ２４ ,24
'0000045226670,おいしい水シンプルｅｃｏ ６００ｍｌ ,'4514603452105,おいしい水シンプルｅｃｏ ６００ｍｌＸ２４ ,24
'0000045226731,三ツ矢サイダーＷ ４８５ｍｌ ,'4514603462500,三ツ矢サイダーＷ ４８５ｍｌＸ２４ ,24
'0000045989896,薬膳ジンジャーソーダ ３９０ｍｌ ,'4901777439993,薬膳ジンジャーソーダ ３９０ｍｌＸ２４ ,24
'0000049104103,アサヒ富士山エコラベル ５８５ｍｌ ,'4514603419306,アサヒ富士山エコラベル ５８５ｍｌＸ２４ ,24
'0000049104158,三ツ矢サイダーＷ ４８５ｍｌ ,'4514603430905,三ツ矢サイダーＷ ４８５ｍｌＸ２４ ,24
'0000049151947,黒烏龍茶 ３５０ｍｌ ,'4901777267435,黒烏龍茶 ３５０ｍｌＸ２４ ,24
'0000049780130,キレートレモンクエン酸　瓶 １５５ｍｌ ,'4589850822537,キレートレモンクエン酸　瓶 １５５ｍｌＸ６ ,6
'0000049780239,キレートレモンＭＵＫＵＭＩ瓶 １５５ｍｌ ,'4589850827563,キレートレモンＭＵＫＵＭＩ瓶 １５５ｍｌＸ６ ,6
'0000049780741,ポッカサッポロキレートレモン １５５ｍｌ ,'4582409175511,ポッカサッポロキレートレモン １５５ｍｌ×６ ,6
'0000049845372,グリーンダカラやさしい麦茶 ６５０ｍｌ ,'4901777277335,グリーンダカラやさしい麦茶 ６５０ｍｌＸ２４ ,24
'3057640100673,ミネラルウォーター ５００ｍｌ ,'3057640111648,ミネラルウォーターケース ５００ｍｌＸ２４ ,24
'3068320111360,エビアン ５００ｍｌ ,'3068320111377,エビアン ５００ｍｌＸ２４ ,24
'3068320116266,エビアン ７５０ｍｌ ,'3068320116273,エビアン ７５０ｍｌＸ１２ ,12
'3068320124650,エビアンジャパンボトル ５００ｍｌ ,'3068320124667,  ,24
'4001513009258,サッポロゲロルシュタイナー ５００ｍｌ ,'4001513102058,  ,24
'4001513009265,ゲロルシュタイナー　ペット ５００ｍｌ ,'4001513103451,ゲロルシュタイナー　ペット ５００ｍｌＸ２４ ,24
'4512671951230,りんごジュース ２００ｍｌ ,'4512671951254,りんごジュース ２００ｍｌＸ２０ ,20
'4512671951308,紅玉りんごゼリー １７０ｍｌ ,'4512671951315,紅玉りんごゼリー １７０ｍｌＸ２０ ,20
'4514603217216,三ツ矢サイダー １５００ｍｌ ,'4514603217209,三ツ矢サイダー １５００ｍｌ×８ ,8
'4514603217513,三ツ矢サイダー ５００ｍｌ ,'4514603217506,三ツ矢サイダー ５００ｍｌ×２４ ,24
'4514603217612,三ツ矢サイダー ２５０ｍｌ ,'4514603217605,三ツ矢サイダー ２５０ｍｌ×３０ ,30
'4514603217810,三ツ矢サイダー １６０ｍｌ ,'4514603217803,三ツ矢サイダー １６０ｍｌ×３０ ,30
'4514603238112,ウィルキンソンジンジャエール ５００ｍｌ ,'4514603238105,ウィルキンソンジンジャエール ５００ｍｌ×２４ ,24
'4514603241112,十六茶 ２４５ｇ ,'4514603241105,十六茶 ２４５ｇ×３０ ,30
'4514603244113,ウィルキンソンタンサン ２５０ｍｌ ,'4514603244106,ウィルキンソンタンサン ２５０ｍｌ×２０ ,20
'4514603244717,おいしい水富士山 ２０００ｍｌ ,'4514603244700,おいしい水富士山 ２０００ｍｌ×６ ,6
'4514603263213,三ツ矢サイダー ５００ｍｌ ,'4514603263206,三ツ矢サイダー ５００ｍｌＸ２４ ,24
'4514603284317,ワンダモーニングショット １８５ｇ ,'4514603284324,ワンダモーニングショット １８５ｇＸ６ ,6
'4514603284317,ワンダモーニングショット １８５ｇ ,'4514603284102,ワンダモーニングショット １８５ｇＸ６Ｘ５ ,30
'4514603298512,シークワーサー四季柑１００％ ５００ｍｌ ,'4514603298505,シークワーサー入り四季柑 ５００ｍｌｘ２４ ,24
'4514603301212,ウィルキンソンクリアジンジャ ５００ｍｌ ,'4514603301205,  ,24
'4514603306514,三ツ矢サイダー ３００ｍｌ ,'4514603306507,三ツ矢サイダー ３００ｍｌＸ２４ ,24
'4514603307818,食事の脂にこの１杯。 ２０００ｍｌ ,'4514603307801,食事の脂にこの１杯。 ２０００ｍｌＸ６ ,6
'4514603309119,ドトールカフェオレ ５００ｍｌ ,'4514603309102,  ,24
'4514603315714,ウィルキンソンオレンジ ５００ｍｌ ,'4514603315707,ウィルキンソンオレンジ ５００ｍｌＸ２４ ,24
'4514603325812,ウィルキンソンタンサン ５００ｍｌ ,'4514603325805,ウィルキンソンタンサン ５００ｍｌＸ２４ ,24
'4514603326017,ウィルキンソンタンサン １０００ｍｌ ,'4514603326000,ウィルキンソンタンサン １０００ｍｌＸ１２ ,12
'4514603326512,おいしい水富士山 ６００ｍｌ ,'4514603326505,おいしい水富士山 ６００ｍｌＸ２４ ,24
'4514603326710,富士山のバナジウム天然水 ２０００ｍｌ ,'4514603326703,富士山のバナジウム天然水 ２０００ｍｌＸ６ ,6
'4514603327212,富士山のバナジウム天然水 ３５０ｍｌ ,'4514603327205,富士山のバナジウム天然水 ３５０ｍｌＸ２４ ,24
'4514603327618,バヤリースすっきりオレンジ ２４５ｇ ,'4514603327601,バヤリースすっきりオレンジ ２４５ｇＸ３０ ,30
'4514603328011,バヤリースオレンジ １５００ｍｌ ,'4514603328004,  ,8
'4514603328318,バヤリースアップル １５００ｍｌ ,'4514603328301,バヤリースアップル １５００ｍｌＸ８ ,8
'4514603328714,三ツ矢サイダーＺＥＲＯ ２５０ｍｌ ,'4514603328707,三ツ矢サイダーＺＥＲＯ ２５０ｍｌＸ２０ ,20
'4514603342116,沖縄バヤリースグァバ ５００ｍｌ ,'4514603342109,バヤリースグァバケース ５００ｍｌＸ２４ ,24
'4514603342215,沖縄バヤリースマンゴー ５００ｍｌ ,'4514603342208,バヤリースマンゴーケース ５００ｍｌＸ２４ ,24
'4514603345117,ワンダ極微糖 ３７０ｇ ,'4514603345100,ワンダ極微糖 ３７０ｇＸ２４ ,24
'4514603346619,富士山のバナジウム天然水 ６００ｍｌ ,'4514603346602,富士山のバナジウム天然水 ６００ｍｌｘ２４ ,24
'4514603347210,三ツ矢サイダーゼロストロング １５００ｍｌ ,'4514603347203,三ツ矢サイダーゼロストロング １５００ｍｌＸ８ ,8
'4514603347418,ウィルキンソンタンサンレモン ５００ｍｌ ,'4514603347401,ウィルキンソンタンサンレモン ５００ｍｌｘ２４ ,24
'4514603356311,三ツ矢さわやかレモン ２５０ｍｌ ,'4514603356304,三ツ矢さわやかレモン ２５０ｍｌＸ２０ ,20
'4514603360912,ワンダ金の微糖 １８５ｇ ,'4514603360820,ワンダ金の微糖 １８５ｇｘ６ ,6
'4514603360912,ワンダ金の微糖 １８５ｇ ,'4514603360806,ワンダ金の微糖 １８５ｇｘ６ｘ５ ,30
'4514603361315,三ツ矢サイダーゼロストロング ５００ｍｌ ,'4514603361308,三ツ矢サイダーゼロストロング ５００ｍｌｘ２４ ,24
'4514603362510,ドデカミン ５００ｍｌ ,'4514603362503,  ,24
'4514603362619,ワンダ極特濃カフェオレ ３７０ｇ ,'4514603362602,ワンダ極特濃カフェオレ ３７０ｇｘ２４ ,24
'4514603365313,十六茶 ６３０ｍｌ ,'4514603365306,十六茶 ６３０ｍｌｘ２４ ,24
'4514603366914,ウィルキンソンエクストラ ４９０ｍｌ ,'4514603366907,ウィルキンソンエクストラ ４９０ｍｌＸ２４ ,24
'4514603368628,ウィルキンソンタンサン ５００ｍｌｘ５ ,'4514603368604,ウィルキンソンタンサン ５００ｍｌｘ５ｘ４ ,4
'4514603369311,ウィルキンソングレフル ５００ｍｌ ,'4514603369304,  ,24
'4514603373011,バヤリースオレンジ１００ １．５Ｌ ,'4514603373004,バヤリースオレンジ１００ １．５ＬＸ８ ,8
'4514603373110,バヤリースアップル１００ １．５Ｌ ,'4514603373103,バヤリースアップル１００ １．５ＬＸ８ ,8
'4514603376616,ワンダブラック １８５ｇ ,'4514603376722,ワンダブラック １８５ｇＸ６ ,6
'4514603376616,ワンダブラック １８５ｇ ,'4514603376708,ワンダブラック １８５ｇＸ６Ｘ５ ,30
'4514603377019,十六茶 ２０００ｍｌ ,'4514603377002,十六茶 ２０００ｍｌＸ６ ,6
'4514603377811,ワンダ極ブラック ２８５ｇ ,'4514603377804,ワンダ極ブラック ２８５ｇＸ２４ ,24
'4514603377910,ワンダ極ブラック ４００ｇ ,'4514603377903,ワンダ極ブラック ４００ｇＸ２４ ,24
'4514603378313,三ツ矢レモネード ４５０ｍｌ ,'4514603378306,三ツ矢レモネード ４５０ｍｌＸ２４ ,24
'4514603379013,ワンダ極カフェオレ ２６０ｇ ,'4514603379006,ワンダ極カフェオレ ２６０ｇＸ２４ ,24
'4514603379716,沖縄バヤリースシークワサー ５００ｍｌ ,'4514603379709,沖縄バヤリースシークワサー ５００ｍｌｘ２４ ,24
'4514603381818,沖縄バヤーリース石垣島パイン ５００ｍｌ ,'4514603381801,沖縄バヤーリース石垣島パイン ５００ｍｌｘ２４ ,24
'4514603384314,ドデカミンパワーレモン ５００ｍｌ ,'4514603384307,  ,24
'4514603384918,三ツ矢ジンジャー ５００ｍｌ ,'4514603384901,  ,24
'4514603385717,ワンダ炎の焙煎 １８５ｇ ,'4514603385700,ワンダ炎の焙煎 １８５ｇＸ３０ ,24
'4514603388619,三ツ矢とろけるもも ５００ｍｌ ,'4514603388602,  ,24
'4514603388718,三ツ矢とろけるもも １５００ｍｌ ,'4514603388701,  ,8
'4514603389913,ウィルキンソンＧＦ ５００ｍｌ ,'4514603389906,ウィルキンソンＧＦ ５００ｍｌＸ２４ ,24
'4514603390216,三ツ矢梅 １５００ｍｌ ,'4514603390209,  ,8
'4514603390414,三ツ矢サイダーダブル ４８５ｍｌ ,'4514603390407,三ツ矢サイダーダブル ４８５ｍｌＸ２４ ,24
'4514603390513,沖縄バヤリースオレンジ ５００ｍｌ ,'4514603390506,沖縄バヤリースオレンジ（ケース） ５００ｍｌｘ２４ ,24
'4514603390810,三ツ矢特濃オレンジ ５００ｍｌ ,'4514603390803,三ツ矢特濃オレンジ ５００ｍｌＸ２４ ,24
'4514603391114,十六茶 ６３０ｍｌ ,'4514603391107,十六茶 ６３０ｍｌＸ２４ ,24
'4514603391510,Ｗタンサンレモン １０００ｍｌ ,'4514603391503,Ｗタンサンレモン １０００ｍｌＸ１２ ,12
'4514603391718,ワンダ極甘くないラテ ３７０ｇ ,'4514603391701,ワンダ極甘くないラテ ３７０ｇＸ２４ ,24
'4514603391916,エックスビターブラック ２４５ｇ ,'4514603391909,エックスビターブラック ２４５ｇＸ３０ ,30
'4514603392319,ドトールカフェオレ ４８０ｍｌ ,'4514603392302,ドトールカフェオレ ４８０ｍｌＸ２４ ,24
'4514603392517,十六茶麦茶 ２０００ｍｌ ,'4514603392500,十六茶麦茶 ２０００ｍｌＸ６ ,6
'4514603392616,十六茶麦茶 ６６０ｍｌ ,'4514603392609,十六茶麦茶 ６６０ｍｌＸ２４ ,24
'4514603392913,Ｗタンサンピールライム ４９０ｍｌ ,'4514603392906,Ｗタンサンピールライム ４９０ｍｌＸ２４ ,24
'4514603393415,十六茶プラス ２０００ｍｌ ,'4514603393408,十六茶プラス ２０００ｍｌＸ６ ,6
'4514603393514,十六茶プラス ６３０ｍｌ ,'4514603393507,十六茶プラス ６３０ｍｌＸ２４ ,24
'4514603396317,ウィルキンソンピーチ ５００ｍｌ ,'4514603396300,ウィルキンソンピーチ ５００ｍｌＸ２４ ,24
'4514603397413,ウィルキンソンマスカット ５００ｍｌ ,'4514603397406,ウィルキンソンマスカット ５００ｍｌＸ２４ ,24
'4514603397512,十六茶やすらぎ ５００ｍｌ ,'4514603397505,  ,24
'4514603397710,特産三ツ矢巨峰 ４６０ｍｌ ,'4514603397703,  ,24
'4514603398212,三ツ矢特製レモネード ４５０ｍｌ ,'4514603398205,  ,24
'4514603398311,ドデカミンエナジーフロート ５００ｍｌ ,'4514603398304,  ,24
'4514603398816,十六茶ジャスミン ６３０ｍｌ ,'4514603398809,  ,24
'4514603399516,三ツ矢リフレッシュ ５００ｍｌ ,'4514603399509,  ,24
'4514603399714,三ツ矢フルーツパンチ ５００ｍｌ ,'4514603399707,  ,24
'4514603399813,三ツ矢フルーツパンチ １５００ｍｌ ,'4514603399806,  ,8
'4514603399912,特産三ツ矢あまおう ４６０ｍｌ ,'4514603399905,  ,24
'4514603400113,三ツ矢メロン ５００ｍｌ ,'4514603400106,  ,24
'4514603400311,ワンダ濃いめ １６５ｇ ,'4514603400304,  ,30
'4514603400618,三ツ矢プラム ５００ｍｌ ,'4514603400601,  ,24
'4514603400717,ウィルキンソンエクストラ ５００ｍｌ ,'4514603400700,ウィルキンソンエクストラ ５００ｍｌＸ２４ ,24
'4514603400816,三ツ矢ぜいたく桃 ５００ｍｌ ,'4514603400809,三ツ矢ぜいたく桃 ５００ｍｌＸ２４ ,24
'4514603400915,三ツ矢ぜいたく桃 １５００ｍｌ ,'4514603400908,三ツ矢ぜいたく桃 １５００ｍｌＸ８ ,8
'4514603401219,十六茶 ６３０ｍｌ ,'4514603401202,十六茶 ６３０ｍｌＸ２４ ,24
'4514603401417,三ツ矢しらぬい ４５０ｍｌ ,'4514603401400,  ,24
'4514603401912,三ツ矢梅 ５００ｍｌ ,'4514603401905,三ツ矢梅 ５００ｍｌＸ２４ ,24
'4514603402018,三ツ矢梅 １５００ｍｌ ,'4514603402001,三ツ矢梅 １５００ｍｌＸ８ ,8
'4514603402216,バヤリースオレンジ ４７０ｍｌ ,'4514603402209,バヤリースオレンジ ４７０ｍｌＸ２４ ,24
'4514603402315,バヤリースオレンジ １５００ｍｌ ,'4514603402308,バヤリースオレンジ １５００ｍｌＸ８ ,8
'4514603402513,ワンダ極糖類ゼロ ３７０ｇ ,'4514603402506,ワンダ極糖類ゼロ ３７０ｇＸ２４ ,24
'4514603402612,十六茶麦茶 ６６０ｍｌ ,'4514603402605,十六茶麦茶 ６６０ｍｌＸ２４ ,24
'4514603402810,三ツ矢サイダーレモラ ５００ｍｌ ,'4514603402803,三ツ矢サイダーレモラ ５００ｍｌＸ２４ ,24
'4514603402919,三ツ矢サイダーレモラ １５００ｍｌ ,'4514603402902,三ツ矢サイダーレモラ １５００ｍｌＸ８ ,8
'4514603403312,ドトール塩キャラメル ４８０ｍｌ ,'4514603403305,ドトール塩キャラメル ４８０ｍｌＸ２４ ,24
'4514603403510,ウィルキンソンＧＦ ５００ｍｌ ,'4514603403503,ウィルキンソンＧＦ ５００ｍｌＸ２４ ,24
'4514603403817,特濃オレンジスカッシュ ５００ｍｌ ,'4514603403800,特濃オレンジスカッシュ ５００ｍｌＸ２４ ,24
'4514603404418,三ツ矢フローズン １５５ｇ ,'4514603404425,三ツ矢フローズン １５５ｇＸ６ ,6
'4514603404418,三ツ矢フローズン １５５ｇ ,'4514603404401,  ,30
'4514603404814,ワンダ珈琲ゼリー ２６０ｇ ,'4514603404807,  ,24
'4514603405019,ドデカミン ５００ｍｌ ,'4514603405002,ドデカミン ５００ｍｌＸ２４ ,24
'4514603405415,ウィルキンソンウメ ５００ｍｌ ,'4514603405408,ウィルキンソンウメ ５００ｍｌＸ２４ ,24
'4514603405712,十六茶 ２０００ｍｌ ,'4514603405705,十六茶 ２０００ｍｌＸ６ ,6
'4514603406016,クラフトオレンジティー ２８０ｍｌ ,'4514603406009,  ,24
'4514603406115,三ツ矢ハチレモ ５００ｍｌ ,'4514603406108,三ツ矢ハチレモ ５００ｍｌＸ２４ ,24
'4514603406313,ＷＫレモンライム ５００ｍｌ ,'4514603406306,ＷＫレモンライム ５００ｍｌＸ２４ ,24
'4514603407013,三ツ矢グリーンレモン ５００ｍｌ ,'4514603407006,三ツ矢グリーンレモン ５００ｍｌＸ２４ ,24
'4514603407525,三ツ矢サイダー４本 ５００ｍｌＸ４ ,'4514603407501,三ツ矢サイダー４本 ５００ｍｌＸ４Ｘ６ ,6
'4514603407716,三ツ矢巨峰 ４５０ｍｌ ,'4514603407709,三ツ矢巨峰 ４５０ｍｌＸ２４ ,24
'4514603407815,十六茶旬素材 ６３０ｍｌ ,'4514603407808,十六茶旬素材 ６３０ｍｌＸ２４ ,24
'4514603408614,三ツ矢クリスタルＣ ５００ｍｌ ,'4514603408607,三ツ矢クリスタルＣ ５００ｍｌＸ２４ ,24
'4514603409116,三ツ矢ソルティ ５００ｍｌ ,'4514603409109,三ツ矢ソルティ ５００ｍｌＸ２４ ,24
'4514603409819,三ツ矢ラズベリー ５００ｍｌ ,'4514603409802,三ツ矢ラズベリー ５００ｍｌＸ２４ ,24
'4514603409918,三ツ矢つがる ４５０ｍｌ ,'4514603409901,三ツ矢つがる ４５０ｍｌＸ２４ ,24
'4514603410013,バヤクラシックＳＰ ４３０ｍｌ ,'4514603410006,バヤクラシックＳＰ ４３０ｍｌＸ２４ ,24
'4514603410112,三ツ矢特濃レモン ５００ｍｌ ,'4514603410105,三ツ矢特濃レモン ５００ｍｌＸ２４ ,24
'4514603410419,ドトールほうじ茶ラテ ４８０ｍｌ ,'4514603410402,ドトールほうじ茶ラテ ４８０ｍｌＸ２４ ,24
'4514603410518,ぎゅっと濃い十六茶 ６３０ｍｌ ,'4514603410501,ぎゅっと濃い十六茶 ６３０ｍｌＸ２４ ,24
'4514603410617,モーニングブラック １８５ｇ ,'4514603410600,モーニングブラック １８５ｇＸ３０ ,30
'4514603410723,モーニングブラック １８５ｇＸ６ ,'4514603410709,モーニングブラック １８５ｇＸ６Ｘ５ ,5
'4514603411218,三ツ矢特製メロン ４５０ｍｌ ,'4514603411201,三ツ矢特製メロン ４５０ｍｌＸ２４ ,24
'4514603411614,三ツ矢にほんくだものゆず ４５０ｍｌ ,'4514603411607,三ツ矢にほんくだものゆず ４５０ｍｌＸ２４ ,24
'4514603411713,ドデカミンＰＩＮＫ ５００ｍｌ ,'4514603411706,ドデカミンＰＩＮＫ ５００ｍｌＸ２４ ,24
'4514603412116,三ツ矢シトラスイエロー ５００ｍｌ ,'4514603412109,三ツ矢シトラスイエロー ５００ｍｌＸ２４ ,24
'4514603413410,三ツ矢フルーツパンチ ５００ｍｌ ,'4514603413403,三ツ矢フルーツパンチ ５００ｍｌＸ２４ ,24
'4514603413519,三ツ矢特濃ライムミックス ５００ｍｌ ,'4514603413502,三ツ矢特濃ライムミックス ５００ｍｌＸ２４ ,24
'4514603414417,三ツ矢皮ごとレモン ４５０ｍｌ ,'4514603414400,三ツ矢皮ごとレモン ４５０ｍｌＸ２４ ,24
'4514603415117,三ツ矢フルーツグレフル ５００ｍｌ ,'4514603415100,三ツ矢フルーツグレフル ５００ｍｌＸ２４ ,24
'4514603416312,三ツ矢梅 ５００ｍｌ ,'4514603416305,三ツ矢梅 ５００ｍｌＸ２４ ,24
'4514603416411,三ツ矢梅 １５００ｍｌ ,'4514603416404,三ツ矢梅 １５００ｍｌＸ８ ,8
'4514603416510,ドトールカフェオレ ４８０ｍｌ ,'4514603416503,ドトールカフェオレ ４８０ｍｌＸ２４ ,24
'4514603416619,ドトールブラック ４８０ｍｌ ,'4514603416602,ドトールブラック ４８０ｍｌＸ２４ ,24
'4514603416718,ウィルキンソンウメ ５００ｍｌ ,'4514603416701,ウィルキンソンウメ ５００ｍｌＸ２４ ,24
'4514603416916,バヤリースオレンジ ４７０ｍｌ ,'4514603416909,  ,24
'4514603417319,三ツ矢クラフトコーラ ５００ｍｌ ,'4514603417302,三ツ矢クラフトコーラ ５００ｍｌＸ２４ ,24
'4514603417616,三ツ矢完熟もも ５００ｍｌ ,'4514603417609,三ツ矢完熟もも ５００ｍｌＸ２４ ,24
'4514603417715,三ツ矢完熟もも １５００ｍｌ ,'4514603417708,三ツ矢完熟もも １５００ｍｌＸ８ ,8
'4514603417814,ウィルキンソンレモンジンジャ ４５０ｍｌ ,'4514603417807,ウィルキンソンレモンジンジャ ４５０ｍｌＸ２４ ,24
'4514603418019,三ツ矢ジョナゴールド ４６０ｍｌ ,'4514603418002,三ツ矢ジョナゴールド ４６０ｍｌＸ２４ ,24
'4514603418118,Ｗクラッシュグレフル ５００ｍｌ ,'4514603418101,Ｗクラッシュグレフル ５００ｍｌＸ２４ ,24
'4514603418316,三ツ矢特濃オレンジ ５００ｍｌ ,'4514603418309,三ツ矢特濃オレンジ ５００ｍｌＸ２４ ,24
'4514603418415,十六茶 ６３０ｍｌ ,'4514603418408,十六茶 ６３０ｍｌＸ２４ ,24
'4514603418811,十六茶麦茶 ６６０ｍｌ ,'4514603418804,十六茶麦茶 ６６０ｍｌＸ２４ ,24
'4514603418910,三ツ矢サイダーレモラ ５００ｍｌ ,'4514603418903,三ツ矢サイダーレモラ ５００ｍｌＸ２４ ,24
'4514603419016,三ツ矢サイダーレモラ １５００ｍｌ ,'4514603419009,三ツ矢サイダーレモラ １５００ｍｌＸ８ ,8
'4514603419917,十六茶糖と脂肪 ６３０ｍｌ ,'4514603419900,十六茶糖と脂肪 ６３０ｍｌＸ２４ ,24
'4514603420012,十六茶糖と脂肪 ２０００ｍｌ ,'4514603420005,十六茶糖と脂肪 ２０００ｍｌＸ６ ,6
'4514603420111,三ツ矢肥後グリーン ４６０ｍｌ ,'4514603420104,三ツ矢肥後グリーン ４６０ｍｌＸ２４ ,24
'4514603420418,和紅茶無糖ＳＴ ５００ｍｌ ,'4514603420401,和紅茶無糖ＳＴ ５００ｍｌＸ２４ ,24
'4514603420715,ウィルキンソンオレンジ ５００ｍｌ ,'4514603420708,ウィルキンソンオレンジ ５００ｍｌＸ２４ ,24
'4514603420814,三ツ矢微糖炭酸水レモン ４９０ｍｌ ,'4514603420807,三ツ矢微糖炭酸水レモン ４９０ｍｌＸ２４ ,24
'4514603421811,三ツ矢ソルティグレフル ５００ｍｌ ,'4514603421804,三ツ矢ソルティグレフル ５００ｍｌＸ２４ ,24
'4514603421910,三ツ矢ミントライム ５００ｍｌ ,'4514603421903,三ツ矢ミントライム ５００ｍｌＸ２４ ,24
'4514603422610,ドデカミンミニ ２５０ｍｌ ,'4514603422603,ドデカミンミニ ２５０ｍｌＸ３０ ,30
'4514603422719,ドデカミン ５００ｍｌ ,'4514603422702,ドデカミン ５００ｍｌＸ２４ ,24
'4514603422818,ソルティーシークワーサー ５００ｍｌ ,'4514603422801,ソルティーシークワーサーケース ５００ｍｌＸ２４ ,24
'4514603423310,三ツ矢日田の梨 ４６０ｍｌ ,'4514603423303,三ツ矢日田の梨 ４６０ｍｌＸ２４ ,24
'4514603423419,ウィルキンソンゼロコーラ ５００ｍｌ ,'4514603423402,ウィルキンソンゼロコーラ ５００ｍｌＸ２４ ,24
'4514603423815,十六茶ミネラル ６６０ｍｌ ,'4514603423808,  ,24
'4514603424218,三ツ矢ストロングレモン ５７０ｍｌ ,'4514603424201,三ツ矢ストロングレモン ５７０ｍｌＸ２４ ,24
'4514603424317,Ｈ２ＯＸドデカミン ６００ｍｌ ,'4514603424300,  ,24
'4514603424812,ウィルキンソンパイン ５００ｍｌ ,'4514603424805,ウィルキンソンパイン ５００ｍｌＸ２４ ,24
'4514603425017,Ｗグリーンアップル ４５０ｍｌ ,'4514603425000,Ｗグリーンアップル ４５０ｍｌＸ２４ ,24
'4514603425413,三ツ矢アセロラ ５００ｍｌ ,'4514603425406,三ツ矢アセロラ ５００ｍｌＸ２４ ,24
'4514603425512,三ツ矢クラシック ５００ｍｌ ,'4514603425505,三ツ矢クラシック ５００ｍｌＸ２４ ,24
'4514603426311,おいしい水レモングラス ５００ｍｌ ,'4514603426304,おいしい水レモングラス ５００ｍｌＸ２４ ,24
'4514603426410,三ツ矢特濃ピングレ ５００ｍｌ ,'4514603426403,三ツ矢特濃ピングレ ５００ｍｌＸ２４ ,24
'4514603426618,三ツ矢微糖Ｇアップル ４９０ｍｌ ,'4514603426601,三ツ矢微糖Ｇアップル ４９０ｍｌＸ２４ ,24
'4514603427011,三ツ矢濃密りんご ５００ｍｌ ,'4514603427004,三ツ矢濃密りんご ５００ｍｌＸ２４ ,24
'4514603427318,濃い十六茶 ６３０ｍｌ ,'4514603427301,濃い十六茶 ６３０ｍｌＸ２４ ,24
'4514603427417,三ツ矢クラフトジンジャ ５００ｍｌ ,'4514603427400,三ツ矢クラフトジンジャ ５００ｍｌＸ２４ ,24
'4514603427516,和紅茶Ｆリーフ ５００ｍｌ ,'4514603427509,和紅茶Ｆリーフ ５００ｍｌＸ２４ ,24
'4514603427714,ＷＫエクストラ ４９０ｍｌ ,'4514603427707,ＷＫエクストラ ４９０ｍｌＸ２４ ,24
'4514603427813,ＷＫクラッシュマスカット ５００ｍｌ ,'4514603427806,ＷＫクラッシュマスカット ５００ｍｌＸ２４ ,24
'4514603427912,三ツ矢フルーツパンチ ５００ｍｌ ,'4514603427905,三ツ矢フルーツパンチ ５００ｍｌＸ２４ ,24
'4514603428025,三ツ矢特濃オレ４本 ５００ｍｌＸ４ ,'4514603428001,三ツ矢特濃オレ４本 ５００ｍｌＸ４Ｘ６ ,6
'4514603428124,三ツ矢４本 ５００ｍｌＸ４ ,'4514603428100,三ツ矢４本 ５００ｍｌＸ４Ｘ６ ,6
'4514603428216,三ツ矢クラフトコーラ ５００ｍｌ ,'4514603428209,三ツ矢クラフトコーラ ５００ｍｌＸ２４ ,24
'4514603428315,和紅茶無糖 ５００ｍｌ ,'4514603428308,和紅茶無糖 ５００ｍｌＸ２４ ,24
'4514603428513,三ツ矢はれひめ ４６０ｍｌ ,'4514603428506,三ツ矢はれひめ ４６０ｍｌＸ２４ ,24
'4514603429213,スマートカルシウム ５００ｍｌ ,'4514603429206,スマートカルシウム ５００ｍｌＸ２４ ,24
'4514603429312,黒豆黒茶 ５００ｍｌ ,'4514603429305,黒豆黒茶 ５００ｍｌＸ２４ ,24
'4514603429411,おいしい水白湯 ３４０ｍｌ ,'4514603429404,おいしい水白湯 ３４０ｍｌＸ２４ ,24
'4514603429510,特濃ハニーレモンスカッシュ ５００ｍｌ ,'4514603429503,特濃ハニーレモンスカッシュ ５００ｍｌＸ２４ ,24
'4514603429619,三ツ矢オレンジ＆カシス ５００ｍｌ ,'4514603429602,三ツ矢オレンジ＆カシス ５００ｍｌＸ２４ ,24
'4514603430011,三ツ矢芳醇メロンソーダ ５００ｍｌ ,'4514603430004,三ツ矢芳醇メロンソーダ ５００ｍｌＸ２４ ,24
'4514603430318,ＷＫピーチウーロン ４５０ｍｌ ,'4514603430301,ＷＫピーチウーロン ４５０ｍｌＸ２４ ,24
'4514603430417,三ツ矢特濃ピーチスカッシュ ５００ｍｌ ,'4514603430400,三ツ矢特濃ピーチスカッシュ ５００ｍｌＸ２４ ,24
'4514603430516,三ツ矢特濃ピーチスカッシュ １５００ｍｌ ,'4514603430509,三ツ矢特濃ピーチスカッシュ １５００ｍｌＸ８ ,8
'4514603431018,バヤリースオレンジ ４７０ｍｌ ,'4514603431001,バヤリースオレンジ ４７０ｍｌＸ２４ ,24
'4514603431117,ウィルキンソンタンサンウメ ５００ｍｌ ,'4514603431100,ウィルキンソンタンサンウメ ５００ｍｌＸ２４ ,24
'4514603431315,日本くだものがたり南高梅 ４５０ｍｌ ,'4514603431308,日本くだものがたり南高梅 ４５０ｍｌＸ２４ ,24
'4514603431414,三ツ矢サイダーゼロストロング ５００ｍｌ ,'4514603431407,三ツ矢サイダーゼロストロング ５００ｍｌＸ２４ ,24
'4514603431810,颯 ６２０ｍｌ ,'4514603431803,颯 ６２０ｍｌＸ２４ ,24
'4514603431919,三ツ矢特濃オレンジスカッシュ ５００ｍｌ ,'4514603431902,三ツ矢特濃オレンジスカッシュ ５００ｍｌＸ２４ ,24
'4514603432411,三ツ矢サイダーレモラ ５００ｍｌ ,'4514603432404,三ツ矢サイダーレモラ ５００ｍｌＸ２４ ,24
'4514603432718,颯 ２０００ｍｌ ,'4514603432701,颯 ２０００ｍｌＸ６ ,6
'4514603433012,三ツ矢サイダーゼロストロング １５００ｍｌ ,'4514603433005,三ツ矢サイダーゼロストロング １５００ｍｌＸ８ ,8
'4514603433111,十六茶 ６３０ｍｌ ,'4514603433104,十六茶 ６３０ｍｌＸ２４ ,24
'4514603433517,十六茶麦茶 ６６０ｍｌ ,'4514603433500,十六茶麦茶 ６６０ｍｌＸ２４ ,24
'4514603433913,三ツ矢クラフトコーラ ５００ｍｌ ,'4514603433906,三ツ矢クラフトコーラ ５００ｍｌＸ２４ ,24
'4514603434217,ＷＫアップルトニック ３５０ｍｌ ,'4514603434200,  ,24
'4514603434316,ＷＫレモンジンジャ ３５０ｍｌ ,'4514603434309,ＷＫレモンジンジャ ３５０ｍｌＸ２４ ,24
'4514603434712,三ツ矢特濃グレープ ５００ｍｌ ,'4514603434705,三ツ矢特濃グレープ ５００ｍｌＸ２４ ,24
'4514603434811,十六茶と３種のいいこと ２０００ｍｌ ,'4514603434804,十六茶と３種のいいこと ２０００ｍｌＸ６ ,6
'4514603434910,十六茶と３種のいいこと ６３０ｍｌ ,'4514603434903,十六茶と３種のいいこと ６３０ｍｌＸ２４ ,24
'4514603435016,ＷＫファイバー ４９０ｍｌ ,'4514603435009,ＷＫファイバー ４９０ｍｌＸ２４ ,24
'4514603435115,和紅茶 ５００ｍｌ ,'4514603435108,和紅茶 ５００ｍｌＸ２４ ,24
'4514603435818,ドデカミン ５００ｍｌ ,'4514603435801,ドデカミン ５００ｍｌＸ２４ ,24
'4514603435917,三ツ矢すきっと果実 ５００ｍｌ ,'4514603435900,三ツ矢すきっと果実 ５００ｍｌＸ２４ ,24
'4514603436013,ＷＫクラッシュグレフル ５００ｍｌ ,'4514603436006,ＷＫクラッシュグレフル ５００ｍｌＸ２４ ,24
'4514603436211,三ツ矢フルーツリッチプラス ５００ｍｌ ,'4514603436204,三ツ矢フルーツリッチプラス ５００ｍｌＸ２４ ,24
'4514603437119,ＷＫゼロコーラ ５００ｍｌ ,'4514603437102,ＷＫゼロコーラ ５００ｍｌＸ２４ ,24
'4514603437317,三ツ矢やんばるパイン ４５０ｍｌ ,'4514603437300,三ツ矢やんばるパイン ４５０ｍｌＸ２４ ,24
'4514603437515,十六茶金のブレンド ６３０ｍｌ ,'4514603437508,十六茶金のブレンド ６３０ｍｌＸ２４ ,24
'4514603437812,ＷＫビタミンＣ ４９０ｍｌ ,'4514603437805,ＷＫビタミンＣ ４９０ｍｌＸ２４ ,24
'4514603438116,三ツ矢ストロングレモン ５７０ｍｌ ,'4514603438109,三ツ矢ストロングレモン ５７０ｍｌＸ２４ ,24
'4514603439014,三ツ矢ルビーレモネード ５００ｍｌ ,'4514603439007,三ツ矢ルビーレモネード ５００ｍｌＸ２４ ,24
'4514603439212,バヤリースピールレモン ４７０ｍｌ ,'4514603439205,バヤリースピールレモン ４７０ｍｌＸ２４ ,24
'4514603439311,ＷＫクラッシュピーチ ５００ｍｌ ,'4514603439304,ＷＫクラッシュピーチ ５００ｍｌＸ２４ ,24
'4514603439618,三ツ矢特濃メロンスカッシュ ５００ｍｌ ,'4514603439601,三ツ矢特濃メロンスカッシュ ５００ｍｌＸ２４ ,24
'4514603439717,三ツ矢クラシック１９７０ ５００ｍｌ ,'4514603439700,三ツ矢クラシック１９７０ ５００ｍｌＸ２４ ,24
'4514603439816,和紅茶無糖ストレート香る白桃 ５００ｍｌ ,'4514603439809,和紅茶無糖ストレート香る白桃 ５００ｍｌＸ２４ ,24
'4514603440317,ＷＫライチ＆トニック ３５０ｍｌ ,'4514603440300,ＷＫライチ＆トニック ３５０ｍｌＸ２４ ,24
'4514603440416,スーパーＨ２Ｏドデカミン ６００ｍｌ ,'4514603440409,スーパーＨ２Ｏドデカミン ６００ｍｌＸ２４ ,24
'4514603440911,三ツ矢日本くだもの黄金桃 ４５０ｍｌ ,'4514603440904,三ツ矢日本くだもの黄金桃 ４５０ｍｌＸ２４ ,24
'4514603441314,三ツ矢特濃アップルスカッシュ ５００ｍｌ ,'4514603441307,三ツ矢特濃アップルスカッシュ ５００ｍｌＸ２４ ,24
'4514603441512,三ツ矢とろっと洋梨 ５００ｍｌ ,'4514603441505,三ツ矢とろっと洋梨 ５００ｍｌＸ２４ ,24
'4514603441611,三ツ矢フルーツリッチＧＡＢＡ ５００ｍｌ ,'4514603441604,三ツ矢フルーツリッチＧＡＢＡ ５００ｍｌＸ２４ ,24
'4514603441918,三ツ矢地中海ブラッドオレンジ ５００ｍｌ ,'4514603441901,三ツ矢地中海ブラッドオレンジ ５００ｍｌＸ２４ ,24
'4514603442212,バンホーテンココア ４７０ｍｌ ,'4514603442205,バンホーテンココア ４７０ｍｌＸ２４ ,24
'4514603442618,沖縄バヤリース石垣島パイン ５００ｍｌ ,'4514603442601,石垣島パイン ５００ｍｌＸ２４ ,24
'4514603442717,三ツ矢フルーツスパークリング ５００ｍｌ ,'4514603442700,三ツ矢フルーツスパークリング ５００ｍｌＸ２４ ,24
'4514603442816,ウィルキンソングレープ ５００ｍｌ ,'4514603442809,ウィルキンソングレープ ５００ｍｌＸ２４ ,24
'4514603443011,ドトールハニーカフェ・オ・レ ４８０ｍｌ ,'4514603443004,ドトールハニーカフェ・オ・レ ４８０ｍｌＸ２４ ,24
'4514603443110,香るブレンドハーブティー ６３０ｍｌ ,'4514603443103,香るブレンドハーブティー ６３０ｍｌＸ２４ ,24
'4514603443615,三ツ矢はちみつレモン濃いめ ５００ｍｌ ,'4514603443608,三ツ矢はちみつレモン濃いめ ５００ｍｌＸ２４ ,24
'4514603443813,三ツ矢特濃マスカット ５００ｍｌ ,'4514603443806,三ツ矢特濃マスカット ５００ｍｌＸ２４ ,24
'4514603444513,三ツ矢ゆずジンジャー ５００ｍｌ ,'4514603444506,三ツ矢ゆずジンジャー ５００ｍｌＸ２４ ,24
'4514603444612,三ツ矢とろっとマンゴー ５００ｍｌ ,'4514603444605,三ツ矢とろっとマンゴー ５００ｍｌＸ２４ ,24
'4514603444711,ワンダミルクコーヒー ４８０ｍｌ ,'4514603444704,ワンダミルクコーヒー ４８０ｍｌＸ２４ ,24
'4514603444810,ぎゅっと濃い十六茶 ６３０ｍｌ ,'4514603444803,ぎゅっと濃い十六茶 ６３０ｍｌＸ２４ ,24
'4514603444919,三ツ矢ＰＲＥＭＩＵＭ ５００ｍｌ ,'4514603444902,三ツ矢ＰＲＥＭＩＵＭ ５００ｍｌＸ２４ ,24
'4514603445015,三ツ矢特濃ピーチスカッシュ ５００ｍｌ ,'4514603445008,三ツ矢特濃ピーチスカッシュ ５００ｍｌＸ２４ ,24
'4514603445114,三ツ矢特濃ピーチスカッシュ １５００ｍｌ ,'4514603445107,三ツ矢特濃ピーチスカッシュ １５００ｍｌＸ８ ,8
'4514603445411,十六茶 ６３０ｍｌ ,'4514603445404,十六茶 ６３０ｍｌＸ２４ ,24
'4514603445510,ウィルキンソンウメ ５００ｍｌ ,'4514603445503,ウィルキンソンウメ ５００ｍｌＸ２４ ,24
'4514603445619,三ツ矢特濃オレンジスカッシュ ５００ｍｌ ,'4514603445602,三ツ矢特濃オレンジスカッシュ ５００ｍｌＸ２４ ,24
'4514603445817,ワンダコクの深味ブラック ４００ｇ ,'4514603445800,ワンダコクの深味ブラック ４００ｇＸ２４ ,24
'4514603446210,十六茶麦茶 ６６０ｍｌ ,'4514603446203,十六茶麦茶 ６６０ｍｌＸ２４ ,24
'4514603446715,三ツ矢免疫サポート ５００ｍｌ ,'4514603446708,三ツ矢免疫サポート ５００ｍｌＸ２４ ,24
'4514603447415,三ツ矢芳醇南高梅 ５００ｍｌ ,'4514603447408,三ツ矢芳醇南高梅 ５００ｍｌＸ２４ ,24
'4514603447514,三ツ矢サイダーＺＥＲＯ ５００ｍｌ ,'4514603447507,三ツ矢サイダーＺＥＲＯ ５００ｍｌＸ２４ ,24
'4514603447613,三ツ矢サイダーＺＥＲＯ １５００ｍｌ ,'4514603447606,三ツ矢サイダーＺＥＲＯ １５００ｍｌＸ８ ,8
'4514603447712,ＭＩＴＳＵＹＡ檸檬サイダー ５００ｍｌ ,'4514603447705,ＭＩＴＳＵＹＡ檸檬サイダー ５００ｍｌＸ２４ ,24
'4514603448115,ゼロしか勝たんドデカミン ５００ｍｌ ,'4514603448108,ゼロしか勝たんドデカミン ５００ｍｌＸ２４ ,24
'4514603448214,ドデカミン ５００ｍｌ ,'4514603448207,ドデカミン ５００ｍｌＸ２４ ,24
'4514603448511,ワンダコクの深味カフェオレ ３７０ｇ ,'4514603448504,ワンダコクの深味カフェオレ ３７０ｇＸ２４ ,24
'4514603448610,ワンダコクの深味カフェオレ ２６０ｇ ,'4514603448603,ワンダコクの深味カフェオレ ２６０ｇＸ２４ ,24
'4514603448719,ワンダコクの深味ブラック ２８５ｇ ,'4514603448702,ワンダコクの深味ブラック ２８５ｇＸ２４ ,24
'4514603448818,ワンダコクの深味微糖 ３７０ｇ ,'4514603448801,ワンダコクの深味微糖 ３７０ｇＸ２４ ,24
'4514603449013,ドライジンジャエール ５００ｍｌ ,'4514603449006,ドライジンジャエール ５００ｍｌＸ２４ ,24
'4514603449112,ジンジャエール ５００ｍｌ ,'4514603449105,ジンジャエール ５００ｍｌＸ２４ ,24
'4514603449211,ウィルキンソントニック ５００ｍｌ ,'4514603449204,ウィルキンソントニック ５００ｍｌＸ２４ ,24
'4514603449617,和紅茶無糖ストレート ５００ｍｌ ,'4514603449600,和紅茶無糖ストレート ５００ｍｌＸ２４ ,24
'4514603449716,三ツ矢メロンソーダ ５７０ｍｌ ,'4514603449709,三ツ矢メロンソーダ ５７０ｍｌＸ２４ ,24
'4514603449815,ウィルキンソンエクストラ ４９０ｍｌ ,'4514603449808,ウィルキンソンエクストラ ４９０ｍｌＸ２４ ,24
'4514603449914,颯 ６２０ｍｌ ,'4514603449907,颯 ６２０ｍｌＸ２４ ,24
'4514603450118,ウィルキンソンＧＯ ４９０ｍｌ ,'4514603450101,ウィルキンソンＧＯ ４９０ｍｌＸ２４ ,24
'4514603450217,三ツ矢特濃グレープスカッシュ ５００ｍｌ ,'4514603450200,三ツ矢特濃グレープスカッシュ ５００ｍｌＸ２４ ,24
'4514603451016,三ツ矢果実と野菜 ４３０ｍｌ ,'4514603451009,三ツ矢果実と野菜 ４３０ｍｌＸ２４ ,24
'4514603451412,バヤリースグァバ ５００ｍｌ ,'4514603451405,バヤリースグァバ（ケース） ５００ｍｌｘ２４ ,24
'4514603453812,三ツ矢トロピカルブレンド ５００ｍｌ ,'4514603453805,三ツ矢トロピカルブレンド ５００ｍｌＸ２４ ,24
'4514603454215,三ツ矢特濃パインスカッシュ ５００ｍｌ ,'4514603454208,三ツ矢特濃パインスカッシュ ５００ｍｌＸ２４ ,24
'4514603454314,ウィルキンソンＧＯマスカット ４９０ｍｌ ,'4514603454307,ウィルキンソンＧＯマスカット ４９０ｍｌＸ２４ ,24
'4514603454413,三ツ矢ストロングレモン ５７０ｍｌ ,'4514603454406,三ツ矢ストロングレモン ５７０ｍｌＸ２４ ,24
'4514603454819,美的十六茶 ６３０ｍｌ ,'4514603454802,美的十六茶 ６３０ｍｌＸ２４ ,24
'4514603455212,ウィルキンソンオレンジ ５００ｍｌ ,'4514603455205,ウィルキンソンオレンジ ５００ｍｌＸ２４ ,24
'4514603455311,三ツ矢特濃プレミアム ５００ｍｌ ,'4514603455304,三ツ矢特濃プレミアム ５００ｍｌＸ２４ ,24
'4514603455410,三ツ矢サイダーシルバー ５００ｍｌ ,'4514603455403,三ツ矢サイダーシルバー ５００ｍｌＸ２４ ,24
'4514603455519,ウィルキンソンシトラスビター ５００ｍｌ ,'4514603455502,ウィルキンソンシトラスビター ５００ｍｌＸ２４ ,24
'4514603455816,三ツ矢特濃アップルスカッシュ ５００ｍｌ ,'4514603455809,三ツ矢特濃アップルスカッシュ ５００ｍｌＸ２４ ,24
'4514603456011,ウィルキンソンＧＯアップル ４９０ｍｌ ,'4514603456004,ウィルキンソンＧＯアップル ４９０ｍｌＸ２４ ,24
'4514603456110,ウィルキンソングレープ ５００ｍｌ ,'4514603456103,ウィルキンソングレープ ５００ｍｌＸ２４ ,24
'4514603456417,バヤリース大人のマンゴー ４５０ｍｌ ,'4514603456400,バヤリース大人のマンゴー ４５０ｍｌＸ２４ ,24
'4514603456615,三ツ矢豊潤和梨 ５００ｍｌ ,'4514603456608,三ツ矢豊潤和梨 ５００ｍｌＸ２４ ,24
'4514603457117,三ツ矢ミックスジューソーダ ５００ｍｌ ,'4514603457100,三ツ矢ミックスジューソーダ ５００ｍｌＸ２４ ,24
'4514603457216,三ツ矢グレフルサイダー ５００ｍｌ ,'4514603457209,三ツ矢グレフルサイダー ５００ｍｌＸ２４ ,24
'4514603457414,おいしい水天然水白湯 ４７５ｍｌ ,'4514603457407,おいしい水天然水白湯 ４７５ｍｌＸ２４ ,24
'4514603458022,ウィルキンソンラベルレス ５００ｍｌＸ５ ,'4514603458008,ウィルキンソンラベルレス ５００ｍｌＸ５Ｘ４ ,4
'4514603458312,三ツ矢ブドウ糖ソーダ ５００ｍｌ ,'4514603458305,三ツ矢ブドウ糖ソーダ ５００ｍｌＸ２４ ,24
'4514603458411,ＷＫオレンジ＆トニック ５００ｍｌ ,'4514603458404,ＷＫオレンジ＆トニック ５００ｍｌＸ２４ ,24
'4514603459012,三ツ矢特濃マスカット ５００ｍｌ ,'4514603459005,三ツ矢特濃マスカット ５００ｍｌＸ２４ ,24
'4514603459913,三ツ矢特濃アップル＆ピーチ ５００ｍｌ ,'4514603459906,三ツ矢特濃アップル＆ピーチ ５００ｍｌＸ２４ ,24
'4514603460414,ＷＫジンジャエールアップル ５００ｍｌ ,'4514603460407,ＷＫジンジャエールアップル ５００ｍｌＸ２４ ,24
'4514603460711,三ツ矢ＭＥＲＲＹ　ＡＰＰＬＥ ５００ｍｌ ,'4514603460704,三ツ矢ＭＥＲＲＹ　ＡＰＰＬＥ ５００ｍｌＸ２４ ,24
'4514603460810,三ツ矢ＧＯＬＤ　ＳＥＬＥＣＴ ５００ｍｌ ,'4514603460803,三ツ矢ＧＯＬＤ　ＳＥＬＥＣＴ ５００ｍｌＸ２４ ,24
'4514603461114,三ツ矢特濃オレンジスカッシュ ５００ｍｌ ,'4514603461107,三ツ矢特濃オレンジスカッシュ ５００ｍｌＸ２４ ,24
'4514603461312,十六茶 ６３０ｍｌ ,'4514603461305,十六茶 ６３０ｍｌＸ２４ ,24
'4514603461411,三ツ矢梅しごと ５００ｍｌ ,'4514603461404,三ツ矢梅しごと ５００ｍｌＸ２４ ,24
'4514603461510,ドデカミン ５００ｍｌ ,'4514603461503,ドデカミン ５００ｍｌＸ２４ ,24
'4514603461718,ドデカミンのゼロ ５００ｍｌ ,'4514603461701,ドデカミンのゼロ ５００ｍｌＸ２４ ,24
'4514603461817,ウィルキンソンタンサンピーチ ５００ｍｌ ,'4514603461800,ウィルキンソンタンサンピーチ ５００ｍｌＸ２４ ,24
'4514603461916,十六茶麦茶 ６６０ｍｌ ,'4514603461909,十六茶麦茶 ６６０ｍｌＸ２４ ,24
'4514603462012,三ツ矢特濃ピーチスカッシュ ５００ｍｌ ,'4514603462005,三ツ矢特濃ピーチスカッシュ ５００ｍｌＸ２４ ,24
'4514603462715,ワンダクリアブラック ５００ｍｌ ,'4514603462708,ワンダクリアブラック ５００ｍｌＸ２４ ,24
'4514603462814,ワンダロイヤルラテ ５００ｍｌ ,'4514603462807,ワンダロイヤルラテ ５００ｍｌＸ２４ ,24
'4514603462913,三ツ矢まろやかいちご ５００ｍｌ ,'4514603462906,三ツ矢まろやかいちご ５００ｍｌＸ２４ ,24
'4514603463019,和の紅茶ストレートティー ６００ｍｌ ,'4514603463002,和の紅茶ストレートティー ６００ｍｌＸ２４ ,24
'4514603463415,ウィルキンソンフルーティー ４９０ｍｌ ,'4514603463408,ウィルキンソンフルーティー ４９０ｍｌＸ２４ ,24
'4514603463514,三ツ矢特濃グレープスカッシュ ５００ｍｌ ,'4514603463507,三ツ矢特濃グレープスカッシュ ５００ｍｌＸ２４ ,24
'4514603463613,三ツ矢サイダークラシック ５００ｍｌ ,'4514603463606,三ツ矢サイダークラシック ５００ｍｌＸ２４ ,24
'4514603463712,和の紅茶無糖アイスティー ５００ｍｌ ,'4514603463705,和の紅茶無糖アイスティー ５００ｍｌＸ２４ ,24
'4514603463811,おいしい水からだ澄む水 ６００ｍｌ ,'4514603463804,おいしい水からだ澄む水 ６００ｍｌＸ２４ ,24
'4514603463910,バヤリースオレンジ ２４５ｇ ,'4514603463903,バヤリースオレンジ ２４５ｇＸ３０ ,30
'4514603464016,バヤリースオレンジ ４７０ｍｌ ,'4514603464009,バヤリースオレンジ ４７０ｍｌＸ２４ ,24
'4514603464115,バヤリースオレンジ １５００ｍｌ ,'4514603464108,バヤリースオレンジ １５００ｍｌＸ８ ,8
'4514603464412,颯 ６２０ｍｌ ,'4514603464405,颯 ６２０ｍｌＸ２４ ,24
'4514603464610,颯 ２０００ｍｌ ,'4514603464603,颯 ２０００ｍｌＸ６ ,6
'4514603465013,三ツ矢ＴＨＥ檸檬 ５００ｍｌ ,'4514603465006,三ツ矢ＴＨＥ檸檬 ５００ｍｌＸ２４ ,24
'4514603465112,和の紅茶ミルクティー ６００ｍｌ ,'4514603465105,和の紅茶ミルクティー ６００ｍｌＸ２４ ,24
'4514603466119,三ツ矢ストロングレモン ５７０ｍｌ ,'4514603466102,三ツ矢ストロングレモン ５７０ｍｌＸ２４ ,24
'4514603466317,三ツ矢素材派メロンソーダ ５００ｍｌ ,'4514603466300,三ツ矢素材派メロンソーダ ５００ｍｌＸ２４ ,24
'4514603466713,ウィルキンソンＧＯグレフル ４９０ｍｌ ,'4514603466706,ウィルキンソンＧＯグレフル ４９０ｍｌＸ２４ ,24
'4514603466812,ドトールカフェオレ ４８０ｍｌ ,'4514603466805,ドトールカフェオレ ４８０ｍｌＸ２４ ,24
'4514603467017,ドトールブラック ４８０ｍｌ ,'4514603467000,ドトールブラック ４８０ｍｌＸ２４ ,24
'4514603467413,三ツ矢２種のキウイ ５００ｍｌ ,'4514603467406,三ツ矢２種のキウイ ５００ｍｌＸ２４ ,24
'4514603467918,三ツ矢特濃ピングレ ５００ｍｌ ,'4514603467901,三ツ矢特濃ピングレ ５００ｍｌＸ２４ ,24
'4514603468014,三ツ矢塩サイダー ５００ｍｌ ,'4514603468007,三ツ矢塩サイダー ５００ｍｌＸ２４ ,24
'4514603468212,ぼくの考えた最強のドデカミン ５００ｍｌ ,'4514603468205,ぼくの考えた最強のドデカミン ５００ｍｌＸ２４ ,24
'4514603468410,三ツ矢ひんやり和梨 ５００ｍｌ ,'4514603468403,三ツ矢ひんやり和梨 ５００ｍｌＸ２４ ,24
'4514603468519,ウィルキンソンクールレモン ５００ｍｌ ,'4514603468502,ウィルキンソンクールレモン ５００ｍｌＸ２４ ,24
'4514603468816,ウィルキンソンダブルオレンジ ５００ｍｌ ,'4514603468809,ウィルキンソンダブルオレンジ ５００ｍｌＸ２４ ,24
'4514603469219,ウィルキンソンマスカット ４９０ｍｌ ,'4514603469202,ウィルキンソンマスカット ４９０ｍｌＸ２４ ,24
'4514603469417,バヤリースレモネードリモナナ ４７０ｍｌ ,'4514603469400,バヤリースレモネードリモナナ ４７０ｍｌＸ２４ ,24
'4514603469516,三ツ矢南国トロピカルミックス ５００ｍｌ ,'4514603469509,三ツ矢南国トロピカルミックス ５００ｍｌＸ２４ ,24
'4514603469714,三ツ矢特濃マスカット ５００ｍｌ ,'4514603469707,三ツ矢特濃マスカット ５００ｍｌＸ２４ ,24
'4514603469813,三ツ矢特濃アップルスカッシュ ５００ｍｌ ,'4514603469806,三ツ矢特濃アップルスカッシュ ５００ｍｌＸ２４ ,24
'4514603470215,ＷＫタンサンＥＸ ４９０ｍｌ ,'4514603470208,ＷＫタンサンＥＸ ４９０ｍｌＸ２４ ,24
'4514603470413,三ツ矢ハチレモ ５００ｍｌ ,'4514603470406,三ツ矢ハチレモ ５００ｍｌＸ２４ ,24
'4514603470611,三ツ矢ミックス果実 ５００ｍｌ ,'4514603470604,三ツ矢ミックス果実 ５００ｍｌＸ２４ ,24
'4514603470710,ＷＫダブルグレープ ５００ｍｌ ,'4514603470703,ＷＫダブルグレープ ５００ｍｌＸ２４ ,24
'4514603470918,三ツ矢しゅわっとみかん ５００ｍｌ ,'4514603470901,三ツ矢しゅわっとみかん ５００ｍｌＸ２４ ,24
'4514603472011,ＷＫジンジャレモン ５００ｍｌ ,'4514603472004,ＷＫジンジャレモン ５００ｍｌＸ２４ ,24
'4514603473018,三ツ矢フルーツソーダプラム ５００ｍｌ ,'4514603473001,三ツ矢フルーツソーダプラム ５００ｍｌＸ２４ ,24
'4514603473216,三ツ矢洋梨シャンエール ５００ｍｌ ,'4514603473209,三ツ矢洋梨シャンエール ５００ｍｌＸ２４ ,24
'4514603473513,十六茶ルイボスブレンド ６３０ｍｌ ,'4514603473506,十六茶ルイボスブレンド ６３０ｍｌＸ２４ ,24
'4525765104016,日田天領水 ２０００ｍｌ ,'4525765104092,日田天領水 ２０００ｍｌ×１０ ,10
'4530503024525,Ｃ１０００　ビタミンレモン １４０ｍｌ ,'4530503024518,Ｃ１０００　ビタミンレモン １４０ｍｌ×６ ,6
'4530503201773,Ｃ１０００レモンコラーゲン １４０ｍｌ ,'4530503201650,  ,6
'4530503862813,ＰＬＵＳＳＹ１０００鉄分 １４０ｍｌ ,'4530503011280,ＰＬＵＳＳＹ１０００　６本Ｐ １４０ｍｌｘ６ ,6
'4530503875080,コラーゲン＆ヒアルロン酸 １４０ｍｌ ,'4530503017046,コラーゲン＆ヒアルロン酸 １４０ｍｌｘ６ ,6
'4530503877237,Ｃ１０００　ビタミンオレンジ １４０ｍｌ ,'4530503018197,Ｃ１０００　ビタミンオレンジ １４０ｍｌＸ６ ,6
'4530503885010,Ｃ１０００レモン　クエン酸 １４０ｍｌ ,'4530503022903,Ｃ１０００レモン　クエン酸 １４０ｍｌｘ６ ,6
'4530503889315,グレープフルーツ味 １２０ｍｌ ,'4530503024259,グレープフルーツ味 １２０ｍｌＸ６ ,6
'4530503889322,食物繊維 １２０ｍｌ ,'4530503024273,食物繊維 １２０ｍｌＸ６ ,6
'4530503893817,ビタミンフルーツミックス １２０ｍｌ ,'4530503027502,ビタミンフルーツミックス １２０ｍｌＸ６ ,6
'4530503921619,１日分のビタミン　キウイ １２０ｍｌ ,'4530503046954,１日分のビタミン　キウイ １２０ｍｌＸ６ ,6
'4530503921718,Ｃ１０００レモンゼロシュガー １４０ｍｌ ,'4530503046978,Ｃ１０００レモンゼロ １４０ｍｌＸ６ ,6
'4532461000504,水彩の森 ５００ｍｌ ,'4532461000702,黒松内　水彩の森 ５００ｍｌ×２４本 ,24
'4532461000511,黒松内銘水　水彩の森 ２Ｌ ,'4532461000719,黒松内銘水　水彩の森 ２Ｌｘ６ ,6
'4536274003271,じゃばらまる １９０ｍｌ ,'4536274003301,じゃばらまる １９０ｍｌＸ３０ ,30
'4536274003288,じゃばらウォーター ５１０ｍｌ ,'4536274003295,じゃばらウォーター ５１０ｍｌＸ２４ ,24
'4549414002416,ＴＶコンブチャジンジャー ２３０ｍｌ ,'4549414002423,  ,12
'4549414002430,ＴＶコンブチャバタフライ ２３０ｍｌ ,'4549414002447,  ,12
'4549414002478,ＴＶコンブチャローズ ２３０ｍｌ ,'4549414002485,  ,12
'4549414002751,ＴＶＢＰ天然水（栃木）５ ５００ｍｌ ,'4549414002768,ＴＶＢＰ天然水（栃木５Ｃ ５００ｍｌＸ２４本 ,24
'4549414003390,ＴＶＢＰ炭酸水１Ｌ東 １０００ｍｌ ,'4549414003406,ＴＶＢＰ炭酸水１ＬＣ東 １０００ｍｌｘ１２本 ,12
'4549414003413,ＴＶＢＰ炭酸水１Ｌレ東 １０００ｍｌ ,'4549414003420,ＴＶＢＰ炭酸水１ＬレＣ東 １０００ｍｌｘ１２本 ,12
'4549414003437,ＴＶＢＰ炭酸水１ＬＧ東 １０００ｍｌ ,'4549414003444,ＴＶＢＰ炭酸水１ＬＧＣ東 １０００ｍｌｘ１２本 ,12
'4549414004854,ＴＶ銀豪入りジャスミン茶 ５２５ｍｌ ,'4549414004861,ＴＶ銀豪入りジャスミン茶 ５２５ｍｌＸ２４本 ,24
'4549414026092,ＴＶＢＰ北海道の天然水 ５００ｍｌ ,'4549414026108,ＴＶＢＰ北海道の天然水ｃ ５００ｍｌＸ２４ ,24
'4549414044706,ＴＶＢＰカロリジンジャ ５００ｍｌ ,'4549414044713,ＴＶＢＰカロリジンジャｃ ５００ｍｌＸ２４ ,24
'4549414079241,ＴＶＢＰ炭酸水ヨーグルト ５００ｍｌ ,'4549414079258,ＴＶＢＰ炭酸水ヨーグＣ ５００ｍｌＸ２４本 ,24
'4549414144604,ＴＶＢＰ天然水２Ｌ ２０００ｍｌ ,'4549414144611,ＴＶＢＰ天然水 ２０００ｍｌＸ６本 ,6
'4549414144857,ＴＶＢＰ天然水２Ｌ ２０００ｍｌ ,'4549414144864,ＴＶＢＰ天然水２Ｌ箱 ２０００ｍｌＸ６本 ,6
'4549414144871,ＴＶＢＰ天然水５００ｍｌ ５００ｍｌ ,'4549414144888,ＴＶＢＰ天然水５００ｍ箱 ５００ｍｌＸ２４本 ,24
'4549414155297,ＴＶＢＰスポーツドリンク ５２５ｍｌ ,'4549414155303,ＴＶＢＰスポーツドリンク ５２５ｍｌＸ２４本 ,24
'4549414222586,ＴＶＢＰ炭酸水ＧＦ１Ｌ １０００ｍｌ ,'4549414222593,ＴＶＢＰ炭酸水ＧＦ１ＬＣ １０００ｍｌＸ１２本 ,12
'4549414222609,ＴＶＢＰ炭酸水レモン１Ｌ １０００ｍｌ ,'4549414222616,ＴＶＢＰ炭酸レモン１ＬＣ １０００ｍｌＸ１２本 ,12
'4549414231687,ＴＶＧＥほうじ茶 ５２５ｍｌ ,'4549414231694,ＴＶＧＥほうじ茶 ５２５ｍｌＸ２４本 ,24
'4549414231700,ＴＶＧＥルイボスティ ５２５ｍｌ ,'4549414231717,ＴＶＧＥルイボスティ ５２５ｍｌＸ２４本 ,24
'4549414231724,ＴＶＧＥ玄米茶 ５２５ｍｌ ,'4549414231731,ＴＶＧＥ玄米茶 ５２５ｍｌＸ２４本 ,24
'4549414231748,ＴＶＧＥ緑茶 ５２５ｍｌ ,'4549414231762,ＴＶＧＥ緑茶 ５２５ｍｌＸ２４本 ,24
'4549414231755,ＴＶＧＥ緑茶 ２０００ｍｌ ,'4549414231779,ＴＶＧＥ緑茶 ２０００ｍｌＸ６本 ,6
'4549414231786,ＴＶＧＥほうじ茶 ２０００ｍｌ ,'4549414231793,ＴＶＧＥほうじ茶 ２０００ｍｌＸ６本 ,6
'4549414231809,ＴＶＧＥ玄米茶 ２０００ｍｌ ,'4549414231816,ＴＶＧＥ玄米茶 ２０００ｍｌＸ６本 ,6
'4549414273960,ＴＶＢＰ炭酸水マスカット ５００ｍｌ ,'4549414273977,ＴＶＢＰ炭酸マスカットＣ ５００ｍｌＸ２４本 ,24
'4549414273984,ＴＶＢＰ炭酸水ラムネ ５００ｍｌ ,'4549414273991,ＴＶＢＰ炭酸水ラムネＣ ５００ｍｌＸ２４本 ,24
'4549414282061,ＴＶＢＰハト麦ブレンド茶 ５２５ｍｌ ,'4549414282085,ＴＶＢＰハト麦ブレンド茶 ５２５ｍｌＸ２４本 ,24
'4549414282078,ＴＶＢＰハト麦ブレンド茶 ２０００ｍｌ ,'4549414282092,ＴＶＢＰハト麦ブレンド茶 ２０００ｍｌＸ６本 ,6
'4549414282122,ＴＶＢＰ濃い緑茶 ５２５ｍｌ ,'4549414282146,ＴＶＢＰ濃い緑茶 ５２５ｍｌＸ２４ホン ,24
'4549414282139,ＴＶＢＰ濃い緑茶 ２０００ｍｌ ,'4549414282153,ＴＶＢＰ濃い緑茶ケース ２０００ｍｌＸ６ホン ,6
'4549414353051,ＴＶカフェインレス　無糖 ９００ｍｌ ,'4549414353068,ＴＶカフェインレス　無Ｃ ９００ｍｌＸ１２本 ,12
'4549414353075,ＴＶＢＰコーヒー微糖 ９００ｍｌ ,'4549414353082,ＴＶＢＰコーヒー微糖Ｃ ９００ｍｌＸ１２本 ,12
'4549414353099,ＴＶＢＰコーヒー無糖 ９００ｍｌ ,'4549414353105,ＴＶＢＰコーヒー無糖Ｃ ９００ｍｌＸ１２本 ,12
'4549414353112,ＴＶＢＰ炭酸水　ライチ ５００ｍｌ ,'4549414353129,ＴＶＢＰ炭酸水ライチＣ ５００ｍｌＸ２４本 ,24
'4549414436808,ＴＶＧＥ野菜ジュース １９０ｇ ,'4549414436822,ＴＶＧＥ野菜ジュース １９０ｇＸ２０本 ,20
'4549414436815,ＴＶＧＥ野菜ジュース ９００ｇ ,'4549414436839,ＴＶＧＥ野菜ジュース ９００ｇＸ１２本 ,12
'4549414436846,ＴＶＢＰ烏龍茶 ５２５ｍｌ ,'4549414436877,ＴＶＢＰ烏龍茶 ５２５ｍｌＸ２４本 ,24
'4549414436853,ＴＶＢＰ烏龍茶 ２０００ｍｌ ,'4549414436860,ＴＶＢＰ烏龍茶 ２０００ｍｌＸ６本 ,6
'4549414436884,ＴＶＢＰ麦茶 ５２５ｍｌ ,'4549414436914,ＴＶＢＰ麦茶 ５２５ｍｌＸ２４本 ,24
'4549414436891,ＴＶＢＰ麦茶 ２０００ｍｌ ,'4549414436907,ＴＶＢＰ麦茶 ２０００ｍｌＸ６本 ,6
'4549414445879,ＣＢビバタイム緑茶缶 ３４０ｇ ,'4549414445886,ＣＢビバタイム緑茶缶 ３４０ｇＸ２４本 ,24
'4549414445893,ＣＢビバタイム烏龍茶缶 ３４０ｇ ,'4549414445909,ＣＢビバタイム烏龍茶缶 ３４０ｇＸ２４本 ,24
'4549414445916,ＴＶＢＰコーラ １５００ｍｌ ,'4549414445923,ＴＶＢＰコーラ＜ケース＞ １５００ｍｌＸ８本 ,8
'4549414445930,ＴＶＢＰサイダー １５００ｍｌ ,'4549414445947,ＴＶＢＰサイダー＜Ｃ＞ １５００ｍｌＸ８本 ,8
'4549414445954,ＴＶＢＰジンジャーエール １５００ｍｌ ,'4549414445961,ＴＶＢＰジンジャーＣ １５００ｍｌＸ８本 ,8
'4549414445978,ＴＶＢＰコーラ５ ５００ｍｌ ,'4549414445985,ＴＶＢＰコーラ＜ケース＞ ５００ｍｌＸ２４本 ,24
'4549414445992,ＴＶＢＰサイダー５ ５００ｍｌ ,'4549414446005,ＴＶＢＰサイダー＜Ｃ＞ ５００ｍｌＸ２４本 ,24
'4549414447613,ＴＶＧＥ初摘み知覧茶 ５２５ｍｌ ,'4549414447620,ＴＶＧＥ初摘み知覧茶 ５２５ｍｌＸ２４本 ,24
'4549414448221,ＣＢコーラ缶 ３５０ｍｌ ,'4549414448238,ＣＢコーラ缶箱 ３５０ｍｌＸ２４本 ,24
'4549414448245,ＣＢサイダー缶 ３５０ｍｌ ,'4549414448252,ＣＢサイダー缶箱 ３５０ｍｌＸ２４本 ,24
'4549414448269,ディズニー炭酸水　ラムネ ５００ｍｌ ,'4549414448276,ディズニー炭酸水ラムネＣ ５００ｍｌＸ２４本 ,24
'4549414466683,ＴＶＢＰマスカットサイ ４８０ｍｌ ,'4549414466690,ＴＶＢＰマスカットサイＣ ４８０ｍｌＸ２４本 ,24
'4549414466706,ＴＶＢＰオレンジサイダー ４８０ｍｌ ,'4549414466713,ＴＶＢＰオレンジサイダＣ ４８０ｍｌＸ２４本 ,24
'4549414489927,ＴＶＢＰブラック ５００ｍｌ ,'4549414489934,ＴＶＢＰブラックケース ５００ｍｌＸ２４本 ,24
'4549414489941,ＴＶＢＰラテ ５００ｍｌ ,'4549414489958,ＴＶＢＰラテ〈ケース〉 ５００ｍｌＸ２４本 ,24
'4549414529241,ＴＶＢＰエナジーハンター ３００ｍｌ ,'4549414529258,ＴＶＢＰエナジーＣ ３００ｍｌＸ３０本 ,30
'4549414529265,ＴＶＢＰエナジーＳＦ ３００ｍｌ ,'4549414529272,ＴＶＢＰエナジーＳＦＣ ３００ｍｌＸ３０本 ,30
'4549414538922,ＴＶＢＰ緑茶 ５２５ｍｌ ,'4549414538953,ＴＶＢＰ緑茶ケース ５２５ｍｌＸ２４本 ,24
'4549414538939,ＴＶＢＰ緑茶 ２０００ｍｌ ,'4549414538946,ＴＶＢＰ緑茶ケース ２０００ｍｌＸ６本 ,6
'4549414538984,ＴＶＢＰ濃い緑茶 ５２５ｍｌ ,'4549414538991,ＴＶＢＰ濃い緑茶ケース ５２５ｍｌＸ２４本 ,24
'4549414539004,ＴＶＢＰ濃い緑茶 ２０００ｍｌ ,'4549414539011,ＴＶＢＰ濃い緑茶ケース ２０００ｍｌＸ６本 ,6
'4549414541663,ＴＶＢＰ天然水　白湯 ３５０ｍｌ ,'4549414541670,ＴＶＢＰ天然水　白湯Ｃ ３５０ｍｌＸ２４本 ,24
'4549414617306,ＴＶＢＰＤ炭酸水林檎 ５００ｍｌ ,'4549414617313,ＴＶＢＰＤ炭酸水林檎＜箱 ５００ｍｌＸ２４本 ,24
'4549414617320,ＴＶＢＰ炭酸水パイン ５００ｍｌ ,'4549414617337,ＴＶＢＰ炭酸水パイン＜箱 ５００ｍｌＸ２４本 ,24
'4549414630138,ＴＶＧＥ初摘み知覧茶 ５２５ｍｌ ,'4549414630145,ＴＶＧＥ初摘み知覧茶 ５２５ｍｌｘ２４本 ,24
'4549414639858,ＴＶカフェインレス　コー ９００ｍｌ ,'4549414639865,ＴＶカフェインレスコーＣ ９００ｍｌｘ１２本 ,12
'4549414639872,ＴＶＢＰコーヒー微糖 ９００ｍｌ ,'4549414639889,ＴＶＢＰコーヒー微糖Ｃ ９００ｍｌｘ１２本 ,12
'4549414639896,ＴＶＢＰコーヒー無糖 ９００ｍｌ ,'4549414639902,ＴＶＢＰコーヒー無糖Ｃ ９００ｍｌｘ１２本 ,12
'4549414648874,ＴＶコーヒー　ブラック ３７５ｇ ,'4549414648881,ＴＶコーヒー　ブラックＣ ３７５ｇｘ２４本 ,24
'4549414648898,ＴＶコーヒー　微糖 ３７５ｇ ,'4549414648904,ＴＶコーヒー　微糖Ｃ ３７５ｇｘ２４本 ,24
'4549414669855,ＣＢビバタイム　烏龍茶 ５００ｍｌ ,'4549414669862,ＣＢビバタイム　烏龍茶 ５００ｍｌＸ２４本 ,24
'4549414669879,ＣＢビバタイム　緑茶 ５００ｍｌ ,'4549414669886,ＣＢビバタイム　緑茶 ５００ｍｌＸ２４本 ,24
'4549414670981,ＴＶＧＥ緑茶 １０００ｍｌ ,'4549414670998,ＴＶＧＥ緑茶 １０００ｍｌＸ１２本 ,12
'4549414671001,ＴＶＧＥほうじ茶 １０００ｍｌ ,'4549414671018,ＴＶＧＥほうじ茶 １０００ｍｌＸ１２本 ,12
'4549414671025,ＴＶＧＥ玄米茶 １０００ｍｌ ,'4549414671032,ＴＶＧＥ玄米茶 １０００ｍｌＸ１２本 ,12
'4549414671049,ＴＶＧＥルイボスティー １０００ｍｌ ,'4549414671056,ＴＶＧＥルイボスティー １０００ｍｌＸ１２本 ,12
'4549414671100,ＴＶＢＰジャスミン茶 ２０００ｍｌ ,'4549414671117,ＴＶＢＰジャスミン茶 ２０００ｍｌＸ６本 ,6
'4549414671124,ＴＶＢＰジャスミン茶 １０００ｍｌ ,'4549414671131,ＴＶＢＰジャスミン茶 １０００ｍｌＸ１２本 ,12
'4549414671292,ＴＶ特保　すっきり緑茶 １０００ｍｌ ,'4549414671308,ＴＶ特保　すっきり緑茶 １０００ｍｌＸ１２本 ,12
'4549414673821,ＴＢＶＰスポーツドリンク ５２５ｍｌ ,'4549414673838,ＴＶＢＰスポーツドリンク ５２５ｍｌＸ２４本 ,24
'4549414673845,ＴＶＧＥほうじ茶 ５２５ｍｌ ,'4549414673852,ＴＶＧＥほうじ茶 ５２５ｍｌＸ２４本 ,24
'4549414673869,ＴＶＧＥルイボスティー ５２５ｍｌ ,'4549414673876,ＴＶＧＥルイボスティー ５２５ｍｌＸ２４本 ,24
'4549414673883,ＴＶＧＥ玄米茶 ５２５ｍｌ ,'4549414673890,ＴＶＧＥ玄米茶 ５２５ｍｌＸ２４本 ,24
'4549414673906,ＴＶＧＥ緑茶 ５２５ｍｌ ,'4549414673913,ＴＶＧＥ緑茶 ５２５ｍｌＸ２４本 ,24
'4549414673951,ＴＶＢＰ濃い緑茶 ５２５ｍｌ ,'4549414673968,ＴＶＢＰ濃い緑茶ケース ５２５ｍｌＸ２４本 ,24
'4549414673975,ＴＶＢＰ麦茶 ５２５ｍｌ ,'4549414673982,ＴＶＢＰ麦茶ケース ５２５ｍｌＸ２４本 ,24
'4549414673999,ＴＶＢＰ烏龍茶 ５２５ｍｌ ,'4549414674002,ＴＶＢＰ烏龍茶ケース ５２５ｍｌＸ２４本 ,24
'4549414674019,ＴＶＢＰ緑茶 ５２５ｍｌ ,'4549414674026,ＴＶＢＰ緑茶ケース ５２５ｍｌＸ２４本 ,24
'4549414674033,ＴＶＢＰジャスミン茶 ５２５ｍｌ ,'4549414674040,ＴＶＢＰジャスミンケース ５２５ｍｌＸ２４本 ,24
'4549414680508,ＴＶＧＥレモングラスティ ５２５ｍｌ ,'4549414680515,ＴＶＧＥレモングラスティ ５２５ｍｌＸ２４本 ,24
'4549414680522,ＴＶＧＥ初摘み知覧茶 ５２５ｍｌ ,'4549414680539,ＴＶＧＥ初摘み知覧茶 ５２５ｍｌＸ２４本 ,24
'4549414681291,ＴＶＢＰレモンサイダ ５００ｍｌ ,'4549414681307,ＴＶＢＰレモンサイダ箱 ５００ｍｌＸ２４本 ,24
'4549414683721,ＴＶＢＰ炭酸水梅 ５００ｍｌ ,'4549414683738,ＴＶＢＰ炭酸水梅＜Ｃ＞ ５００ｍｌｘ２４本 ,24
'4549414684728,ＴＶＢＰ炭酸水　ＳＢ風味 ５００ｍｌ ,'4549414684735,ＴＶＢＰ炭酸水　ＳＢ　Ｃ ５００ｍｌｘ２４本 ,24
'4549414685480,ＴＶＢＰ炭酸水　ＢＢ ５００ｍｌ ,'4549414685497,ＴＶＢＰ炭酸水　ＢＢ　Ｃ ５００ｍｌｘ２４本 ,24
'4549414686272,ＴＶＢＰとうもろこし茶 ５２５ｍｌ ,'4549414686289,ＴＶＢＰとうもろこし茶 ５２５ｍｌＸ２４本 ,24
'4549414690989,ＣＢビバタイム麦茶 ５００ｍｌ ,'4549414690996,ＣＢビバタイム麦茶 ５００ｍｌＸ２４本 ,24
'4549414698244,ＴＶＢＰコーヒー無糖 １５００ｍｌ ,'4549414698251,ＴＶＢＰコーヒー無糖Ｃ １５００ｍｌｘ８本 ,8
'4549414700251,ＣＢ強炭酸水 ５００ｍｌ ,'4549414700268,ＣＢ強炭酸水＜ケース＞ ５００ｍｌｘ２４本 ,24
'4549414700275,ＣＢ強炭酸水レモン ５００ｍｌ ,'4549414700282,ＣＢ強炭酸水レモンケース ５００ｍｌｘ２４本 ,24
'4549414700701,ＴＶＢＰ割ってＳＯＤＡ １５００ｍｌ ,'4549414700718,ＴＶＢＰ割ってＳＯＤＡＣ １５００ｍｌｘ８本 ,8
'4549741003896,ＴＶ炭酸水もも ５００ｍｌ ,'4549741003902,ＴＶ炭酸水もも ５００ｍｌｘ２４ ,24
'4549741014427,ＴＶＧＥ玉露入り緑茶２Ｌ ２Ｌ ,'4549741014434,ＴＶＧＥ玉露緑茶２Ｌｃｓ ２Ｌｘ６本 ,6
'4549741014441,ＴＶＧＥほうじ茶２Ｌ ２Ｌ ,'4549741014458,ＴＶＧＥほうじ茶２Ｌｃｓ ２Ｌｘ６本 ,6
'4549741014465,ＴＶＧＥ玄米茶２Ｌ ２Ｌ ,'4549741014472,ＴＶＧＥ玄米茶２Ｌｃｓ ２Ｌｘ６本 ,6
'4549741020282,ＴＶＧＥトマト食塩不使用 １９０ｇ ,'4549741020299,ＴＶＧＥトマト食塩不使用 １９０ｇｘ２０ ,20
'4549741020305,ＴＶＧＥ野菜食塩不使用 １９０ｇ ,'4549741020312,ＴＶＧＥ野菜食塩不使用 １９０ｇｘ２０ ,20
'4549741035774,ＴＶＢＰ野菜果実ジュース ９３０ｇ ,'4549741035781,ＴＶＢＰ野菜果実ジュース ９３０ｇｘ１２本 ,12
'4549741054980,ＴＶＢＰ　ＳＯＤＡ ３５０ｍｌ ,'4549741054997,ＴＶＢＰ　ＳＯＤＡ ３５０ｍｌｘ２４ ,24
'4549741055000,ＴＶＢＰ　ＳＯＤＡレモン ３５０ｍｌ ,'4549741055017,ＴＶＢＰ　ＳＯＤＡレモン ３５０ｍｌｘ２４ ,24
'4549741055024,ＴＶＢＰ　ＳＯＤＡライム ３５０ｍｌ ,'4549741055031,ＴＶＢＰ　ＳＯＤＡライム ３５０ｍｌｘ２４ ,24
'4549741184953,ＴＶ食物繊維入り烏龍茶 ５００ｍｌ ,'4549741185080,ＴＶ食物繊維入り烏龍茶 ５００ｍｌｘ２４本 ,24
'4549741184960,ＴＶ食物繊維入り烏龍茶 １０００ｍｌ ,'4549741185097,ＴＶ食物繊維入り烏龍茶 １０００ｍｌｘ１２本 ,12
'4549741262354,ＴＶＢＰ　ＳＯＤＡ ５００ｍｌ ,'4549741262361,ＴＶＢＰ　ＳＯＤＡ ５００ｍｌＸ２４本 ,24
'4549741331159,ＴＶＢＰ緑茶５００ｍｌ ５００ｍｌ ,'4549741331166,ＴＶＢＰ緑茶５００ｃｓ ５００ｍｌＸ２４本 ,24
'4549741331173,ＴＶＢＰ国産緑茶２Ｌ ２Ｌ ,'4549741331180,ＴＶＢＰ国産緑茶２Ｌ ２ＬＸ６本 ,6
'4549741331197,ＴＶＢＰ烏龍茶５００ｍｌ ５００ｍｌ ,'4549741331203,ＴＶＢＰ烏龍茶５００ｃｓ ５００ｍｌＸ２４本 ,24
'4549741331210,ＴＶＢＰ福建省烏龍茶２Ｌ ２Ｌ ,'4549741331227,ＴＶＢＰ福建省烏龍茶２Ｌ ２ＬＸ６本 ,6
'4549741331258,ＴＶＢＰ麦茶２Ｌ ２Ｌ ,'4549741331265,ＴＶＢＰ麦茶２Ｌケース ２ＬＸ６本 ,6
'4549741385091,ＴＶブラック３７５ｇ ３７５ｇ ,'4549741385138,ＴＶブラック３７５　ＣＳ ３７５ｇＸ２４本 ,24
'4549741533638,ＴＶＢＰ炭酸水ＧＦ ５００ｍｌ ,'4549741533614,ＴＶＢＰ炭酸水ＧＦ ５００ｍｌＸ２４本 ,24
'4549741533676,ＴＶＢＰ炭酸水レモン ５００ｍｌ ,'4549741533652,ＴＶＢＰ炭酸水レモン ５００ｍｌＸ２４本 ,24
'4549741533713,ＴＶＢＰ炭酸水ｖ ５００ｍｌ ,'4549741533690,ＴＶＢＰ炭酸水 ５００ｍｌＸ２４本 ,24
'4549741533737,ＴＶＢＰ炭酸水アセロラ ５００ｍｌ ,'4549741533720,ＴＶＢＰ炭酸水アセロラ ５００ｍｌＸ２４本 ,24
'4549741533782,ＴＶＢＰ炭酸水 ５００ｍｌ ,'4549741533799,ＴＶＢＰ炭酸水 ５００ｍｌＸ２４本 ,24
'4549741534000,ＴＶＢＰ北海道の天然水 ２０００ｍｌ ,'4549741533997,ＴＶＢＰ北海道の天然水 ２０００ｍｌＸ６本 ,6
'4549741534017,ＴＶＢＰコーラ １５００ｍｌ ,'4549741534024,ＴＶＢＰコーラ １５００ｍｌＸ８本 ,8
'4549741534031,ＴＶＢＰサイダー １５００ｍｌ ,'4549741534048,ＴＶＢＰサイダー １５００ｍｌＸ８本 ,8
'4549741534055,ＴＶＢＰジンジャーエール １５００ｍｌ ,'4549741534062,ＴＶＢＰジンジャーエール １５００ｍｌＸ８本 ,8
'4549741545303,ＴＶハト麦ブレンド６００ ６００ｍｌ ,'4549741545297,ＴＶハト麦ブレンドケース ６００ｍｌＸ２４本 ,24
'4549741545327,ＴＶ国産麦茶６００ｍｌ ６００ｍｌ ,'4549741545310,ＴＶ国産麦茶　ケース ６００ｍｌＸ２４本 ,24
'4549741545365,ＴＶカフェオレ５００ｍｌ ５００ｍｌ ,'4549741545358,ＴＶカフェオレ　ケース ５００ｍｌＸ２４本 ,24
'4549741551304,ＴＶＢＰコーヒー微糖 ９３０ｍｌ ,'4549741551298,ＴＶＢＰコーヒー微糖ｃｓ ９３０ｍｌＸ１２本 ,12
'4549741551328,ＴＶＢＰコーヒー無糖 ９３０ｍｌ ,'4549741551311,ＴＶＢＰコーヒー無糖ｃｓ ９３０ｍｌＸ１２本 ,12
'4549741657204,ＴＶＢＰ炭酸水ベリー ５００ｍｌ ,'4549741657211,  ,24
'4549741764438,ＴＶＢＰ緑茶 ５２５ｍｌ ,'4549741772594,ＴＶＢＰ緑茶ケース ５２５ｍｌｘ２４本 ,24
'4549741764445,ＴＶＢＰ烏龍茶 ５２５ｍｌ ,'4549741772600,ＴＶＢＰ烏龍茶ケース ５２５ｍｌｘ２４本 ,24
'4549741764452,ＴＶＢＰ麦茶 ５２５ｍｌ ,'4549741772617,ＴＶＢＰ麦茶ケース ５２５ｍｌｘ２４本 ,24
'4549741771856,ＴＶＢＰ炭酸水キウイ ５００ｍｌ ,'4549741771917,ＴＶＢＰ炭酸水キウイＣ ５００ｍｌＸ２４本 ,24
'4549741772648,ＴＶＧＥ緑茶 ６００ｍｌ ,'4549741772655,ＴＶＧＥ緑茶ケース ６００ｍｌｘ１２本 ,12
'4549741772662,ＴＶＧＥ玄米茶 ６００ｍｌ ,'4549741772679,ＴＶＧＥ玄米茶ケース ６００ｍｌｘ１２本 ,12
'4549741772686,ＴＶＧＥほうじ茶 ６００ｍｌ ,'4549741772693,ＴＶＧＥほうじ茶ケース ６００ｍｌｘ１２本 ,12
'4549741772709,ＴＶＧＥルイボスティ ６００ｍｌ ,'4549741772716,ＴＶＧＥルイボスケース ６００ｍｌｘ１２本 ,12
'4549741772723,ＴＶＧＥ烏龍茶 ６００ｍｌ ,'4549741772730,ＴＶＧＥ烏龍茶ケース ６００ｍｌｘ２４本 ,24
'4549741783620,ＴＶエナジーハンター ３００ｍｌ ,'4549741783637,ＴＶエナジーハンタケース ３００ｍｌｘ３０本 ,30
'4549741790260,ＴＶ特保麦茶 ５００ｍｌ ,'4549741790277,ＴＶ特保麦茶 ５００ｍｌＸ２４本 ,24
'4549741790284,ＴＶ特保麦茶 １０００ｍｌ ,'4549741790291,ＴＶ特保麦茶 １０００ｍｌＸ１２本 ,12
'4549741792714,ＴＶＢＰすっきりブラック ５００ｍｌ ,'4549741792721,ＴＶＢＰすっブラックＣＳ ５００ｍｌｘ２４本 ,24
'4549741792738,ＴＶＢＰやわらかラテ ５００ｍｌ ,'4549741792745,ＴＶＢＰやわらかラテＣＳ ５００ｍｌｘ２４本 ,24
'4549741938686,ＴＶエナジーハンターフリ ３００ｍｌ ,'4549741938693,ＴＶエナジーハンタフリＣ ３００ｍｌＸ３０ ,30
'4549741994705,ＴＶカフェインレスコーヒ ９３０ｍｌ ,'4549741994712,ＴＶカフェインレスコーＣ ９３０ｍｌＸ１２本 ,12
'4549741994736,ＴＶＢＰミルクティー ５００ｍｌ ,'4549741994767,  ,24
'4560292290016,レッドブルエナジードリンク ２５０ｍｌ ,'4560292291310,エナジードリンクボール ２５０ｍｌＸ４ ,4
'4560292290016,レッドブルエナジードリンク ２５０ｍｌ ,'4560292291327,エナジードリンク　ケース ２５０ｍｌＸ２４ ,24
'4560292290078,レッドブルエナジードリンク １８５ｍｌ ,'4560292290092,  ,6
'4560292290078,レッドブルエナジードリンク １８５ｍｌ ,'4560292290108,  ,24
'4560292290245,レッドブルシュガーフリー １８５ｍｌ ,'4560292290252,  ,6
'4560292290245,レッドブルシュガーフリー １８５ｍｌ ,'4560292290269,  ,24
'4560292290375,レッドブル　シュガーフリー ２５０ｍｌ ,'4560292291778,シュガーフリーボール ２５０ｍｌＸ４ ,4
'4560292290375,レッドブル　シュガーフリー ２５０ｍｌ ,'4560292291785,シュガーフリーケース ２５０ｍｌＸ２４ ,24
'4560292290955,イエローエディション ２５０ｍｌ ,'4560292290962,イエローエディションケース ２５０ｍｌＸ２４ ,24
'4560292291150,エナジーホワイトエディション １８５ｍｌ ,'4560292291167,  ,24
'4560292291259,ホワイトエディション ２５０ｍｌ ,'4560292291266,ホワイトエディションケース ２５０ｍｌＸ２４ ,24
'4560292291341,グリーンエディション ２５０ｍｌ ,'4560292291358,グリーンエディションケース ２５０ｍｌＸ２４ ,24
'4560292291372,パープルエディション ２５０ｍｌ ,'4560292291709,パープルエディションケース ２５０ｍｌＸ２４ ,24
'4560292291402,レッドエディション ２５０ｍｌ ,'4560292291419,  ,24
'4560292291556,ブルーエディション ２５０ｍｌ ,'4560292291563,ブルーエディション ２５０ｍｌ＊２４ ,24
'4560292291815,ウインターエディション ２５０ｍｌ ,'4560292291969,ウインターエディション４缶 ２５０ｍｌＸ４ ,4
'4560292291815,ウインターエディション ２５０ｍｌ ,'4560292291822,ウインターエディションケース ２５０ｍｌＸ２４ ,24
'4560292291990,スプリングエディション ２５０ｍｌ ,'4560292292003,スプリングエディション ２５０ｍｌＸ４ ,4
'4560292291990,スプリングエディション ２５０ｍｌ ,'4560292292010,スプリングエディション ２５０ｍｌＸ２４ ,24
'4560292292034,サマーエディション ２５０ｍｌ ,'4560292292102,サマーエディションケース ２５０ｍｌＸ２４ ,24
'4560292292201,レッドブル　アルミボトル ３３０ｍｌ ,'4560292292218,レッドブル　アルミボトル　ケース ３３０ｍｌｘ２４ ,24
'4560292292300,レッドブルスプリングエディション ２５０ｍｌ ,'4560292292317,スプリングエディションケース ２５０ｍｌｘ２４ ,24
'4560292292348,レッドブルサマーエディション ２５０ｍｌ ,'4560292292355,レッドブルサマーエディションＣＳ ２５０ｍｌｘ２４ ,24
'4560292292478,レッドブルグリーンエディション ２５０ｍｌ ,'4560292292607,グリーンエディション　ボール ２５０ｍｌｘ４ ,4
'4560292292478,レッドブルグリーンエディション ２５０ｍｌ ,'4560292292614,グリーンエディション　ケース ２５０ｍｌｘ２４ ,24
'4560292292515,ウィンターエディション ２５０ｍｌ ,'4560292292522,ウィンターエディションＣＳ ２５０ｍｌｘ２４ ,24
'4560292292713,レッドブル　Ｋ４ＳＥＮ　２０２５ ２５０ｍｌｘ６ ,'4560292292720,レッドブルＫ４ＳＥＮケース ６ｘ４ ,4
'4560422730030,ロジネットジャパンゆきのみず ２０００ｍｌ ,'4560422730047,ロジネットジャパンゆきのみず ２０００ｍｌ×６ ,6
'4562332081530,シリカスイッチ ５００ｍｌ ,'4562332081547,シリカスイッチ ５００ｍｌＸ２４ ,24
'4570078421015,ＬＥＭＯＮＡ（レモナ）ＢＴＳ １００ｍｌ ,'4570078421008,ＬＥＭＯＮＡ（レモナ）ＢＴＳ １００ｍｌｘ１０ ,10
'4573556400014,ＦＵＪＩＳＵＮＳＵＩ ５００ｍｌ ,'4573556400021,ＦＵＪＩＳＵＮＳＵＩ ５００ｍｌＸ２４ ,24
'4582155810742,サッポロリボンナポリン ５００ｍｌ ,'4582155810759,  ,24
'4582168893206,さんぴん花茶５２５ ５２５ｍｌ ,'4582168893213,さんぴん花茶５２５ケース ５２５ｍｌ×２４ ,24
'4582271703553,ルカフェレッドルイボスティー ５００ｍｌ ,'4582271703560,ルカフェレッドルイボスティー ５００ｍｌＸ２４ ,24
'4582304573863,比嘉製茶の茶葉使用ごーやー茶 ５００ｍｌ ,'4582304570862,  ,24
'4582409174507,ポッカコーヒー微糖日本ハム缶 １８５ｇ ,'4582409174514,  ,30
'4582409174521,ポッカコーヒーブラック日ハム １８５ｇ ,'4582409174538,  ,30
'4582409175153,ポッカ　パワースカッシュ ３５０ｍｌ ,'4582409175160,  ,24
'4582409175191,ポッカサッポロつぶ贅沢みかん ４００ｇ ,'4582409175207,ポッカサッポロつぶ贅沢みかん ４００ｇ×２４ ,24
'4582409177942,ポッカサッポロ玉露入りお茶 ６００ｍｌ ,'4582409177959,ポッカサッポロ玉露入りお茶 ６００ｍｌ×２４ ,24
'4582409178420,がぶ飲みメロンクリームソーダ ５００ｍｌ ,'4582409178437,がぶ飲みメロンクリームソーダ ５００ｍｌ×２４ ,24
'4582409178444,がぶ飲みメロンクリームソーダ １５００ｍｌ ,'4582409178451,がぶ飲みメロンクリームソーダ １５００ｍｌ×８ ,8
'4582409178956,グリーンシャワー ５００ｍｌ ,'4582409174026,ＰＳ　グリーンシャワーケース ５００ｍｌ＊２４ ,24
'4582409180287,キレートカルシウムサプライ ３５０ｍｌ ,'4582409180294,キレートカルシウムサプライ ３５０ｍｌＸ２４ ,24
'4582409183141,マカの元気ドリンク １００ｍｌ ,'4582409183158,マカの元気ドリンク ６００ｍｌ ,6
'4582409185527,松山光スポーツウォーター ５５０ｍｌ ,'4582409185534,松山光スポーツウォーター ５５０ｍｌＸ２４ ,24
'4582409185602,ポッカ　キレートＣウォーター ５００ｍｌ ,'4582409185619,ポッカ　キレートＣウォーター ５００ｍｌｘ２４ ,24
'4582409185626,ポッカ　キレートＣサプライ ９００ｍｌ ,'4582409185633,ポッカ　キレートＣサプライ ９００ｍｌｘ１２ ,12
'4582409185831,ポッカＳ　リボンナポリン ４５５ｍｌ ,'4582409185848,  ,24
'4582409185855,ポッカＳ　リボンナポリン １．５Ｌ ,'4582409185862,ポッカＳ　リボンナポリン １．５ＬＸ８ ,8
'4582409185879,リボンナポリン １９０ｍｌ ,'4582409185886,リボンナポリン １９０ｍｌＸ３０ ,30
'4582409185893,ポッカＳ　リボンナポリン缶 ５００ｍｌ ,'4582409185909,ポッカＳ　リボンナポリンカン ５００ｍｌＸ２４ ,24
'4582409185947,ポッカＳ　リボンシトロン ４５５ｍｌ ,'4582409185954,ポッカＳ　リボンシトロン ４５５ｍｌＸ２４ ,24
'4582409185961,ポッカＳ　リボンシトロン １．５Ｌ ,'4582409185978,ポッカＳ　リボンシトロン １．５ＬＸ８ ,8
'4582409185985,リボンシトロン １９０ｍｌ ,'4582409185992,リボンシトロン １９０ｍｌＸ３０ ,30
'4582409187910,じっくりとろーりコーン １９０ｇ ,'4582409187927,  ,30
'4582409188214,加賀棒ほうじ茶 ５２５ｍｌ ,'4582409188221,加賀棒ほうじ茶 ５２５ｍｌＸ２４ ,24
'4582409188450,サクサク角切り贅沢りんご ４００ｇ ,'4582409188467,  ,24
'4582409189396,キレートレモンスパークリング ４２０ｍｌ ,'4582409189402,キレートレモンスパークリング ４２０ｍｌｘ２４ ,24
'4582411222012,大雪水資源　大雪旭岳源水 ５００ｍｌ ,'4582411222036,大雪水資源　大雪旭岳源水 ５００ｍｌＸ２４ ,24
'4582411222029,大雪水資源　大雪旭岳源水 ２Ｌ ,'4582411222043,大雪水資源　大雪旭岳源水 ２ＬＸ６ ,6
'4582411222111,大雪山国立公園の天然水 ５００ｍｌ ,'4582411222135,大雪山国立公園の天然水 ５００ｍｌＸ２４ ,24
'4582411222128,大雪山国立公園の天然水 ２ｌ ,'4582411222142,大雪山国立公園の天然水 ２ｌＸ６ ,6
'4582540490429,チルアウトリラク ２５０ｍｌ ,'4582540490436,チルアウトリラク ２５０ｍｌＸ３０ ,30
'4582540490443,チルアウトリラクゼロ ２５０ｍｌ ,'4582540490450,チルアウトリラクゼロ ２５０ｍｌＸ３０ ,30
'4589570801348,２Ｅｎｅｒｇｙ ２５０ｍｌ ,'4589570801355,２Ｅｎｅｒｇｙ ２５０ｍｌＸ２４ ,24
'4589791480018,霧島天然水のむシリカ ５００ｍｌ ,'4589791480049,霧島天然水のむシリカ　ケース ５００ｍｌＸ２４ ,24
'4589850820014,ガラナスカッシュ　缶 ３５０ｍｌ ,'4589850820021,ガラナスカッシュ　缶 ３５０ｍｌＸ２４ ,24
'4589850820267,ポッカＳ　リボンナポリン缶 ３４０ｍｌ ,'4589850820274,Ｒｉｂｂｏｎナポリン　缶 ３４０ｍｌＸ２４ ,24
'4589850821417,ポッカ　伊達おいしい麦茶 ５２５ｍｌ ,'4589850821424,  ,24
'4589850821455,富良野ラベンダーティー ５００ｍｌ ,'4589850821462,富良野ラベンダーティー ５００ｍｌＸ２４ ,24
'4589850821479,ポッカサッポロ　にっぽん烏龍 ５２５ｍｌ ,'4589850821486,ポッカサッポロ　にっぽん烏龍 ５２５ｍｌｘ２４ ,24
'4589850821806,ポッカコーヒーオリジナル　缶 １９０ｇ ,'4589850821813,ポッカコーヒーオリジナル　缶 １９０ｇＸ３０ ,30
'4589850821820,ポッカコーヒー厳選微糖 １８５ｇ ,'4589850821837,ポッカコーヒー厳選微糖 １８５ｇｘ３０ ,30
'4589850821875,ふってふってゼリーグレープ ２９５ｇ ,'4589850821882,ふってふってゼリーグレープ ２９５ｇｘ２４ ,24
'4589850822599,キレートレモンＳＰクエン酸 ５００ｍｌ ,'4589850822605,  ,24
'4589850822704,イタリアンレモネード ５００ｍｌ ,'4589850822711,イタリアンレモネード ５００ｍｌＸ２４ ,24
'4589850822742,北海道余市の白ぶどうソーダ ４２０ｍｌ ,'4589850822759,  ,24
'4589850824067,オリジナルレモネード ５００ｍｌ ,'4589850824074,  ,24
'4589850824173,キレートレモン　ダブルレモン ５００ｍｌ ,'4589850824197,キレートレモン　ダブルレモン ５００ｍｌｘ２４ ,24
'4589850824623,瀬戸内レモンレモネード ５００ｍｌ ,'4589850824616,瀬戸内レモンレモネード ５００ｍｌＸ２４ ,24
'4589850824951,北海道りんごソーダ ４１０ｍｌ ,'4589850824968,  ,24
'4589850825286,かごしま知覧紅茶　無糖 ５００ｍｌ ,'4589850825293,かごしま知覧紅茶　無糖 ５００ｍｌＸ２４ ,24
'4589850825347,じっくりオニオンスープ　缶 １９０ｇ ,'4589850825361,じっくりオニオンスープ　缶 １９０ｇＸ３０ ,30
'4589850825460,レモネードソーダ ５００ｍｌ ,'4589850825477,  ,24
'4589850825781,アーモンドミルク ５００ｍｌ ,'4589850825798,  ,24
'4589850826030,レモンスパーク　ヨーロピアン ５００ｍｌ ,'4589850826047,レモンスパーク　ヨーロピアン ５００ｍｌＸ２４ ,24
'4589850826214,Ｒｉｂｂｏｎ　ナポリンペット ４７０ｍｌ ,'4589850826221,Ｒｉｂｂｏｎ　ナポリンペット ４７０ｍｌＸ２４ ,24
'4589850826238,Ｒｉｂｂｏｎ　シトロンペット ４７０ｍｌ ,'4589850826245,Ｒｉｂｂｏｎ　シトロンペット ４７０ｍｌＸ２４ ,24
'4589850826252,おいしい炭酸水 ６００ｍｌ ,'4589850826269,おいしい炭酸水 ６００ｍｌＸ２４ ,24
'4589850826368,エックスフリーダムエナジー ５００ｍｌ ,'4589850826375,エックスフリーダムエナジー ５００ｍｌｘ２４ ,24
'4589850826436,マカの元気　ナイトスパーク ５００ｍｌ ,'4589850826443,  ,24
'4589850826504,オリジナルレモネード ５００ｍｌ ,'4589850826511,オリジナルレモネード ５００ｍｌｘ２４ ,24
'4589850826597,無糖スパークリング ５００ｍｌ ,'4589850826603,無糖スパークリング ５００ｍｌＸ２４ ,24
'4589850826658,北海道夕張メロンソーダ ４２０ｍｌ ,'4589850826665,北海道夕張メロンソーダ ４２０ｍｌＸ２４ ,24
'4589850826818,贅沢メロンオレ　缶 １９０ｇ ,'4589850826825,贅沢メロンオレ　缶 １９０ｇｘ３０ ,30
'4589850826832,キレートレモン　Ｗレモン ５００ｍｌ ,'4589850826580,キレートレモン　Ｗレモン ５００ｍｌＸ２４ ,24
'4589850826870,クリエレモンティー微糖 ５２５ｍｌ ,'4589850826887,クリエレモンティー微糖 ５２５ｍｌＸ２４ ,24
'4589850826894,沖縄シークワーサー ２８０ｍｌ ,'4589850826900,  ,24
'4589850826917,無糖スポドリスマートバランス ５００ｍｌ ,'4589850826924,無糖スポドリスマートバランス ５００ｍｌＸ２４ ,24
'4589850826931,ドラゴンズブルーサイダー ４５０ｍｌ ,'4589850826948,ドラゴンズブルーサイダー ４５０ｍｌＸ２４ ,24
'4589850827006,アーモンドブリーズ　缶 １８５ｇ ,'4589850827013,  ,30
'4589850827082,伊達麦茶　ペット ６００ｍｌ ,'4589850827099,伊達麦茶　ペット ６００ｍｌｘ２４ ,24
'4589850827105,北海道コーン茶 ５２５ｍｌ ,'4589850827112,北海道コーン茶 ５２５ｍｌＸ２４ ,24
'4589850827242,ザクラフトコーラ ４５０ｍｌ ,'4589850827259,ザクラフトコーラ ４５０ｍｌＸ２４ ,24
'4589850827297,冷製スープ６缶バラエティ １７０ｇＸ６ ,'4589850827273,  ,5
'4589850827327,茶工場のまかない緑茶 ６００ｍｌ ,'4589850827334,  ,24
'4589850827365,がぶ飲みＰＵＭＰＵＰＳＯＤＡ ５００ｍｌ ,'4589850827372,がぶ飲みＰＵＭＰＵＰＳＯＤＡ ５００ｍｌＸ２４ ,24
'4589850827389,ザ・クラフトコーラ ４５０ｍｌ ,'4589850827396,ザ・クラフトコーラ ４５０ｍｌｘ２４ ,24
'4589850827457,ぽっかぽかゆずレモン ３５０ｍｌ ,'4589850827464,  ,24
'4589850827495,レモネードソーダ　ペット ５００ｍｌ ,'4589850827501,レモネードソーダ　ペット ５００ｍｌｘ２４ ,24
'4589850827532,キレートレモンスパークリング ５００ｍｌ ,'4589850827549,キレートレモンスパークリング ５００ｍｌＸ２４ ,24
'4589850827631,キレート　無糖 ５００ｍｌ ,'4589850827648,キレート　無糖 ５００ｍｌｘ２４ ,24
'4589850827679,レモンメイドレモネードベース ３５０ｍｌ ,'4589850827686,レモンメイドレモネードベース ３５０ｍｌＸ２４ ,24
'4589850827723,北海道余市の白ぶどう天然水 ５００ｍｌ ,'4589850827730,北海道余市の白ぶどう天然水 ５００ｍｌｘ２４ ,24
'4589850827747,ソルトライチスパークリング ５００ｍｌ ,'4589850827754,ソルトライチスパークリング ５００ｍｌｘ２４ ,24
'4589850827853,北海道余市の白ぶどうソーダ ４１０ｍｌ ,'4589850827860,北海道余市の白ぶどうソーダ ４１０ｍｌＸ２４ ,24
'4589850828089,がぶ飲みフリーダムエナジー ５００ｍｌ ,'4589850828096,がぶ飲みフリーダムエナジー ５００ｍｌｘ２４ ,24
'4589850828126,つぶ贅沢みかん　プレミアム ４００ｇ ,'4589850828133,  ,24
'4589850828140,北海道北見ハッカ炭酸　ペット ５００ｍｌ ,'4589850828157,北海道北見ハッカ炭酸　ペット ５００ｍｌＸ２４ ,24
'4589850828232,コトコトとろーりコーン １９０ｇ ,'4589850828249,コトコトとろーりコーン １９０ｇｘ３０ ,30
'4589850828324,ぽっかぽかレモン ３５０ｍｌ ,'4589850828362,  ,24
'4589850828423,ポッカコーヒー　ブラック　缶 １８５ｇ ,'4589850828430,ポッカコーヒー　ブラック　缶 １８５ｇｘ３０ ,30
'4589850828447,ポッカコーヒー　カフェオレ缶 １９０ｇ ,'4589850828454,ポッカコーヒー　カフェオレ缶 １９０ｇｘ３０ ,30
'4589850828669,つぶつぶたっぷりみかんグルト ３８０ｇ ,'4589850828676,  ,24
'4589850828720,ストライクグレープソーダ ５００ｍｌ ,'4589850828737,ストライクグレープソーダ ５００ｍｌＸ２４ ,24
'4589850828782,北海道りんごソーダ　ペット ４１０ｍｌ ,'4589850828799,北海道りんごソーダ　ペット ４１０ｍｌＸ２４ ,24
'4589850828829,おいしい炭酸水　レモン ６００ｍｌ ,'4589850828836,  ,24
'4589850828935,がぶ飲みレモンクリームソーダ ５００ｍｌ ,'4589850828942,がぶ飲みレモンクリームソーダ ５００ｍｌＸ２４ ,24
'4589850829062,キレートＷレモン ５００ｍｌ ,'4589850829079,キレートＷレモン ５００ｍｌＸ２４ ,24
'4589850829086,キレート無糖スパークリング ４９０ｍｌ ,'4589850829093,キレート無糖スパークリング ４９０ｍｌＸ２４ ,24
'4589850829222,がぶ飲みブドウ糖ソーダ ５００ｍｌ ,'4589850829239,がぶ飲みブドウ糖ソーダ ５００ｍｌＸ２４ ,24
'4589850829246,レモンの酢ダイエットスパーク ３５０ｍｌ ,'4589850829253,レモンの酢ダイエットスパーク ３５０ｍｌＸ２４ ,24
'4589850829413,アーモンドミルクラテ　缶 １８５ｇ ,'4589850829420,アーモンドミルクラテ　缶 １８５ｇＸ３０ ,30
'4589850829451,北海道富良野ホップ炭酸水 ５００ｍｌ ,'4589850829468,北海道富良野ホップ炭酸水 ５００ｍｌＸ２４ ,24
'4589850829499,オリジナルレモネードＣ ５００ｍｌ ,'4589850829505,オリジナルレモネードＣ ５００ｍｌＸ２４ ,24
'4589850829512,瀬戸内レモンレモネード ５００ｍｌ ,'4589850829529,瀬戸内レモンレモネード ５００ｍｌＸ２４ ,24
'4589850829659,がぶ飲みブルーウェーブ ５００ｍｌ ,'4589850829666,  ,24
'4589850829673,Ｒｉｂｂｏｎナポリンエナジー ５００ｍｌ ,'4589850829680,Ｒｉｂｂｏｎナポリンエナジー ５００ｍｌＸ２４ ,24
'4589850829697,がぶ飲みフリーダムエナジー ５００ｍｌ ,'4589850829703,がぶ飲みフリーダムエナジー ５００ｍｌＸ２４ ,24
'4595643832508,ＡＳＡＰ推しの子ＡＷＡＫＥＮ ２５０ｍｌ ,'4595643832515,ＡＳＡＰ推しの子ＡＷＡＫＥＮ ２５０ｍｌＸ３０ ,30
'4595643832522,推しの子ＢａｌａｎｃｅＤ ２５０ｍｌ ,'4595643832539,推しの子ＢａｌａｎｃｅＤ ２５０ｍｌＸ３０ ,30
'4595643832546,推しの子ＧＲＡＰＥアイ ２５０ｍｌ ,'4595643832553,推しの子ＧＲＡＰＥアイ ２５０ｍｌＸ３０ ,30
'4897036690017,モンスターエナジー ３５５ｍｌ ,'4897036690024,モンスターエナジー ３５５ｍｌ×２４ ,24
'4897036690055,モンスターゼロ ３５５ｍｌ ,'4897036690062,モンスターゼロ ３５５ｍｌＸ２４ ,24
'4897036690888,モンスターウルトラ ３５５ｍｌ ,'4897036690895,モンスターウルトラ ３５５ｍｌＸ２４ ,24
'4897036691021,モンスターＭ３ １５０ｍｌ ,'4897036691038,モンスターＭ３ １５０ｍｌＸ６ ,6
'4897036691021,モンスターＭ３ １５０ｍｌ ,'4897036691045,モンスターＭ３ １５０ｍｌＸ６Ｘ４ ,24
'4897036691083,モンスターカオス ３５５ｍｌ ,'4897036691090,モンスターカオス ３５５ｍｌＸ２４ ,24
'4897036691144,モンスターロッシ ３５５ｍｌ ,'4897036691151,モンスターロッシ ３５５ｍｌＸ２４ ,24
'4897036691953,モンスターキューバリブレ ３５５ｍｌ ,'4897036691960,モンスターキューバリブレ ３５５ｍｌｘ２４ ,24
'4897036692233,モンスターパイプライン ３５５ｍｌ ,'4897036692240,モンスターパイプライン ３５５ｍｌＸ２４ ,24
'4897036692288,モンスターエナジー ５００ｍｌ ,'4897036692295,モンスターエナジー ５００ｍｌＸ２４ ,24
'4897036692578,モンスターエナジー４本 ３５５ｍｌＸ４ ,'4514603413908,モンスターエナジー４本 ３５５ｍｌＸ４Ｘ６ ,6
'4897036692707,モンスターウルトラパラダイス ３５５ｍｌ ,'4897036692714,モンスターウルトラパラダイス ３５５ｍｌＸ２４ ,24
'4897036693049,モンスタースーパーコーラ ５００ｍｌ ,'4897036693056,モンスタースーパーコーラ ５００ｍｌＸ２４ ,24
'4897036693407,モンスターマンゴーロコ ３５５ｍｌ ,'4897036693414,モンスターマンゴーロコ ３５５ｍｌＸ２４ ,24
'4897036693667,モンスターキラーキウイ ５５０ｍｌ ,'4897036693674,モンスターキラーキウイ ５５０ｍｌＸ２４ ,24
'4897036693759,モンスターウォーターメロン ３５５ｍｌ ,'4897036693766,モンスターウォーターメロン ３５５ｍｌＸ２４ ,24
'4897036693773,モンスターリハブレモネード ３５５ｍｌ ,'4897036693780,モンスターリハブレモネード ３５５ｍｌＸ２４ ,24
'4897036693889,モンスタースーパーコーラ ３５５ｍｌ ,'4897036693896,モンスタースーパーコーラ ３５５ｍｌＸ２４ ,24
'4897036694046,モンスターパピヨン ３５５ｍｌ ,'4897036694053,モンスターパピヨン ３５５ｍｌＸ２４ ,24
'4897036694428,モンスターエナジー缶 ５００ｍｌ ,'4897036694435,モンスターエナジー缶 ５００ｍｌＸ２４ ,24
'4897036694466,モンスターピーチーキーン ３５５ｍｌ ,'4897036694473,モンスターピーチーキーン ３５５ｍｌＸ２４ ,24
'4897036694510,モンスターレモネード ３５５ｍｌ ,'4897036694527,モンスターレモネード ３５５ｍｌＸ２４ ,24
'4897036694756,モンスターバイオレット ３５５ｍｌ ,'4897036694763,モンスターバイオレット ３５５ｍｌＸ２４ ,24
'4897036694794,モンスターパイプラインパンチ ５００ｍｌ ,'4897036694800,モンスターパイプラインパンチ ５００ｍｌＸ２４ ,24
'4897036694930,モンスターエナジー４本パック ３５５ｍｌＸ４ ,'4897036694947,モンスターエナジー４本パック ３５５ｍｌＸ４Ｘ６ ,6
'4897036695180,モンスタールビーレッド ３５５ｍｌ ,'4897036695197,モンスタールビーレッド ３５５ｍｌＸ２４ ,24
'4897036695487,レインストームグレープ ２５０ｍｌ ,'4897036695494,レインストームグレープ ２５０ｍｌＸ３０ ,30
'4897036695500,レインストームストロベリー ２５０ｍｌ ,'4897036695517,レインストームストロベリー ２５０ｍｌＸ３０ ,30
'4897036695524,モンスターリッパー ３５５ｍｌ ,'4897036695531,モンスターリッパー ３５５ｍｌＸ２４ ,24
'4901085002605,おーいお茶濃い茶６００ ６００ｍｌ ,'4901085202609,おーいお茶濃い茶６００ ６００ｍｌＸ２４ ,24
'4901085003800,おーいお茶緑茶６００ ６００ｍｌ ,'4901085203804,おーいお茶緑茶６００ ６００ｍｌＸ２４ ,24
'4901085041888,伊藤園ナタデココ ２８０ｇ ,'4901085241882,伊藤園ナタデココ ２８０ｇＸ２４ ,24
'4901085044483,伊藤園健康ミネラルむぎ茶 ２０００ｍｌ ,'4901085244487,伊藤園健康ミネラルむぎ茶 ２０００ｍｌ×６ ,6
'4901085045398,伊藤園濃い熟トマト １９０ｇ ,'4901085219058,伊藤園熟トマト １９０ｇ×２０ ,20
'4901085049716,伊藤園１日分の野菜 １９０ｇ ,'4901085249741,伊藤園１日分の野菜 １９０ｇ×２０ ,20
'4901085083147,伊藤園おーいお茶緑茶 ２４５ｇ ,'4901085283141,伊藤園おーいお茶緑茶 ２４５ｇｘ３０ ,30
'4901085089439,伊藤園　おーいお茶　緑茶 １９０ｇ ,'4901085289433,伊藤園おーいお茶緑茶缶 １９０ｍｌｘ３０ ,30
'4901085098929,伊藤園おーいお茶緑茶 ２８０ｍｌ ,'4901085298923,伊藤園おーいお茶緑茶 ２８０ｍｌ×２４ ,24
'4901085156988,北海道とうきび茶 ５００ｍｌ ,'4901085156995,北海道とうきび茶 ５００ｍｌＸ２４ ,24
'4901085157657,スタイリースパークレモン ５００ｍｌ ,'4901085157664,スタイリースパークレモン ５００ｍｌＸ２４ ,24
'4901085161982,タリーズコーヒーブラック ３９０ｍｌ ,'4901085161999,タリーズコーヒーブラック ３９０ｍｌＸ２４ ,24
'4901085176122,ホットおーいお茶緑茶 ５００ｍｌ ,'4901085176139,  ,24
'4901085179611,健康ミネラルむぎ茶 ６５０ｍｌ ,'4901085179628,健康ミネラルむぎ茶 ６５０ｍｌＸ２４ ,24
'4901085183885,大納言しるこ １８５ｇ ,'4901085183892,大納言しるこ １８５ｇＸ３０ ,30
'4901085186701,ホットビタミンレモン ２８０ｇ ,'4901085186718,ホットビタミンレモン ２８０ｇＸ２４ ,24
'4901085191927,おーいお茶ほうじ茶６００ ６００ｍｌ ,'4901085191934,おーいお茶ほうじ茶６００ ６００ｍｌＸ２４ ,24
'4901085192009,おーいお茶緑茶 ５２５ｍｌ ,'4901085192016,おーいお茶緑茶 ５２５ｍｌＸ２４ ,24
'4901085192771,おーいお茶ほうじ茶レンジ対応 ３４５ｍｌ ,'4901085192788,おーいお茶ほうじ茶レンジ対応 ３４５ｍｌＸ２４ ,24
'4901085192962,ビタミンフルーツオレンジ ３４０ｇ ,'4901085192979,ビタミンフルーツオレンジ ３４０ｇＸ２４ ,24
'4901085193006,おーいお茶濃い茶 ５２５ｍｌ ,'4901085193013,おーいお茶濃い茶 ５２５ｍｌＸ２４ ,24
'4901085193020,ビタミンフルーツりんご ３４０ｇ ,'4901085193037,ビタミンフルーツりんご ３４０ｇＸ２４ ,24
'4901085195475,伝承の健康茶そば茶 ５００ｍｌ ,'4901085195482,伝承の健康茶そば茶 ５００ｍｌＸ２４ ,24
'4901085195499,伝承の健康茶そば茶 ５００ｍｌ ,'4901085195505,伝承の健康茶そば茶 ５００ｍｌＸ２４ ,24
'4901085195512,伝承の健康茶そば茶 ２０００ｍｌ ,'4901085195529,伝承の健康茶そば茶 ２０００ｍｌＸ６ ,6
'4901085196496,ごくごく飲める毎日一杯の青汁 ３５０ｍｌ ,'4901085196502,  ,24
'4901085197868,健康ミネラルむぎ茶冷凍ボトル ４８５ｍｌ ,'4901085197875,  ,24
'4901085601020,ヘルシールイボスティー ５００ｍｌ ,'4901085601037,ヘルシールイボスティー ５００ｍｌＸ２４ ,24
'4901085603659,タリーズスムースブラック ５００ｍｌ ,'4901085603666,タリーズスムースブラック ５００ｍｌＸ２４ ,24
'4901085605936,ジャスミンティ ６００ｍｌ ,'4901085605943,ジャスミンティ ６００ｍｌＸ２４ ,24
'4901085606322,カテキン緑茶 ３５０ｍｌ ,'4901085606339,  ,24
'4901085606346,カテキン緑茶 １０５０ｍｌ ,'4901085606353,  ,12
'4901085606360,カテキンジャスミン茶 ３５０ｍｌ ,'4901085606377,カテキンジャスミン茶 ３５０ｍｌＸ２４ ,24
'4901085606384,カテキンジャスミン茶 １０５０ｍｌ ,'4901085606391,  ,12
'4901085606599,ＴＥＡｓＴＥＡほうじ茶ラテ ５００ｍｌ ,'4901085606605,ＴＥＡｓＴＥＡほうじ茶ラテ ５００ｍｌＸ２４ ,24
'4901085607749,熟トマト １９０ｇ ,'4901085607732,熟トマト １９０ｇＸ２０ ,20
'4901085609576,おーいお茶濃い茶 ２０００ｍｌ ,'4901085609583,おーいお茶濃い茶 ２０００ｍｌＸ６ ,6
'4901085610534,おーい炒りたて玄米茶２Ｌ ２Ｌ ,'4901085610541,  ,6
'4901085610558,おーいお茶玄米茶 ６００ｍｌ ,'4901085610565,おーいお茶玄米茶 ６００ｍｌＸ２４ ,24
'4901085611203,充実野菜緑黄色ミックス１９０ １９０ｇ ,'4901085611227,充実野菜緑黄色ミックス１９０ １９０ｇＸ２０ ,20
'4901085612514,スタイリー炭酸水レモン ５００ｍｌ ,'4901085612521,スタイリー炭酸水レモン ５００ｍｌＸ２４ ,24
'4901085613115,タリーズスムースラテ ５００ｍｌ ,'4901085613122,タリーズスムースラテ ５００ｍｌＸ２４ ,24
'4901085613382,ＴｓＴＥＡ生アップルティー ５００ｍｌ ,'4901085613399,ＴｓＴＥＡ生アップルティー ５００ｍｌＸ２４ ,24
'4901085613580,タリーズ無糖ラテ ３７０ｍｌ ,'4901085613597,タリーズ無糖ラテ ３７０ｍｌＸ２４ ,24
'4901085613702,健康ミネラルむぎ茶すっきり ６５０ｍｌ ,'4901085613719,  ,24
'4901085613771,リラックスジャスミンティー ６００ｍｌ ,'4901085613788,リラックスジャスミンティー ６００ｍｌＸ２４ ,24
'4901085613887,世界の果実ザクロ ２６５ｇ ,'4901085613894,  ,24
'4901085613993,スマーツウォーターたんぱく質 ５００ｍｌ ,'4901085614006,  ,24
'4901085614358,希釈用健康ミネラルむぎ茶 １８０ｇ ,'4901085614365,希釈用健康ミネラルむぎ茶 １８０ｇＸ３０ ,30
'4901085614372,黄金烏龍茶 ５００ｍｌ ,'4901085614389,  ,24
'4901085614730,おーいお茶緑茶 ２０００ｍｌ ,'4901085615416,おーいお茶緑茶 ２０００ｍｌＸ６ ,6
'4901085614754,おーいお茶緑茶 １０００ｍｌ ,'4901085614761,おーいお茶緑茶 １０００ｍｌＸ１２ ,12
'4901085615331,希釈用ジャスミンティー １８０ｇ ,'4901085615348,希釈用ジャスミンティー １８０ｇＸ３０ ,30
'4901085615393,ヘルシールイボスティー ６００ｍｌ ,'4901085615409,ヘルシールイボスティー ６００ｍｌＸ２４ ,24
'4901085615553,希釈用おーいお茶緑茶 １８０ｇ ,'4901085615560,希釈用おーいお茶緑茶 １８０ｇＸ３０ ,30
'4901085616116,健康ミネラルむぎ茶 １０００ｍｌ ,'4901085616123,健康ミネラルむぎ茶 １０００ｍｌＸ１２ ,12
'4901085617311,おーいお茶カフェインゼロ ４７０ｍｌ ,'4901085617328,  ,24
'4901085617694,タリーズブラック ２８５ｍｌ ,'4901085617700,  ,24
'4901085617717,生オレンジティ ５００ｍｌ ,'4901085617724,  ,24
'4901085618196,おーいお茶緑茶花咲くＰＫＧ ５２５ｍｌ ,'4901085618202,おーいお茶緑茶花咲くＰＫＧ ５２５ｍｌＸ２４ ,24
'4901085618226,ジャスミンピーチこんにゃく入 ３００ｇ ,'4901085618240,  ,24
'4901085618271,五穀の甘酒 １９０ｇ ,'4901085618288,五穀の甘酒 １９０ｇＸ３０ ,30
'4901085618394,２つの働きカテキン緑茶 ５００ｍｌ ,'4901085618400,２つの働きカテキン緑茶 ５００ｍｌＸ２４ ,24
'4901085618417,２つの働きカテキン緑茶 １０００ｍｌ ,'4901085618424,２つの働きカテキン緑茶 １０００ｍｌＸ１２ ,12
'4901085618431,おーいお茶玄米茶 ５２５ｍｌ ,'4901085618448,  ,24
'4901085618455,からだにいいこと黒豆茶 ５００ｍｌ ,'4901085618462,からだにいいこと黒豆茶 ５００ｍｌＸ２４ ,24
'4901085618493,抹茶入りおーいお茶 ５２５ｍｌ ,'4901085618509,  ,24
'4901085618554,水素水 ３１０ｍｌ ,'4901085618561,  ,24
'4901085618868,ホット生オレンジティ ４５０ｍｌ ,'4901085618875,  ,24
'4901085618943,おーいほうじ茶２Ｌ ２０００ｍｌ ,'4901085618950,おーいほうじ茶２Ｌ ２０００ｍｌＸ６ ,6
'4901085618981,おーいほうじ茶５２５ ５２５ｍｌ ,'4901085618998,おーいほうじ茶５２５ ５２５ｍｌＸ２４ ,24
'4901085619421,無糖強炭酸水ビタミン ５００ｍｌ ,'4901085619438,  ,24
'4901085619650,ごくごく毎日１杯の青汁 ３５０ｇ ,'4901085619667,ごくごく毎日１杯の青汁 ３５０ｇＸ２４ ,24
'4901085619698,ごくごく毎日１杯の青汁 ９００ｇ ,'4901085619704,ごくごく毎日１杯の青汁 ９００ｇＸ１２ ,12
'4901085619711,２つの働きカテキン緑茶 ２０００ｍｌ ,'4901085619728,２つの働きカテキン緑茶 ２０００ｍｌＸ６ ,6
'4901085619834,日本の健康玄米茶 ３５０ｍｌ ,'4901085619841,  ,24
'4901085619858,ほうじ茶ラテ ５００ｍｌ ,'4901085619865,ほうじ茶ラテ ５００ｍｌＸ２４ ,24
'4901085620106,おーいお茶濃い茶 １０００ｍｌ ,'4901085620113,おーいお茶濃い茶 １０００ｍｌＸ１２ ,12
'4901085621004,おーいお茶お抹茶 ３７０ｍｌ ,'4901085621011,おーいお茶お抹茶 ３７０ｍｌＸ２４ ,24
'4901085621127,毎日１杯の青汁無糖 ９００ｇ ,'4901085621134,毎日１杯の青汁無糖 ９００ｇＸ１２ ,12
'4901085621349,抹茶入りおーいお茶 ５２５ｍｌ ,'4901085621356,抹茶入りおーいお茶 ５２５ｍｌＸ２４ ,24
'4901085621448,ビネガーソーダりんご酢炭酸 ４１０ｍｌ ,'4901085621455,  ,24
'4901085621509,特級烏龍茶 １９０ｇ ,'4901085621516,  ,20
'4901085621523,特級ジャスミン茶 １９０ｇ ,'4901085621530,  ,20
'4901085621806,健康ミネラルむぎ茶５種麦 ６５０ｍｌ ,'4901085621813,健康ミネラルむぎ茶５種麦 ６５０ｍｌＸ２４ ,24
'4901085622247,エコＰＥＴおーい濃い茶 ３４５ｍｌ ,'4901085622254,エコＰＥＴおーい濃い茶 ３４５ｍｌＸ２４ ,24
'4901085622285,生オレンジティー ５００ｍｌ ,'4901085622292,生オレンジティー ５００ｍｌＸ２４ ,24
'4901085622308,生レモンティー無糖 ５００ｍｌ ,'4901085622315,生レモンティー無糖 ５００ｍｌＸ２４ ,24
'4901085622414,機能性梅クール ５００ｇ ,'4901085622421,機能性梅クール ５００ｇＸ２４ ,24
'4901085622537,おーいお茶玄米茶２Ｌ ２０００ｍｌ ,'4901085622544,おーいお茶玄米茶２Ｌ ２０００ｍｌＸ６ ,6
'4901085622568,おーいお茶玄米茶５２５ ５２５ｍｌ ,'4901085622575,おーいお茶玄米茶５２５ ５２５ｍｌＸ２４ ,24
'4901085622582,おーいお茶ほうじ茶２Ｌ ２０００ｍｌ ,'4901085622599,おーいお茶ほうじ茶２Ｌ ２０００ｍｌＸ６ ,6
'4901085622612,おーいお茶ほうじ茶 ５２５ｍｌ ,'4901085622629,おーいお茶ほうじ茶 ５２５ｍｌＸ２４ ,24
'4901085622636,タリーズ微糖ブラジル ３７０ｍｌ ,'4901085622643,  ,24
'4901085622704,北海道とうきび茶 ５００ｍｌ ,'4901085622711,北海道とうきび茶 ５００ｍｌＸ２４ ,24
'4901085622902,希釈用タリーズブラック １８０ｇ ,'4901085622919,希釈用タリーズブラック １８０ｇＸ３０ ,30
'4901085623787,おーいお茶新茶 ５２５ｍｌ ,'4901085623794,おーいお茶新茶 ５２５ｍｌＸ２４ ,24
'4901085624432,栄養強化型１日分の野菜 ２６５ｇ ,'4901085624449,栄養強化型１日分の野菜 ２６５ｇＸ２４ ,24
'4901085624517,おーいお茶緑茶 ２８０ｍｌ ,'4901085624524,おーいお茶緑茶 ２８０ｍｌＸ２４ ,24
'4901085624593,烏龍茶 ６００ｍｌ ,'4901085624609,烏龍茶 ６００ｍｌＸ２４ ,24
'4901085624630,ニッポンエール宮崎産日向夏 ５００ｇ ,'4901085624647,ニッポンエール宮崎産日向夏 ５００ｇＸ２４ ,24
'4901085624975,おーいお茶濃お抹茶 １６５ｍｌ ,'4901085624982,  ,30
'4901085625057,黒酢で活力 ９００ｍｌ ,'4901085625064,黒酢で活力 ９００ｍｌＸ１２ ,12
'4901085625194,カテキンゴースパークリング ５００ｍｌ ,'4901085625200,  ,24
'4901085625262,２つの働きカテキン緑茶 ５００ｍｌ ,'4901085625279,２つの働きカテキン緑茶 ５００ｍｌＸ２４ ,24
'4901085625439,ビタパワゴー １９０ｍｌ ,'4901085625446,  ,30
'4901085625958,ニッポンエール大分県産かぼす ５００ｇ ,'4901085625965,ニッポンエール大分県産かぼす ５００ｇＸ２４ ,24
'4901085625996,充実野菜緑黄色野菜ミックス ７４０ｇ ,'4901085626009,充実野菜緑黄色野菜ミックス ７４０ｇＸ１５ ,15
'4901085626016,充実野菜緑の野菜ミックス ７４０ｇ ,'4901085626023,充実野菜緑の野菜ミックス ７４０ｇＸ１５ ,15
'4901085626030,充実野菜キャロット ７４０ｇ ,'4901085626047,充実野菜キャロット ７４０ｇＸ１５ ,15
'4901085626078,１日分の野菜 ７４０ｇ ,'4901085626085,１日分の野菜 ７４０ｇＸ１５ ,15
'4901085626092,充実野菜理想のトマト ７４０ｇ ,'4901085626108,充実野菜理想のトマト ７４０ｇＸ１５ ,15
'4901085626115,ビタミン野菜 ７４０ｇ ,'4901085626122,ビタミン野菜 ７４０ｇＸ１５ ,15
'4901085626139,熟トマト ７３０ｇ ,'4901085626146,熟トマト ７３０ｇＸ１５ ,15
'4901085626153,旬野菜 ７３０ｇ ,'4901085626160,旬野菜 ７３０ｇＸ１５ ,15
'4901085626207,抹茶入りおーいお茶 ５２５ｍｌ ,'4901085626214,抹茶入りおーいお茶 ５２５ｍｌＸ２４ ,24
'4901085626542,タリーズブレンド２２０ ２２０ｍｌ ,'4901085626559,タリーズブレンド２２０ ２２０ｍｌＸ２４ ,24
'4901085626566,タリーズカフェオレ２２０ ２２０ｍｌ ,'4901085626573,タリーズカフェオレ２２０ ２２０ｍｌＸ２４ ,24
'4901085626580,タリーズフェザーブラック ２３５ｍｌ ,'4901085626597,タリーズフェザーブラック ２３５ｍｌＸ２４ ,24
'4901085626948,スパッと生姜 ５００ｍｌ ,'4901085626955,  ,24
'4901085627624,ビビッツ京ゆずソーダ ４５０ｍｌ ,'4901085627631,ビビッツ京ゆずソーダ ４５０ｍｌＸ２４ ,24
'4901085628119,ほうじ茶ラテ ４８５ｍｌ ,'4901085628126,ほうじ茶ラテ ４８５ｍｌＸ２４ ,24
'4901085628355,沖縄県産完熟シークヮーサー ５００ｇ ,'4901085628362,  ,24
'4901085628577,タリーズ抹茶ラテ ４８０ｍｌ ,'4901085628584,タリーズ抹茶ラテ ４８０ｍｌＸ２４ ,24
'4901085629772,チチヤスコーヒーゼリー ２７０ｇ ,'4901085629789,チチヤスコーヒーゼリー ２７０ｇＸ２４ ,24
'4901085629901,ニッポンエール長野県産りんご ４００ｇ ,'4901085629918,ニッポンエール長野県産りんご ４００ｇＸ２４ ,24
'4901085629949,ニッポンエール宮崎産日向夏 ５００ｇ ,'4901085629956,ニッポンエール宮崎産日向夏 ５００ｇＸ２４ ,24
'4901085630006,健康ミネラルむぎ茶オーツ麦 ６５０ｍｌ ,'4901085630013,健康ミネラルむぎ茶オーツ麦 ６５０ｍｌＸ２４ ,24
'4901085630020,健康ミネラルむぎ茶オーツ麦 ２０００ｍｌ ,'4901085630037,健康ミネラルむぎ茶オーツ麦 ２０００ｍｌＸ６ ,6
'4901085630150,おーいほうじ茶２Ｌ ２０００ｍｌ ,'4901085630167,おーいほうじ茶２Ｌ ２０００ｍｌＸ６ ,6
'4901085630259,リラックスジャスミンティー １０００ｍｌ ,'4901085630266,リラックスジャスミンティー １０００ｍｌＸ１２ ,12
'4901085630754,おーいお茶新茶 ４７０ｍｌ ,'4901085630761,おーいお茶新茶 ４７０ｍｌＸ２４ ,24
'4901085631638,リンゴ酢の炭酸割り ４１０ｍｌ ,'4901085631645,リンゴ酢の炭酸割り ４１０ｍｌＸ２４ ,24
'4901085631874,氷水出し抹茶入り緑茶 ６００ｍｌ ,'4901085631881,氷水出し抹茶入り緑茶 ６００ｍｌＸ２４ ,24
'4901085631898,ビビッツ沖縄パイン ４５０ｍｌ ,'4901085631904,ビビッツ沖縄パイン ４５０ｍｌＸ２４ ,24
'4901085631911,ミネラル梅 ５００ｇ ,'4901085631928,ミネラル梅 ５００ｇＸ２４ ,24
'4901085632550,おーいお茶濃い茶 ３５０ｍｌ ,'4901085632567,おーいお茶濃い茶 ３５０ｍｌＸ２４ ,24
'4901085632598,タリーズアメリカーノ ３７０ｍｌ ,'4901085632604,タリーズアメリカーノ ３７０ｍｌＸ２４ ,24
'4901085632611,タリーズキリマンジャロ ２８５ｍｌ ,'4901085632628,タリーズキリマンジャロ ２８５ｍｌＸ２４ ,24
'4901085633083,タリーズミルクティー ４８０ｍｌ ,'4901085633090,タリーズミルクティー ４８０ｍｌＸ２４ ,24
'4901085633755,ニッポンエールキウイ ５００ｇ ,'4901085633762,ニッポンエールキウイ ５００ｇＸ２４ ,24
'4901085634011,毎日１杯の青汁 ３５０ｇ ,'4901085636503,毎日１杯の青汁 ３５０ｇＸ２４ ,24
'4901085634028,毎日１杯の青汁 ９００ｇ ,'4901085636510,毎日１杯の青汁 ９００ｇＸ１２ ,12
'4901085634288,タリーズ抹茶ラテ ４８０ｍｌ ,'4901085634295,タリーズ抹茶ラテ ４８０ｍｌＸ２４ ,24
'4901085634301,タリーズほうじ茶ラテ ４８０ｍｌ ,'4901085634318,タリーズほうじ茶ラテ ４８０ｍｌＸ２４ ,24
'4901085634479,２つの働きカテキン緑茶 ５００ｍｌ ,'4901085634486,２つの働きカテキン緑茶 ５００ｍｌＸ２４ ,24
'4901085634493,２つの働きカテキン緑茶 １Ｌ ,'4901085634509,２つの働きカテキン緑茶 １ＬＸ１２ ,12
'4901085634516,２つの働きカテキン緑茶 ２Ｌ ,'4901085634523,２つの働きカテキン緑茶 ２ＬＸ６ ,6
'4901085634585,リラックスジャスミンティ ６００ｍｌ ,'4901085634592,リラックスジャスミンティ ６００ｍｌＸ２４ ,24
'4901085634646,リラックスジャスミンティ ２０００ｍｌ ,'4901085634653,リラックスジャスミンティ ２０００ｍｌＸ６ ,6
'4901085634950,チチヤス乳酸菌ソーダ ５００ｍｌ ,'4901085634967,  ,24
'4901085635339,旨渋ぶどうソーダ ４５０ｍｌ ,'4901085635346,旨渋ぶどうソーダ ４５０ｍｌＸ２４ ,24
'4901085635353,ビビッツ京ゆずソーダ ４５０ｍｌ ,'4901085635360,ビビッツ京ゆずソーダ ４５０ｍｌＸ２４ ,24
'4901085635377,トマトスパークリング ４１０ｍｌ ,'4901085635384,  ,24
'4901085635391,黒豆茶 ５００ｍｌ ,'4901085635407,黒豆茶 ５００ｍｌＸ２４ ,24
'4901085636466,チゲ風スープ １９０ｇ ,'4901085636473,チゲ風スープ １９０ｇＸ３０ ,30
'4901085636480,さつまいもオレ １９０ｇ ,'4901085636497,さつまいもオレ １９０ｇＸ３０ ,30
'4901085637142,さくら緑茶 ５００ｍｌ ,'4901085637159,さくら緑茶 ５００ｍｌＸ２４ ,24
'4901085637333,チー坊カラフル乳酸菌 ２００ｍｌ ,'4901085637340,チー坊カラフル乳酸菌 ２００ｍｌＸ３０ ,30
'4901085637654,国産かんきつ三種ブレンド ４００ｇ ,'4901085637661,国産かんきつ三種ブレンド ４００ｇＸ２４ ,24
'4901085637678,和歌山県産みかんゼリー ２８０ｇ ,'4901085637685,和歌山県産みかんゼリー ２８０ｇＸ２４ ,24
'4901085637692,長野県産りんご三兄弟 ４００ｇ ,'4901085637708,長野県産りんご三兄弟 ４００ｇＸ２４ ,24
'4901085637722,晴れのち曇り時々お茶 ５００ｍｌ ,'4901085637739,晴れのち曇り時々お茶 ５００ｍｌＸ２４ ,24
'4901085637760,ミネラルストロング強炭酸水 ５００ｍｌ ,'4901085637777,ミネラルストロング強炭酸水 ５００ｍｌＸ２４ ,24
'4901085637784,ビタミンストロング強炭酸水 ５００ｍｌ ,'4901085637791,ビタミンストロング強炭酸水 ５００ｍｌＸ２４ ,24
'4901085637807,チー坊の乳酸菌ソーダ ２８０ｍｌ ,'4901085637814,チー坊の乳酸菌ソーダ ２８０ｍｌＸ２４ ,24
'4901085637937,タリーズガッサータ ３７０ｍｌ ,'4901085637944,タリーズガッサータ ３７０ｍｌＸ２４ ,24
'4901085637951,タリーズオーツミルクラテ ４３０ｍｌ ,'4901085637968,タリーズオーツミルクラテ ４３０ｍｌＸ２４ ,24
'4901085638064,おーいお茶まろやか ４６０ｍｌ ,'4901085638071,おーいお茶まろやか ４６０ｍｌＸ３０ ,30
'4901085638095,飲むふるる冷麺 １９０ｇ ,'4901085638101,飲むふるる冷麺 １９０ｇＸ３０ ,30
'4901085638347,オフー潮風レモン ４５０ｍｌ ,'4901085638354,オフー潮風レモン ４５０ｍｌＸ２４ ,24
'4901085638514,チチヤスコーヒーゼリー ２８０ｇ ,'4901085638521,チチヤスコーヒーゼリー ２８０ｇＸ２４ ,24
'4901085638538,タリーズスムースブラック ４３０ｍｌ ,'4901085638545,タリーズスムースブラック ４３０ｍｌＸ２４ ,24
'4901085638552,タリーズスムースラテ ４３０ｍｌ ,'4901085638569,タリーズスムースラテ ４３０ｍｌＸ２４ ,24
'4901085638576,こまめにコツコツ黒豆茶 ３５０ｍｌ ,'4901085638583,こまめにコツコツ黒豆茶 ３５０ｍｌＸ２４ ,24
'4901085638965,抹茶ラテ ４３０ｍｌ ,'4901085638972,抹茶ラテ ４３０ｍｌＸ２４ ,24
'4901085638989,ほうじ茶ラテ ４３０ｍｌ ,'4901085638996,ほうじ茶ラテ ４３０ｍｌＸ２４ ,24
'4901085639009,タリーズ＆ティー紅茶ラテ ４３０ｍｌ ,'4901085639016,タリーズ＆ティー紅茶ラテ ４３０ｍｌＸ２４ ,24
'4901085639023,レモンティー＆モヒート ４５０ｍｌ ,'4901085639030,レモンティー＆モヒート ４５０ｍｌＸ２４ ,24
'4901085639184,毎朝快調腸内環境改善 １００ｍｌ ,'4901085639191,毎朝快調腸内環境改善 １００ｍｌＸ３０ ,30
'4901085639603,オーツ麦ブレンドティー ６５０ｍｌ ,'4901085639610,オーツ麦ブレンドティー ６５０ｍｌＸ２４ ,24
'4901085639726,おーいお茶玄米茶 ６００ｍｌ ,'4901085639863,おーいお茶玄米茶 ６００ｍｌＸ２４ ,24
'4901085639757,おーいお茶新茶 ５２５ｍｌ ,'4901085639764,おーいお茶新茶 ５２５ｍｌＸ２４ ,24
'4901085639788,氷水出し抹茶入りおーいお茶 ６００ｍｌ ,'4901085639795,氷水出し抹茶入りおーいお茶 ６００ｍｌＸ２４ ,24
'4901085639801,冷凍ボトルむぎ茶 ４８５ｍｌ ,'4901085639818,冷凍ボトルむぎ茶 ４８５ｍｌＸ２４ ,24
'4901085639870,冷凍ボトルレモン ４８５ｇ ,'4901085639887,冷凍ボトルレモン ４８５ｇＸ２４ ,24
'4901085639894,宮崎県産日向夏 ５００ｇ ,'4901085639900,宮崎県産日向夏 ５００ｇＸ２４ ,24
'4901085639917,冷凍ボトルおーいお茶 ４８５ｍｌ ,'4901085639924,冷凍ボトルおーいお茶 ４８５ｍｌＸ２４ ,24
'4901085640265,タリーズガッサータ景品 ３７０ｍｌＸ３ ,'4901085640272,タリーズガッサータ景品 ３７０ｍｌＸ３Ｘ６ ,6
'4901085640340,ぶどうスカッシュ ４５０ｍｌ ,'4901085640357,  ,24
'4901085640807,オフー宮崎日向夏 ４５０ｍｌ ,'4901085640814,オフー宮崎日向夏 ４５０ｍｌＸ２４ ,24
'4901085640821,梅ソーダレッド ５００ｍｌ ,'4901085640838,梅ソーダレッド ５００ｍｌＸ２４ ,24
'4901085641026,冷梅 ５００ｇ ,'4901085641033,冷梅 ５００ｇＸ２４ ,24
'4901085641118,お抹茶いりおーいお茶 ６００ｍｌ ,'4901085641125,お抹茶いりおーいお茶 ６００ｍｌＸ２４ ,24
'4901085641385,ぎゅっと絞ったレモン水 ３８０ｇ ,'4901085641392,ぎゅっと絞ったレモン水 ３８０ｇＸ２４ ,24
'4901085641408,栃木県産にっこり梨 ５００ｇ ,'4901085641415,栃木県産にっこり梨 ５００ｇＸ２４ ,24
'4901085641859,タリーズラテスイート ４３０ｍｌ ,'4901085641866,タリーズラテスイート ４３０ｍｌＸ２４ ,24
'4901085642047,機能性アクアビクス ５００ｍｌ ,'4901085642054,機能性アクアビクス ５００ｍｌＸ２４ ,24
'4901085642085,完熟シークワーサーソーダ ４１０ｍｌ ,'4901085642092,完熟シークワーサーソーダ ４１０ｍｌＸ２４ ,24
'4901085642108,完熟かぼすソーダ ４１０ｍｌ ,'4901085642115,完熟かぼすソーダ ４１０ｍｌＸ２４ ,24
'4901085642122,月夜のお茶とまた明日 ５００ｍｌ ,'4901085642139,月夜のお茶とまた明日 ５００ｍｌＸ２４ ,24
'4901085642146,カテキン緑茶５００ ５００ｍｌ ,'4901085642153,カテキン緑茶５００ ５００ｍｌＸ２４ ,24
'4901085642160,カテキン緑茶１Ｌ １０００ｍｌ ,'4901085642177,カテキン緑茶１Ｌ １０００ｍｌＸ１２ ,12
'4901085642184,カテキン緑茶２Ｌ ２０００ｍｌ ,'4901085642191,カテキン緑茶２Ｌ ２０００ｍｌＸ６ ,6
'4901085642412,おーいお茶抹茶ショット ２６５ｍｌ ,'4901085642429,おーいお茶抹茶ショット ２６５ｍｌＸ２４ ,24
'4901085642597,大納言しるこ １８５ｇ ,'4901085642603,大納言しるこ １８５ｇＸ３０ ,30
'4901085642610,特濃コーンポタージュ １８５ｇ ,'4901085642627,特濃コーンポタージュ １８５ｇＸ３０ ,30
'4901085642672,機能性表示食品はと麦茶 ５００ｍｌ ,'4901085642689,機能性表示食品はと麦茶 ５００ｍｌＸ２４ ,24
'4901085642696,タリーズ＆ティー抹茶ラテ ２６０ｍｌ ,'4901085642702,タリーズ＆ティー抹茶ラテ ２６０ｍｌＸ２４ ,24
'4901085642719,タリーズ＆ティーほうじ茶ラテ ２６０ｍｌ ,'4901085642726,タリーズ＆ティーほうじ茶ラテ ２６０ｍｌＸ２４ ,24
'4901085642757,タリーズ＆ティーレモネード ４５０ｍｌ ,'4901085642764,タリーズ＆ティーレモネード ４５０ｍｌＸ２４ ,24
'4901085642818,ビタミン野菜 ７４０ｇ ,'4901085642825,ビタミン野菜 ７４０ｇＸ１５ ,15
'4901085642948,毎日一杯の青汁 ２８０ｇ ,'4901085642955,毎日一杯の青汁 ２８０ｇＸ２４ ,24
'4901085643327,とろける桃ソーダ ４５０ｍｌ ,'4901085643334,とろける桃ソーダ ４５０ｍｌＸ２４ ,24
'4901085643341,ＴＣエスプレッソベース無糖 ３４０ｍｌ ,'4901085643358,ＴＣエスプレッソベース無糖 ３４０ｍｌＸ２４ ,24
'4901085643365,ＴＣエスプレッソベース甘控 ３４０ｍｌ ,'4901085643372,ＴＣエスプレッソベース甘控 ３４０ｍｌＸ２４ ,24
'4901085643389,オフー京香るゆず ４５０ｍｌ ,'4901085643396,オフー京香るゆず ４５０ｍｌＸ２４ ,24
'4901085643990,いちご＆ミルク １９０ｇ ,'4901085644003,いちご＆ミルク １９０ｇＸ３０ ,30
'4901085644010,いちご＆ミルク ４５０ｇ ,'4901085644027,いちご＆ミルク ４５０ｇＸ２４ ,24
'4901085644461,チー坊の乳酸菌ソーダ ５００ｍｌ ,'4901085644478,チー坊の乳酸菌ソーダ ５００ｍｌＸ２４ ,24
'4901085644645,タリーズアイスココア ２６０ｍｌ ,'4901085644652,タリーズアイスココア ２６０ｍｌＸ２４ ,24
'4901085646137,ボトル缶ミントショット １００ｍｌ ,'4901085649251,ボトル缶ミントショット １００ｍｌＸ６Ｘ５ ,5
'4901085646298,トマネード ７３０ｇ ,'4901085646304,トマネード ７３０ｇＸ１５ ,15
'4901085646311,トマネード ２８０ｇ ,'4901085646328,トマネード ２８０ｇＸ２４ ,24
'4901085646373,国産かんきつ三種 ４００ｇ ,'4901085646380,国産かんきつ三種 ４００ｇＸ２４ ,24
'4901085646397,山形県産さくらんぼ ５００ｇ ,'4901085646403,山形県産さくらんぼ ５００ｇＸ２４ ,24
'4901085646410,ＮＡ宮崎県産日向夏 ５００ｇ ,'4901085646427,ＮＡ宮崎県産日向夏 ５００ｇＸ２４ ,24
'4901085646434,ＮＡ宮崎産日向夏ゼリー ２８０ｇ ,'4901085646441,ＮＡ宮崎産日向夏ゼリー ２８０ｇＸ２４ ,24
'4901085646526,希釈健康ミネラルむぎ茶 ４５０ｍｌ ,'4901085646533,希釈健康ミネラルむぎ茶 ４５０ｍｌＸ２４ ,24
'4901085646564,おーいお茶まろやかさくら緑茶 ４６０ｍｌ ,'4901085646571,おーいお茶まろやかさくら緑茶 ４６０ｍｌＸ３０ ,30
'4901085646748,ジャススパークリング ５００ｍｌ ,'4901085646960,ジャススパークリング ５００ｍｌＸ２４ ,24
'4901085646939,ナタデココ＆マンゴー ３８０ｇ ,'4901085646946,ナタデココ＆マンゴー ３８０ｇＸ２４ ,24
'4901085646977,タリーズティー紅茶ラテ ４３０ｍｌ ,'4901085646984,タリーズティー紅茶ラテ ４３０ｍｌＸ２４ ,24
'4901085646991,メロンクリームソーダ ２７０ｍｌ ,'4901085647004,メロンクリームソーダ ２７０ｍｌＸ２４ ,24
'4901085647011,メロンクリームソーダ ４００ｍｌ ,'4901085647028,メロンクリームソーダ ４００ｍｌＸ２４ ,24
'4901085647103,磨かれて澄み切った水 ２Ｌ ,'4901085647110,磨かれて澄み切った水 ２ＬＸ６ ,6
'4901085647202,タリーズキリマンジャロ ２８５ｍｌ ,'4901085647219,タリーズキリマンジャロ ２８５ｍｌＸ２４ ,24
'4901085647233,おーいお茶新茶 ５２５ｍｌ ,'4901085647240,おーいお茶新茶 ５２５ｍｌＸ２４ ,24
'4901085647592,おーいお茶玄米茶 ６００ｍｌ ,'4901085647608,おーいお茶玄米茶 ６００ｍｌＸ２４ ,24
'4901085647615,おーいお茶玄米茶 ２Ｌ ,'4901085647622,おーいお茶玄米茶 ２ＬＸ６ ,6
'4901085647653,おーいお茶まろやか ４６０ｍｌ ,'4901085647660,おーいお茶まろやか ４６０ｍｌＸ３０ ,30
'4901085647677,抹茶ラブ無糖 １９０ｍｌ ,'4901085647684,抹茶ラブ無糖 １９０ｍｌＸ３０ ,30
'4901085647691,玄米茶パウダーイン ２７５ｍｌ ,'4901085647707,玄米茶パウダーイン ２７５ｍｌＸ２４ ,24
'4901085647837,冷凍ボトル天然水 ４８５ｍｌ ,'4901085647844,冷凍ボトル天然水 ４８５ｍｌＸ２４ ,24
'4901085647868,タリーズティー無糖紅茶 ４５０ｍｌ ,'4901085647875,タリーズティー無糖紅茶 ４５０ｍｌＸ２４ ,24
'4901085647974,おーいお茶カテキン緑茶 ５００ｍｌ ,'4901085647981,おーいお茶カテキン緑茶 ５００ｍｌＸ２４ ,24
'4901085647998,おーいお茶カテキン緑茶 １Ｌ ,'4901085648001,おーいお茶カテキン緑茶 １ＬＸ１２ ,12
'4901085648018,おーいお茶カテキン緑茶 ２Ｌ ,'4901085648025,おーいお茶カテキン緑茶 ２ＬＸ６ ,6
'4901085648056,ジャススパークリング ２８０ｍｌ ,'4901085648063,ジャススパークリング ２８０ｍｌＸ２４ ,24
'4901085648476,アールグレイカフェラテ ５００ｍｌ ,'4901085648483,アールグレイカフェラテ ５００ｍｌＸ２４ ,24
'4901085648575,おーい濃い茶プレミアム ４７０ｍｌ ,'4901085648582,おーい濃い茶プレミアム ４７０ｍｌＸ２４ ,24
'4901085648964,おーいまろやか檸檬緑茶 ６００ｍｌ ,'4901085648971,おーいまろやか檸檬緑茶 ６００ｍｌＸ２４ ,24
'4901085649169,ニッポンメロンミルク ４５０ｇ ,'4901085649176,ニッポンメロンミルク ４５０ｇＸ２４ ,24
'4901085649183,ウメソーダＲＥＤ ５００ｍｌ ,'4901085649190,ウメソーダＲＥＤ ５００ｍｌＸ２４ ,24
'4901085649725,おーい機能性ほうじ ３５０ｍｌ ,'4901085649732,おーい機能性ほうじ ３５０ｍｌＸ２４ ,24
'4901085649763,タリーズクリアブラック ５００ｍｌ ,'4901085649770,タリーズクリアブラック ５００ｍｌＸ２４ ,24
'4901085649787,タリーズノンシュガラテ ５００ｍｌ ,'4901085649794,タリーズノンシュガラテ ５００ｍｌＸ２４ ,24
'4901085649800,タリーズカフェラテ ５００ｍｌ ,'4901085649817,タリーズカフェラテ ５００ｍｌＸ２４ ,24
'4901085650103,乳酸菌ソーダレモン ５００ｍｌ ,'4901085650110,乳酸菌ソーダレモン ５００ｍｌＸ２４ ,24
'4901085650127,乳酸菌ソーダハニー ５００ｍｌ ,'4901085650134,乳酸菌ソーダハニー ５００ｍｌＸ２４ ,24
'4901085650141,北海道限定メロンソーダ ４１０ｍｌ ,'4901085650158,北海道限定メロンソーダ ４１０ｍｌＸ２４ ,24
'4901085650165,もぐっとナタデぶどう ３８０ｇ ,'4901085650172,もぐっとナタデぶどう ３８０ｇＸ２４ ,24
'4901085650189,栃木県産にっこり梨 ５００ｇ ,'4901085650196,栃木県産にっこり梨 ５００ｇＸ２４ ,24
'4901085650202,長野県産りんご三兄弟 ４００ｇ ,'4901085650219,長野県産りんご三兄弟 ４００ｇＸ２４ ,24
'4901085650424,タリーズクリーミココア ２６０ｍｌ ,'4901085650431,タリーズクリーミココア ２６０ｍｌＸ２４ ,24
'4901085650448,おーいまろやかゆず焙じ ６００ｍｌ ,'4901085650455,おーいまろやかゆず焙じ ６００ｍｌＸ２４ ,24
'4901085650837,機能性表示理想のトマト ７４０ｇ ,'4901085650844,機能性表示理想のトマト ７４０ｇＸ１５ ,15
'4901085650851,機能性表示理想のトマト １９０ｇ ,'4901085650868,機能性表示理想のトマト １９０ｇＸ２０ ,20
'4901085650905,ごまミルク １９０ｇ ,'4901085650912,ごまミルク １９０ｇＸ３０ ,30
'4901085651100,タリーズルイボスラテ ４８０ｍｌ ,'4901085651117,タリーズルイボスラテ ４８０ｍｌＸ２４ ,24
'4901085651247,Ｔティーベース無糖紅茶 ３４０ｍｌ ,'4901085651254,Ｔティーベース無糖紅茶 ３４０ｍｌＸ１２ ,12
'4901085651278,バナナクリームソーダ ４８０ｍｌ ,'4901085651285,バナナクリームソーダ ４８０ｍｌＸ２４ ,24
'4901085651360,杏仁烏龍 ４８０ｍｌ ,'4901085651377,杏仁烏龍 ４８０ｍｌＸ２４ ,24
'4901085651414,ＴＳアップルルイボス ４５０ｍｌ ,'4901085651421,ＴＳアップルルイボス ４５０ｍｌＸ２４ ,24
'4901085651452,健康ミネラルむぎ茶 ３５０ｍｌ ,'4901085651469,健康ミネラルむぎ茶 ３５０ｍｌＸ２４ ,24
'4901085651483,アロマスパゆず ４１０ｍｌ ,'4901085651490,アロマスパゆず ４１０ｍｌＸ２４ ,24
'4901085651544,おーいまろやかゆず焙じ ２７５ｍｌ ,'4901085651551,おーいまろやかゆず焙じ ２７５ｍｌＸ２４ ,24
'4901085651568,おーいまろやか柑橘緑茶 ６００ｍｌ ,'4901085651575,おーいまろやか柑橘緑茶 ６００ｍｌＸ２４ ,24
'4901085651926,パウダーイン玄米福茶 ３３０ｍｌ ,'4901085651933,パウダーイン玄米福茶 ３３０ｍｌＸ２４ ,24
'4901085652008,ＨＯＴジャスミンティー ３５０ｍｌ ,'4901085652015,ＨＯＴジャスミンティー ３５０ｍｌＸ２４ ,24
'4901085652084,Ｔエスプレベース無糖 ３４０ｍｌ ,'4901085652091,Ｔエスプレベース無糖 ３４０ｍｌＸ１２ ,12
'4901085652107,Ｔエスプレベース甘さ控 ３４０ｍｌ ,'4901085652114,Ｔエスプレベース甘さ控 ３４０ｍｌＸ１２ ,12
'4901085652145,もぐっとナタデマンゴー ３８０ｇ ,'4901085652152,もぐっとナタデマンゴー ３８０ｇＸ２４ ,24
'4901085652800,さくら緑茶 ５００ｍｌ ,'4901085652817,さくら緑茶 ５００ｍｌＸ２４ ,24
'4901085653142,芒果烏龍 ４８０ｍｌ ,'4901085653159,芒果烏龍 ４８０ｍｌＸ２４ ,24
'4901085653173,タリーズビターブラック ２６０ｍｌ ,'4901085653180,タリーズビターブラック ２６０ｍｌＸ２４ ,24
'4901085653197,タリーズライムトニック ２６０ｍｌ ,'4901085653203,タリーズライムトニック ２６０ｍｌＸ２４ ,24
'4901085653326,とろなめらか苺豆花烏龍 ４８０ｍｌ ,'4901085653333,とろなめらか苺豆花烏龍 ４８０ｍｌＸ２４ ,24
'4901085653364,健康ミネラルむぎ茶黒豆 ６５０ｍｌ ,'4901085653371,健康ミネラルむぎ茶黒豆 ６５０ｍｌＸ２４ ,24
'4901085653388,健康ミネラル黒豆麦茶 ６５０ｍｌ ,'4901085653395,健康ミネラル黒豆麦茶 ６５０ｍｌＸ２４ ,24
'4901085653463,ＴＢキリマンジャロ ３９０ｍｌ ,'4901085653470,ＴＢキリマンジャロ ３９０ｍｌＸ２４ ,24
'4901085653838,リカバリーブーストＳＰ ５００ｍｌ ,'4901085653845,リカバリーブーストＳＰ ５００ｍｌＸ２４ ,24
'4901085653852,おーいお茶ピュアグリ ６００ｍｌ ,'4901085653869,おーいお茶ピュアグリ ６００ｍｌＸ２４ ,24
'4901085653876,おーいお茶ピュアグリ ２Ｌ ,'4901085653883,おーいお茶ピュアグリ ２ＬＸ６ ,6
'4901085653890,おーいお茶緑茶希釈 ４７０ｍｌ ,'4901085653906,おーいお茶緑茶希釈 ４７０ｍｌＸ２４ ,24
'4901085654026,ヨーグルセーキソフト １５０ｇ ,'4901085654033,ヨーグルセーキソフト １５０ｇＸ３０ ,30
'4901085654040,ヨーグルセーキぶどう １５０ｇ ,'4901085654057,ヨーグルセーキぶどう １５０ｇＸ３０ ,30
'4901085654064,ヨーグルチェバニラ ３４０ｍｌ ,'4901085654071,ヨーグルチェバニラ ３４０ｍｌＸ１２ ,12
'4901085654088,ヨーグルチェいちご ３４０ｍｌ ,'4901085654095,ヨーグルチェいちご ３４０ｍｌＸ１２ ,12
'4901085654101,冷製コーンポタージュ １７０ｇ ,'4901085654118,冷製コーンポタージュ １７０ｇＸ３０ ,30
'4901085654125,ニッポンエールかんきつ ４００ｇ ,'4901085654132,ニッポンエールかんきつ ４００ｇＸ２４ ,24
'4901085654149,瀬戸内広島レモン ５００ｇ ,'4901085654156,瀬戸内広島レモン ５００ｇＸ２４ ,24
'4901085654163,ニッポンエール日向夏 ５００ｇ ,'4901085654170,ニッポンエール日向夏 ５００ｇＸ２４ ,24
'4901085654187,もぐっとナタデ＆パイン ３８０ｇ ,'4901085654194,もぐっとナタデ＆パイン ３８０ｇＸ２４ ,24
'4901085654248,毎日１杯の青汁パイン ３５０ｇ ,'4901085654255,毎日１杯の青汁パイン ３５０ｇＸ２４ ,24
'4901085654316,お酢ぐるとソーダ ４００ｍｌ ,'4901085654323,お酢ぐるとソーダ ４００ｍｌＸ２４ ,24
'4901085654330,濃厚キャラメルクリソー ４７０ｍｌ ,'4901085654347,濃厚キャラメルクリソー ４７０ｍｌＸ２４ ,24
'4901085654569,おーいお茶ほうじ茶 ２Ｌ ,'4901085654576,おーいお茶ほうじ茶 ２ＬＸ６ ,6
'4901085654606,おーいお茶玄米茶 ２Ｌ ,'4901085654613,おーいお茶玄米茶 ２ＬＸ６ ,6
'4901085654743,おーいお茶レモグリ ６００ｍｌ ,'4901085654750,おーいお茶レモグリ ６００ｍｌＸ２４ ,24
'4901085654767,バタフライピーティー ５００ｍｌ ,'4901085654774,バタフライピーティー ５００ｍｌＸ２４ ,24
'4901085654934,コーヒーサングリア ２６０ｍｌ ,'4901085654941,コーヒーサングリア ２６０ｍｌＸ２４ ,24
'4901085654958,健康ミネラル黒豆麦茶 ２Ｌ ,'4901085654965,健康ミネラル黒豆麦茶 ２ＬＸ６ ,6
'4901085655139,ＲＥＤレモネード ４００ｇ ,'4901085655146,ＲＥＤレモネード ４００ｇＸ２４ ,24
'4901085655153,１日分の野菜ＧＯＬＤ ２００ｇ ,'4901085655160,１日分の野菜ＧＯＬＤ ２００ｇＸ３０ ,30
'4901085655443,大豆イソフラボン黒豆茶 ５００ｍｌ ,'4901085655450,大豆イソフラボン黒豆茶 ５００ｍｌＸ２４ ,24
'4901085655467,大豆イソフラボン黒豆茶 ２７５ｍｌ ,'4901085655474,大豆イソフラボン黒豆茶 ２７５ｍｌＸ２４ ,24
'4901085655603,ビタミン野菜 ７４０ｇ ,'4901085655566,ビタミン野菜 ７４０ｇＸ１５ ,15
'4901085655726,濃い茶ＰＲＥＭＩＵＭ １０００ｍｌ ,'4901085655733,濃い茶ＰＲＥＭＩＵＭ １０００ｍｌＸ１２ ,12
'4901085655917,パウダーイン玄米茶 ２７５ｍｌ ,'4901085655924,パウダーイン玄米茶 ２７５ｍｌＸ２４ ,24
'4901085655948,おーいお茶新茶 ６００ｍｌ ,'4901085655955,おーいお茶新茶 ６００ｍｌＸ２４ ,24
'4901085655962,冷凍ボトルおーいお茶 ４８５ｍｌ ,'4901085656501,冷凍ボトルおーいお茶 ４８５ｍｌＸ２４ ,24
'4901085655986,タリーズティーブラック ６００ｍｌ ,'4901085655993,タリーズティーブラック ６００ｍｌＸ２４ ,24
'4901085656204,冷凍健康ミネラルむぎ茶 ４８５ｍｌ ,'4901085656211,冷凍健康ミネラルむぎ茶 ４８５ｍｌＸ２４ ,24
'4901085656310,冷凍ボトル冷梅 ５００ｇ ,'4901085656327,冷凍ボトル冷梅 ５００ｇＸ２４ ,24
'4901085656334,冷凍フローズンレモン ４８５ｇ ,'4901085656341,冷凍フローズンレモン ４８５ｇＸ２４ ,24
'4901085656488,おーいほうじ茶スリム １０００ｍｌ ,'4901085656495,おーいほうじ茶スリム １０００ｍｌＸ１２ ,12
'4901085656518,ルイボスティースリム １０００ｍｌ ,'4901085656525,ルイボスティースリム １０００ｍｌＸ１２ ,12
'4901085657003,白桃烏龍 ４８０ｍｌ ,'4901085657010,白桃烏龍 ４８０ｍｌＸ２４ ,24
'4901085657072,パウダーイン抹茶ラブ １９０ｍｌ ,'4901085657089,パウダーイン抹茶ラブ １９０ｍｌＸ３０ ,30
'4901085657133,メロン＆ミルク ４５０ｇ ,'4901085657140,メロン＆ミルク ４５０ｇＸ２４ ,24
'4901085657225,にっこり梨ソーダ ４１０ｍｌ ,'4901085657232,にっこり梨ソーダ ４１０ｍｌＸ２４ ,24
'4901085658178,おーいお茶カテキン緑茶 ２Ｌ ,'4901085658185,おーいお茶カテキン緑茶 ２ＬＸ６ ,6
'4901085658192,おーいお茶カテキン緑茶 １Ｌ ,'4901085658208,おーいお茶カテキン緑茶 １ＬＸ１２ ,12
'4901085658215,おーいお茶カテキン緑茶 ５００ｍｌ ,'4901085658222,おーいお茶カテキン緑茶 ５００ｍｌＸ２４ ,24
'4901085658239,おーいお茶カテキン緑茶 ５００ｍｌＸ５＋１ ,'4901085658246,おーいお茶カテキン緑茶 ５００ｍｌＸ５＋１Ｘ４ ,4
'4901085658277,愛媛県産キウイ ５００ｇ ,'4901085658284,愛媛県産キウイ ５００ｇＸ２４ ,24
'4901085658291,山梨県産すもも ５００ｇ ,'4901085658307,山梨県産すもも ５００ｇＸ２４ ,24
'4901085658314,長野県産りんご三兄弟 ４００ｇ ,'4901085658321,長野県産りんご三兄弟 ４００ｇＸ２４ ,24
'4901085658376,おーいＹＵＺＵＨＯＪＩ ６００ｍｌ ,'4901085658383,おーいＹＵＺＵＨＯＪＩ ６００ｍｌＸ２４ ,24
'4901085658536,プラチナホワイトラテ ２６０ｍｌ ,'4901085658543,プラチナホワイトラテ ２６０ｍｌＸ２４ ,24
'4901085658550,プラチナビターブラック ５００ｍｌ ,'4901085658567,プラチナビターブラック ５００ｍｌＸ２４ ,24
'4901085658574,ＨＯＴイソフラボン黒豆 ４５０ｍｌ ,'4901085658581,ＨＯＴイソフラボン黒豆 ４５０ｍｌＸ２４ ,24
'4901085658598,大豆イソフラボン黒豆茶 ５００ｍｌ ,'4901085658604,大豆イソフラボン黒豆茶 ５００ｍｌＸ２４ ,24
'4901085658611,ＨＯＴＪＡＳＭＩＮＥ ５００ｍｌ ,'4901085658628,ＨＯＴＪＡＳＭＩＮＥ ５００ｍｌＸ２４ ,24
'4901085658635,ＨＯＴＪＡＳＭＩＮＥ ３５０ｍｌ ,'4901085658642,ＨＯＴＪＡＳＭＩＮＥ ３５０ｍｌＸ２４ ,24
'4901085658659,ＪＡＳＭＩＮＥ ３５０ｍｌ ,'4901085658666,ＪＡＳＭＩＮＥ ３５０ｍｌＸ２４ ,24
'4901085658673,健康ミネラルむぎ茶黒豆 ２Ｌ ,'4901085658680,健康ミネラルむぎ茶黒豆 ２ＬＸ６ ,24
'4901085658710,ＨＯＴなめらか杏仁烏龍 ４８０ｍｌ ,'4901085658727,ＨＯＴなめらか杏仁烏龍 ４８０ｍｌＸ２４ ,24
'4901085658734,とろっとなめらか杏仁烏龍 ４８０ｍｌ ,'4901085658741,とろっとなめらか杏仁烏龍 ４８０ｍｌＸ２４ ,24
'4901085658758,なめらかマロン烏龍 ４８０ｍｌ ,'4901085658765,なめらかマロン烏龍 ４８０ｍｌＸ２４ ,24
'4901085658772,とろっとなめらか杏仁烏龍 ２６０ｍｌ ,'4901085658789,とろっとなめらか杏仁烏龍 ２６０ｍｌＸ２４ ,24
'4901085658819,イソフラボン黒豆レンジ ２７５ｍｌ ,'4901085658826,イソフラボン黒豆レンジ ２７５ｍｌＸ２４ ,24
'4901085658833,ＰＵＲＥＧＲＥＥＮ ２０００ｍｌ ,'4901085658840,ＰＵＲＥＧＲＥＥＮ ２０００ｍｌＸ６ ,6
'4901085658857,ＰＵＲＥＧＲＥＥＮ ６００ｍｌ ,'4901085658864,ＰＵＲＥＧＲＥＥＮ ６００ｍｌＸ２４ ,24
'4901085658871,ＬＥＭＯＮＧＲＥＥＮ ６００ｍｌ ,'4901085658888,ＬＥＭＯＮＧＲＥＥＮ ６００ｍｌＸ２４ ,24
'4901085659489,抹茶Ｌｏｖｅ柚子抹茶 ４７５ｍｌ ,'4901085659496,抹茶Ｌｏｖｅ柚子抹茶 ４７５ｍｌＸ２４ ,24
'4901085659502,抹茶ラブ生姜と抹茶 ４７５ｍｌ ,'4901085659519,抹茶ラブ生姜と抹茶 ４７５ｍｌＸ２４ ,24
'4901085659526,エスプレッソベース無糖 ３４０ｍｌ ,'4901085659533,エスプレッソベース無糖 ３４０ｍｌＸ１２ ,12
'4901085659540,エスプレッソベース甘控 ３４０ｍｌ ,'4901085659557,エスプレッソベース甘控 ３４０ｍｌＸ１２ ,12
'4901085659564,エスプハニーミルクラテ ３４０ｍｌ ,'4901085659571,エスプハニーミルクラテ ３４０ｍｌＸ１２ ,12
'4901085659786,濃い乳酸菌ソーダ ４７０ｍｌ ,'4901085659793,濃い乳酸菌ソーダ ４７０ｍｌＸ２４ ,24
'4901085659809,１メモリで１食分の野菜 ３４０ｍｌ ,'4901085659816,１メモリで１食分の野菜 ３４０ｍｌＸ１２ ,12
'4901085659823,ＩｎｎｅｒＧｒｅｅｎ ４５０ｇ ,'4901085659830,ＩｎｎｅｒＧｒｅｅｎ ４５０ｇＸ２４ ,24
'4901085659847,トリュフ香るポタージュ １７０ｇ ,'4901085659854,トリュフ香るポタージュ １７０ｇＸ３０ ,30
'4901085659984,ヨーグルセーキバナナ １５０ｇ ,'4901085660003,ヨーグルセーキバナナ １５０ｇＸ６ ,6
'4901085659984,ヨーグルセーキバナナ １５０ｇ ,'4901085659991,ヨーグルセーキバナナ １５０ｇＸ３０ ,24
'4901085660010,ヨーグルチェマスカット ３４０ｍｌ ,'4901085660027,ヨーグルチェマスカット ３４０ｍｌＸ１２ ,24
'4901085660362,パウダー抹茶ラブ無糖 １９０ｍｌ ,'4901085660379,パウダー抹茶ラブ無糖 １９０ｍｌＸ３０ ,30
'4901085660386,大分産完熟かぼすソーダ ４１０ｍｌ ,'4901085660393,大分産完熟かぼすソーダ ４１０ｍｌＸ２４ ,24
'4901085660461,やみつき白ぶどうソーダ ３５０ｍｌ ,'4901085660478,やみつき白ぶどうソーダ ３５０ｍｌＸ２４ ,24
'4901085660614,タリーズティー無糖紅茶 ３４０ｍｌ ,'4901085660621,タリーズティー無糖紅茶 ３４０ｍｌＸ１２ ,12
'4901085660706,おーいお茶ほうじ茶 ３５０ｍｌ ,'4901085660713,おーいお茶ほうじ茶 ３５０ｍｌＸ２４ ,24
'4901085660720,おーいお茶玄米茶 ３５０ｍｌ ,'4901085660737,おーいお茶玄米茶 ３５０ｍｌＸ２４ ,24
'4901085660751,もぐナタデココマンゴー ３８０ｇ ,'4901085660768,もぐナタデココマンゴー ３８０ｇＸ２４ ,24
'4901085660775,もぐナタデココぶどう ３８０ｇ ,'4901085660782,もぐナタデココぶどう ３８０ｇＸ２４ ,24
'4901085660836,ＰＵＲＥＧＲＥＥＮ ３５０ｍｌ ,'4901085660843,ＰＵＲＥＧＲＥＥＮ ３５０ｍｌＸ２４ ,24
'4901085661611,濃い茶ＰＲＥＭＩＵＭ ４７０ｍｌ ,'4901085661628,濃い茶ＰＲＥＭＩＵＭ ４７０ｍｌＸ２４ ,24
'4901085662465,抹茶ラブさくら抹茶 ３３０ｍｌ ,'4901085662472,抹茶ラブさくら抹茶 ３３０ｍｌＸ２４ ,24
'4901085663455,おーいお茶ＳＡＫＵＲＡ ６００ｍｌ ,'4901085663462,おーいお茶ＳＡＫＵＲＡ ６００ｍｌＸ２４ ,24
'4901111192713,ＡＧＦブレンディ低糖 ９００ｍｌ ,'4901111192706,  ,12
'4901111192812,ＡＧＦブレンディ無糖 ９００ｍｌ ,'4901111192782,ＡＧＦブレンディ無糖 ９００ｍｌ×１２ ,12
'4901201113789,ＢＬＡＣＫ無糖ＳＭＯＯＴＨ＆ ３７５ｇ ,'4901201113796,ＢＬＡＣＫ無糖Ｓ＆Ｃケース ３７５ｇｘ２４ ,24
'4901201119583,Ｂ＆ＲカフェラテＲ缶 ３７５ｇ ,'4901201119590,Ｂ＆ＲカフェラテＲ缶 ３７５ｇＸ２４ ,24
'4901201124495,紅茶の時間ストレートティ無糖 ９３０ｍｌ ,'4901201124532,  ,12
'4901201124594,紅茶の時間ウィズレモン低糖 ９３０ｍｌ ,'4901201124600,紅茶の時間ウィズレモン低糖 ９３０ｍｌＸ１２ ,12
'4901201125508,こだわりＢＬＥＮＤ低糖 ９３０ｍｌ ,'4901201125690,こだわりＢＬＥＮＤ低糖 ９３０ｍｌＸ１２ ,12
'4901201127175,ザコーヒーコク際立つ微糖 ２６０ｇ ,'4901201127182,ザコーヒー微糖（ケース） ２６０ｇＸ２４ ,24
'4901201127199,ＣＯＦＦＥＥ　カフェオレ ２６０ｇ ,'4901201127205,ＣＯＦＦＥＥ　カフェオレケース ２６０ｇＸ２４ ,24
'4901201129100,Ｂ＆Ｒマイルドラテ ５００ｍｌ ,'4901201129117,  ,24
'4901201133022,Ｂ＆Ｒデカフェラテ ５００ｍｌ ,'4901201133039,Ｂ＆Ｒデカフェラテ ５００ｍｌＸ２４ ,24
'4901201133213,ミルクコーヒー ２５０ｇ ,'4901201133220,ミルクコーヒー ２５０ｇＸ３０ ,30
'4901201137945,ＢＬＡＣＫＣＯＬＤＢＲＥＷ ５００ｍｌ ,'4901201137952,ＢＬＡＣＫＣＯＬＤＢＲＥＷ ５００ｍｌＸ２４ ,24
'4901201138041,ＢＬＡＣＫ無糖ＦＵＬＬＢＯ ３７５ｇ ,'4901201138058,ＢＬＡＣＫ無糖ＦＵＬＬＢＯ ３７５ｇＸ２４ ,24
'4901201138362,ＴＨＥＤＲＩＰ無糖 １０００ｍｌ ,'4901201138379,ＴＨＥＤＲＩＰ無糖 １０００ｍｌＸ１２ ,12
'4901201138386,ＴＨＥＤＲＩＰ甘さひかえめ １０００ｍｌ ,'4901201138393,  ,12
'4901201140631,上島珈琲店ミルク珈琲 ２７０ｍｌ ,'4901201140648,上島珈琲店ミルク珈琲 ２７０ｍｌＸ２４ ,24
'4901201140655,上島珈琲店黒糖入り珈琲 ２７０ｍｌ ,'4901201140662,上島珈琲店黒糖入り珈琲 ２７０ｍｌＸ２４ ,24
'4901201141188,Ｂ＆Ｒ贅沢カフェオレ １８５ｇ ,'4901201141195,  ,30
'4901201141508,ＣＯＬＤＢＲＥＷレモネード ５００ｍｌ ,'4901201141515,  ,24
'4901201141539,ＢＬＡＣＫＣＯＬＤＢＲＥＷ ５００ｍｌ ,'4901201141546,ＢＬＡＣＫＣＯＬＤＢＲＥＷ ５００ｍｌＸ２４ ,24
'4901201141553,Ｂ＆Ｒミルク好きバナナラテ ４５０ｍｌ ,'4901201141560,  ,24
'4901201141607,ＯＲＩＧＩＮＢＬＡＣＫブル ２７５ｇ ,'4901201141614,  ,24
'4901201141713,上島珈琲店ミルク珈琲 ２７０ｍｌ ,'4901201141720,上島珈琲店ミルク珈琲 ２７０ｍｌＸ２４ ,24
'4901201141768,上島珈琲店黒糖入り珈琲 ２７０ｍｌ ,'4901201141775,上島珈琲店黒糖入り珈琲 ２７０ｍｌＸ２４ ,24
'4901201143878,ＣＯＬＤＢＲＥＷＤＥＣＡＦＥ ５００ｍｌ ,'4901201143885,ＣＯＬＤＢＲＥＷＤＥＣＡＦＥ ５００ｍｌＸ２４ ,24
'4901201143946,ＢＬＡＣＫブルーマウンテン ２７５ｇ ,'4901201143953,ＢＬＡＣＫブルーマウンテン ２７５ｇＸ２４ ,24
'4901201143977,紅茶の時間ティーウィズ柚子 ９３０ｍｌ ,'4901201143984,  ,12
'4901201143991,Ｂ＆Ｒミルク好きキャラメル ４５０ｍｌ ,'4901201144004,  ,24
'4901201144561,ＢＬＡＣＫ無糖ＲＩＣＨ ３７５ｇ ,'4901201144578,ＢＬＡＣＫ無糖ＲＩＣＨ ３７５ｇＸ２４ ,24
'4901201146527,ＣＯＬＤＢＲＥＷＢＬＡＣＫ ５００ｍｌ ,'4901201146534,ＣＯＬＤＢＲＥＷＢＬＡＣＫ ５００ｍｌＸ２４ ,24
'4901201146572,ＣＯＬＤＢＲＥＷＬＡＴＴＥ ５００ｍｌ ,'4901201146589,ＣＯＬＤＢＲＥＷＬＡＴＴＥ ５００ｍｌＸ２４ ,24
'4901201146596,職人の珈琲無糖 ９００ｍｌ ,'4901201146602,職人の珈琲無糖 ９００ｍｌＸ１２ ,12
'4901201146633,職人の珈琲低糖 ９００ｍｌ ,'4901201146640,職人の珈琲低糖 ９００ｍｌＸ１２ ,12
'4901201146657,職人の珈琲ミルクに最適 ９００ｍｌ ,'4901201146664,職人の珈琲ミルクに最適 ９００ｍｌＸ１２ ,12
'4901201148484,ＯＲＩＧＩＮコロンビア ２７５ｇ ,'4901201148491,ＯＲＩＧＩＮコロンビア ２７５ｇＸ２４ ,24
'4901201148705,ＣＯＬＤＢＲＥＷハニーミルク ２８０ｍｌ ,'4901201148712,  ,24
'4901201150135,ＯＲＩＧＩＮＢＬＡＣＫザンビ ２７５ｇ ,'4901201150142,ＯＲＩＧＩＮＢＬＡＣＫザンビ ２７５ｇＸ２４ ,24
'4901201150197,おいしいカフェインレス無糖 ９００ｍｌ ,'4901201150203,おいしいカフェインレス無糖 ９００ｍｌＸ１２ ,12
'4901201150319,ゴールドスペシャルアイス無糖 １０００ｍｌ ,'4901201150326,ゴールドスペシャルアイス無糖 １０００ｍｌＸ１２ ,12
'4901201150333,ゴールドスペシャルアイス甘さ １０００ｍｌ ,'4901201150340,ゴールドスペシャルアイス甘さ １０００ｍｌＸ１２ ,12
'4901201150463,上島珈琲店ミルク珈琲 ２７０ｍｌ ,'4901201150470,上島珈琲店ミルク珈琲 ２７０ｍｌＸ２４ ,24
'4901201150487,上島珈琲店黒糖入りミルク ２７０ｍｌ ,'4901201150494,上島珈琲店黒糖入りミルク ２７０ｍｌＸ２４ ,24
'4901201150609,ＢＬＡＣＫ無糖Ｎｅｗ １８５ｇ ,'4901201150616,ＢＬＡＣＫ無糖Ｎｅｗ １８５ｇＸ３０ ,30
'4901201153365,ブラック無糖ブルマンキリマン ２７５ｇ ,'4901201153372,ブラック無糖ブルマンキリマン ２７５ｇＸ２４ ,24
'4901201153433,ブラック無糖リッチ３７５ ３７５ｇ ,'4901201153440,ブラック無糖リッチ３７５ ３７５ｇＸ２４ ,24
'4901201153594,ブレンドコーヒー缶６Ｐ １８５ｇＸ６Ｐ ,'4901201153600,ブレンドコーヒー缶６Ｐ １８５ｇＸ６ＰＸ５ ,5
'4901201153617,ブレンドコーヒー微糖缶６Ｐ １８５ｇＸ６Ｐ ,'4901201153624,ブレンドコーヒー微糖缶６Ｐ １８５ｇＸ６ＰＸ５ ,5
'4901201154669,上島珈琲店ブルボンヴァニラ ２７０ｍｌ ,'4901201154676,上島珈琲店ヴァニラ（ケース） ２７０ｍｌＸ２４ ,24
'4901201154683,ＢＬＡＣＫ無糖ゲイシャＲ缶 ２７５ｇ ,'4901201154690,ＢＬＡＣＫゲイシャ（ケース） ２７５ｇＸ２４ ,24
'4901201154706,生クリーム入りカフェラテＲ缶 ３７５ｇ ,'4901201154713,生クリームラテ（ケース） ３７５ｇＸ２４ ,24
'4901201155185,Ｂ＆Ｒクレームブリュレラテ ４５０ｍｌ ,'4901201155192,Ｂ＆Ｒブリュレラテ（ケース） ４５０ｍｌＸ２４ ,24
'4901201156694,Ｂ＆Ｒ塩バニララテ ４５０ｍｌ ,'4901201156700,Ｂ＆Ｒ塩バニララテ（ケース） ４５０ｍｌＸ２４ ,24
'4901201156731,ＣＢ　ＢＬＡＣＫ ５００ｍｌ ,'4901201156748,ＣＢ　ＢＬＡＣＫ（ケース） ５００ｍｌｘ２４ ,24
'4901201156755,ＣＢ　ＬＡＴＴＥ ５００ｍｌ ,'4901201156762,ＣＢ　ＬＡＴＴＥ（ケース） ５００ｍｌｘ２４ ,24
'4901201157158,ＣＢ水淹れＲ缶２７５ｇ ２７５ｇ ,'4901201157165,ＣＢ水淹れ２７５ｇ（ケース） ２７５ｇＸ２４ ,24
'4901201157875,ＣＢ　Ｎｏｎ　Ｓｗｅｅｔ ５００ｍｌ ,'4901201157882,ＣＢＮＳｗｅｅｔ（ケース） ５００ｍｌＸ２４ ,24
'4901201157899,Ｂ＆Ｒミルク ４５０ｍｌ ,'4901201157905,Ｂ＆Ｒミルク（ケース） ４５０ｍｌＸ２４ ,24
'4901201157936,Ｂ＆Ｒ　生クリーム ４５０ｍｌ ,'4901201157943,Ｂ＆Ｒ生クリーム（ケース） ４５０ｍｌＸ２４ ,24
'4901201158179,黒の余韻２７５ｇ ２７５ｇ ,'4901201158186,黒の余韻２７５ｇ（ケース） ２７５ｇＸ２４ ,24
'4901201158209,黒の余韻３７５ｇ ３７５ｇ ,'4901201158216,黒の余韻３７５ｇ（ケース） ３７５ｇＸ２４ ,24
'4901201208096,ＵＣＣブラック無糖 １８５ｇ ,'4901201231940,ＵＣＣブラック無糖 １８５ｇ×３０ ,30
'4901201224799,ＵＣＣブレンドコーヒー １８５ｇ ,'4901201235344,ＵＣＣブレンドコーヒー １８５ｇ×３０ ,30
'4901201224805,ＵＣＣブレンド微糖 １８５ｇ ,'4901201235450,ＵＣＣブレンド微糖 １８５ｇ×３０ ,30
'4901201224812,ＵＣＣブレンドカフェオレ １８５ｇ ,'4901201235368,ＵＣＣブレンドカフェオレ １８５ｇ×３０ ,30
'4901201225420,ＵＣＣこだわりブラック無糖 ９３０ｍｌ ,'4901201237195,ＵＣＣこだわりブラックケース ９３０ｍｌＸ１２ ,12
'4901301154019,花王　ヘルシア緑茶 ３５０ｍｌ ,'4901301154095,  ,24
'4901301240835,花王ヘルシアスパークリング ５００ｍｌ ,'4901301240842,花王ヘルシアスパークリング ５００ｍｌＸ２４ ,24
'4901301287618,ヘルシアコーヒー無糖 １８５ｇ ,'4901301287649,ヘルシアコーヒー無糖 １８５ｇ×３０ ,30
'4901301287625,ヘルシアコーヒー微糖 １８５ｇ ,'4901301287632,ヘルシアコーヒー微糖 １８５ｇ×３０ ,30
'4901301324498,ヘルシア緑茶スリムボトル ３５０ｍｌ ,'4901301326560,ヘルシア緑茶スリムボトル梱 ３５０ｍｌ×２４ ,24
'4901301334633,ヘルシアウォーター ５００ｍｌ ,'4901301338310,ヘルシアウォーターケース ５００ｍｌｘ２４ ,24
'4901301335647,ヘルシア緑茶うまみ贅沢仕立て ５００ｍｌ ,'4901301338600,ヘルシアうまみ贅沢仕立て梱 ５００ｍｌｘ２４ ,24
'4901301348708,ヘルシアうまみ贅沢１Ｌ １Ｌ ,'4901301500069,ヘルシアうまみ贅沢１Ｌ梱 １ＬＸ１２ ,12
'4901301365217,ヘルシア緑茶１．０５Ｌ １０５０ｍｌ ,'4901301365316,ヘルシア緑茶１．０５Ｌケース １０５０ｍｌＸ１２ ,12
'4901301378569,ヘルシアブラッドオレンジ ５００ｍｌ ,'4901301387561,  ,24
'4901301378576,ヘルシア白ぶどう ５００ｍｌ ,'4901301387578,ヘルシア白ぶどう ５００ｍｌＸ２４ ,24
'4901301395993,ヘルシアｍｙリズムレモン ５００ｍｌ ,'4901301403711,ヘルシアｍｙリズムレモン ５００ｍｌＸ２４ ,24
'4901301396013,ヘルシアｍｙリズムキウイ ５００ｍｌ ,'4901301401663,ヘルシアｍｙリズムキウイ ５００ｍｌＸ２４ ,24
'4901301396273,ヘルシアｗいいこと巡り茶 ５００ｍｌ ,'4901301401168,ヘルシアｗいいこと巡り茶 ５００ｍｌＸ２４ ,24
'4901301410276,ヘルシアＷいいこと巡り茶１Ｌ １０００ｍｌ ,'4901301413468,ヘルシアＷいいこと巡茶１Ｌ梱 １０００ｍｌＸ１２本 ,12
'4901306002063,カゴメ野菜生活温州みかん ７２０ｍｌ ,'4901306002070,カゴメ野菜生活温州みかん ７２０ｍｌＸ１５ ,15
'4901306002179,カゴメ野菜生活白桃黄桃 ７２０ｍｌ ,'4901306002186,カゴメ野菜生活白桃黄桃 ７２０ｍｌＸ１５ ,15
'4901306003879,野菜生活甘夏＆レモン ７２０ｍｌ ,'4901306003886,野菜生活甘夏＆レモン ７２０ｍｌＸ１５ ,15
'4901306003909,野菜生活ゴールデンパイン ７２０ｍｌ ,'4901306003916,野菜生活ゴールデンパイン ７２０ｍｌＸ１５ ,15
'4901306006634,カゴメ野菜生活２種のぶどう ７２０ｍｌ ,'4901306006641,カゴメ野菜生活ぶどう ７２０ｍｌＸ１５ ,15
'4901306007044,カゴメ野菜生活温州みかん ７２０ｍｌ ,'4901306007051,カゴメ野菜生活温州みかん ７２０ｍｌＸ１５ ,15
'4901306008706,カゴメ野菜生活グリーンサラダ ７２０ｍｌ ,'4901306008713,カゴメ野菜生活グリーンサラダ ７２０ｍｌＸ１５ ,15
'4901306008881,カゴメ野菜生活パイン ７２０ｍｌ ,'4901306008898,カゴメ野菜生活パイン ７２０ｍｌＸ１５ ,15
'4901306009154,カゴメにんじんジュース ７２０ｍｌ ,'4901306009161,カゴメにんじんジュース ７２０ｍｌＸ１５ ,15
'4901306012659,カゴメ野菜生活赤ぶどう ７２０ｍｌ ,'4901306012666,カゴメ野菜生活赤ぶどう ７２０ｍｌＸ１５ ,15
'4901306012994,カゴメ野菜生活みかん ７２０ｍｌ ,'4901306013021,カゴメ野菜生活みかん ７２０ｍｌＸ１５ ,15
'4901306013502,カゴメ野菜生活３種の桃 ７２０ｍｌ ,'4901306013519,カゴメ野菜生活３種の桃 ７２０ｍｌＸ１５ ,15
'4901306023211,カゴメトマトジュース無塩缶 １９０ｇ ,'4901306023716,カゴメトマトジュース無塩６缶 １９０ｇＸ６ ,6
'4901306023211,カゴメトマトジュース無塩缶 １９０ｇ ,'4901306123218,カゴメトマトジュース無塩缶 １９０ｇＸ３０ ,30
'4901306024232,カゴメ無塩トマトジュース ７２０ｍｌ ,'4901306124239,カゴメ無塩トマトジュース ７２０ｍｌＸ１５ ,15
'4901306024737,カゴメトマトジュース ７２０ｍｌ ,'4901306124734,カゴメトマトジュース ７２０ｍｌＸ１５ ,15
'4901306026700,カゴメ濃厚リコピン ７２０ｍｌ ,'4901306126707,カゴメ濃厚リコピン ７２０ｍｌＸ１５ ,15
'4901306033210,カゴメ高βカロテンにんじん ７２０ｍｌ ,'4901306133217,カゴメ高βカロテンにんじん ７２０ｍｌＸ１５ ,15
'4901306033470,野菜一日これ一本Ｐｌｕｓ ２６５ｇ ,'4901306133477,  ,24
'4901306043141,カゴメ野菜生活１００ ７２０ｍｌ ,'4901306143148,カゴメ野菜生活１００ ７２０ｍｌＸ１５ ,15
'4901306043165,カゴメ野菜生活マンゴー ７２０ｍｌ ,'4901306143162,カゴメ野菜生活フルーティ ７２０ｍｌＸ１５ ,15
'4901306053492,カゴメ野菜一日これ一杯 ７２０ｍｌ ,'4901306153499,カゴメ野菜一日これ一杯 ７２０ｍｌＸ１５ ,15
'4901306075562,カゴメ野菜生活ベリーサラダ ７２０ｍｌ ,'4901306175569,カゴメ野菜生活エナジールーツ ７２０ｍｌＸ１５ ,15
'4901306077542,野菜生活アップルサラダ ７２０ｍｌ ,'4901306177549,野菜生活アップルサラダ ７２０ｍｌＸ１５ ,15
'4901306078129,カゴメ野菜ジュース無塩 ７２０ｍｌ ,'4901306178126,カゴメ野菜ジュース無塩 ７２０ｍｌＸ１５ ,15
'4901306300206,カゴメ野菜生活オレンジ ７２０ｍｌ ,'4901306300213,カゴメ野菜生活オレンジ ７２０ｍｌＸ１５ ,15
'4901306300220,カゴメ野菜生活パイン ７２０ｍｌ ,'4901306300237,カゴメ野菜生活パイン ７２０ｍｌＸ１５ ,15
'4901306300428,野菜一日これ一杯トリプルケア ７２０ｍｌ ,'4901306300435,野菜一日これ一杯トリプルケア ７２０ｍｌＸ１５ ,15
'4901306302064,トマトジュースプレミアム ７２０ｍｌ ,'4901306302071,トマトジュースプレミアム ７２０ｍｌＸ１５ ,15
'4901306302613,カゴメ野菜生活ぶどう ７２０ｍｌ ,'4901306302620,カゴメ野菜生活ぶどう ７２０ｍｌＸ１５ ,15
'4901306302637,カゴメ野菜生活温州みかん ７２０ｍｌ ,'4901306302644,カゴメ野菜生活温州みかん ７２０ｍｌＸ１５ ,15
'4901306303337,カゴメにんじんプレミアム ７２０ｍｌ ,'4901306303344,カゴメにんじんプレミアム ７２０ｍｌＸ１５ ,15
'4901306303900,カゴメ野菜生活旬にんじん ７２０ｍｌ ,'4901306303917,カゴメ野菜生活旬にんじん ７２０ｍｌＸ１５ ,15
'4901340002746,ぐんぐんグルト３種の乳酸菌 １５００ｍｌ ,'4901340002739,ぐんぐんグルト３種の乳酸菌 １５００ｍｌＸ８ ,8
'4901340009240,カルピスソーダ ５００ｍｌ ,'4901340009530,カルピスソーダ ５００ｍｌＸ２４ ,24
'4901340010543,カルピスソーダ ５００ｍｌ ,'4901340010536,カルピスソーダ ５００ｍｌＸ２４ ,24
'4901340026445,濃いめのカルピス ４９０ｍｌ ,'4901340026438,濃いめのカルピス ４９０ｍｌＸ２４ ,24
'4901340030442,ぐんぐんグルト３種の乳酸菌 ５００ｍｌ ,'4901340030435,ぐんぐんグルト３種の乳酸菌 ５００ｍｌｘ２４ ,24
'4901340035348,メロンクリームソーダ ５００ｍｌ ,'4901340035331,メロンクリームソーダ ５００ｍｌＸ２４ ,24
'4901340035447,発酵ヨーグルカルピス ５００ｍｌ ,'4901340035430,発酵ヨーグルカルピス ５００ｍｌＸ２４ ,24
'4901340038844,ゼロカロリーカルピス ４９０ｍｌ ,'4901340038837,ゼロカロリーカルピス ４９０ｍｌＸ２４ ,24
'4901340038943,ゼロカロリーカルピス １５００ｍｌ ,'4901340038936,ゼロカロリーカルピス １５００ｍｌＸ８ ,8
'4901340040748,ソーダ青りんご ５００ｍｌ ,'4901340040731,ソーダ青りんご ５００ｍｌＸ２４ ,24
'4901340043848,ぶどう＆カルピス １５００ｍｌ ,'4901340043831,  ,8
'4901340046344,ウェルチコンコード ４５０ｍｌ ,'4901340046337,ウェルチコンコード ４５０ｍｌＸ２４ ,24
'4901340047044,カラダカルピス４３０ ４３０ｍｌ ,'4901340047037,カラダカルピス４３０ ４３０ｍｌＸ２４ ,24
'4901340051546,巨峰＆カルピス ５００ｍｌ ,'4901340051539,  ,24
'4901340051645,巨峰＆カルピス １５００ｍｌ ,'4901340051638,巨峰＆カルピス １５００ｍｌＸ８ ,8
'4901340053045,ストロベリー＆カルピス ２８０ｍｌ ,'4901340053038,  ,24
'4901340054547,カルピスソーダふじ ４５０ｍｌ ,'4901340054530,  ,24
'4901340054745,カルピスソーダいちご ５００ｍｌ ,'4901340054738,  ,24
'4901340055346,白桃＆カルピス ５００ｍｌ ,'4901340055339,  ,24
'4901340055445,ウェルチぶどう１房分 ４７０ｍｌ ,'4901340055438,ウェルチぶどう１房分 ４７０ｍｌＸ２４ ,24
'4901340055544,カルピスソーダレモン ５００ｍｌ ,'4901340055537,  ,24
'4901340055742,ウェルチぶどうスパーク ４３０ｍｌ ,'4901340055735,ウェルチぶどうスパーク ４３０ｍｌＸ２４ ,24
'4901340056046,りんご＆カルピス ５００ｍｌ ,'4901340056039,りんご＆カルピス ５００ｍｌＸ２４ ,24
'4901340056145,りんご＆カルピス １５００ｍｌ ,'4901340056138,りんご＆カルピス １５００ｍｌＸ８ ,8
'4901340056947,ＧＲＥＥＮＣＡＬＰＩＳ ３７０ｍｌ ,'4901340056930,  ,24
'4901340057241,カルピスライトブルー ５００ｍｌ ,'4901340057234,カルピスライトブルー ５００ｍｌＸ２４ ,24
'4901340058040,濃いめのカルピス ２８０ｍｌ ,'4901340058033,濃いめのカルピス ２８０ｍｌＸ２４ ,24
'4901340059245,カルピスソーダ青りんご ５００ｍｌ ,'4901340059238,カルピスソーダ青りんご ５００ｍｌＸ２４ ,24
'4901340059948,カルピスウォーターレモン ４９０ｍｌ ,'4901340059931,カルピスウォーターレモン ４９０ｍｌＸ２４ ,24
'4901340060241,カルピスソーダオレンジ ５００ｍｌ ,'4901340060234,カルピスソーダオレンジ ５００ｍｌＸ２４ ,24
'4901340060647,ウェルチマスカットＳ ４３０ｍｌ ,'4901340060630,ウェルチマスカットＳ ４３０ｍｌＸ２４ ,24
'4901340060746,からだ想いの補水生活 ６００ｍｌ ,'4901340060739,からだ想いの補水生活 ６００ｍｌＸ２４ ,24
'4901340060944,ぶどう＆カルピス ５００ｍｌ ,'4901340060937,ぶどう＆カルピス ５００ｍｌＸ２４ ,24
'4901340061149,ぶどう＆カルピス １５００ｍｌ ,'4901340061132,ぶどう＆カルピス １５００ｍｌＸ８ ,8
'4901340061347,カルピスソーダグレープ ５００ｍｌ ,'4901340061330,カルピスソーダグレープ ５００ｍｌＸ２４ ,24
'4901340061545,ぐんぐんグルト ５００ｍｌ ,'4901340061538,ぐんぐんグルト ５００ｍｌＸ２４ ,24
'4901340061842,ウェルチ２種の果実 ４７０ｍｌ ,'4901340061835,ウェルチ２種の果実 ４７０ｍｌＸ２４ ,24
'4901340062443,練乳いちご＆カルピス ５００ｍｌ ,'4901340062436,練乳いちご＆カルピス ５００ｍｌＸ２４ ,24
'4901340062542,カルピスソーダグレフル ５００ｍｌ ,'4901340062535,カルピスソーダグレフル ５００ｍｌＸ２４ ,24
'4901340063044,カルピスソーダ梅 ５００ｍｌ ,'4901340063037,  ,24
'4901340063440,カルピスソーダマスカット ４５０ｍｌ ,'4901340063433,カルピスソーダマスカット ４５０ｍｌＸ２４ ,24
'4901340063549,ブルーベリー＆カルピス ５００ｍｌ ,'4901340063532,ブルーベリー＆カルピス ５００ｍｌＸ２４ ,24
'4901340063846,カルピスソーダレモン ５００ｍｌ ,'4901340063839,  ,24
'4901340064041,ウェルチ１房分のぶどう ４７０ｍｌ ,'4901340064034,ウェルチ１房分のぶどう ４７０ｍｌＸ２４ ,24
'4901340064140,桃エスプレッソカルピス ５００ｍｌ ,'4901340064133,桃エスプレッソカルピス ５００ｍｌＸ２４ ,24
'4901340064249,カラダカルピスＢＩＯ ４３０ｍｌ ,'4901340064232,カラダカルピスＢＩＯ ４３０ｍｌＸ２４ ,24
'4901340064348,メロンクリームソーダ ３５０ｍｌ ,'4901340064331,メロンクリームソーダ ３５０ｍｌＸ２４ ,24
'4901340064645,カルピスＴＨＥＲＩＣＨ ４９０ｍｌ ,'4901340064638,カルピスＴＨＥＲＩＣＨ ４９０ｍｌＸ２４ ,24
'4901340065147,カルピスクリーミー ２８０ｍｌ ,'4901340065130,カルピスクリーミー ２８０ｍｌＸ２４ ,24
'4901340065246,カルピスとウェルチＧ ４８０ｍｌ ,'4901340065239,カルピスとウェルチＧ ４８０ｍｌＸ２４ ,24
'4901340065543,ゼロカルピスプラス ５００ｍｌ ,'4901340065536,ゼロカルピスプラス ５００ｍｌＸ２４ ,24
'4901340065642,ゼロカルピスプラス １５００ｍｌ ,'4901340065635,ゼロカルピスプラス １５００ｍｌＸ８ ,8
'4901340065741,カルピスソーダシトラス ５００ｍｌ ,'4901340065734,カルピスソーダシトラス ５００ｍｌＸ２４ ,24
'4901340066144,ウェルチ１房ＳＰ ４５０ｍｌ ,'4901340066137,ウェルチ１房ＳＰ ４５０ｍｌＸ２４ ,24
'4901340066243,カルピスｍｉｎｉ １５０ｍｌ ,'4901340066250,  ,6
'4901340066847,カルピスソーダパイン ５００ｍｌ ,'4901340066830,カルピスソーダパイン ５００ｍｌＸ２４ ,24
'4901340067042,カルピスとリンゴ酢 ５００ｍｌ ,'4901340067035,カルピスとリンゴ酢 ５００ｍｌＸ２４ ,24
'4901340067844,オレンジ＆カルピス ５００ｍｌ ,'4901340067837,オレンジ＆カルピス ５００ｍｌＸ２４ ,24
'4901340068148,カルピスＷソルティレモン ４９０ｍｌ ,'4901340068131,カルピスＷソルティレモン ４９０ｍｌＸ２４ ,24
'4901340069145,ウェルチマスカットＳＰ ４５０ｍｌ ,'4901340069138,ウェルチマスカットＳＰ ４５０ｍｌＸ２４ ,24
'4901340069244,カルピスソーダピーチ ５００ｍｌ ,'4901340069237,カルピスソーダピーチ ５００ｍｌＸ２４ ,24
'4901340069442,カルピスソーダコーラ ４５０ｍｌ ,'4901340069435,カルピスソーダコーラ ４５０ｍｌＸ２４ ,24
'4901340070547,ウェルチ香るぶどう ４７０ｍｌ ,'4901340070530,ウェルチ香るぶどう ４７０ｍｌＸ２４ ,24
'4901340070844,カルピスれん乳 ４８０ｍｌ ,'4901340070837,カルピスれん乳 ４８０ｍｌＸ２４ ,24
'4901340070943,カルピスソーダグレープ ５００ｍｌ ,'4901340070936,カルピスソーダグレープ ５００ｍｌＸ２４ ,24
'4901340071346,カルピスジンジャエール ５００ｍｌ ,'4901340071339,カルピスジンジャエール ５００ｍｌＸ２４ ,24
'4901340071544,ぎゅっといちごカルピス ５００ｍｌ ,'4901340071537,ぎゅっといちごカルピス ５００ｍｌＸ２４ ,24
'4901340071643,国産ミルク＆カルピス ５００ｍｌ ,'4901340071636,国産ミルク＆カルピス ５００ｍｌＸ２４ ,24
'4901340071742,カルピスソーダとろみつりんご ５００ｍｌ ,'4901340071735,カルピスソーダとろみつりんご ５００ｍｌＸ２４ ,24
'4901340072046,ウェルチ１房分のぶどう ４７０ｍｌ ,'4901340072039,ウェルチ１房分のぶどう ４７０ｍｌＸ２４ ,24
'4901340073043,カルピスソーダいちご ５００ｍｌ ,'4901340073036,カルピスソーダいちご ５００ｍｌＸ２４ ,24
'4901340073340,カルピスピーチｏｆピーチ ５００ｍｌ ,'4901340073333,カルピスピーチｏｆピーチ ５００ｍｌＸ２４ ,24
'4901340073548,メロンクリームソーダ ５００ｍｌ ,'4901340073531,メロンクリームソーダ ５００ｍｌＸ２４ ,24
'4901340075542,河内晩柑＆カルピス ５００ｍｌ ,'4901340075535,河内晩柑＆カルピス ５００ｍｌＸ２４ ,24
'4901340075849,ウェルチロゼ ４５０ｍｌ ,'4901340075832,ウェルチロゼ ４５０ｍｌＸ２４ ,24
'4901340075948,レモネードソーダ ５００ｍｌ ,'4901340075931,レモネードソーダ ５００ｍｌＸ２４ ,24
'4901340077140,極実堂白ぶどう ５００ｍｌ ,'4901340077133,極実堂白ぶどう ５００ｍｌＸ２４ ,24
'4901340077447,メロメロンカルピス ４３０ｍｌ ,'4901340077430,メロメロンカルピス ４３０ｍｌＸ２４ ,24
'4901340077645,カルピスソーダはじけるオレ ５００ｍｌ ,'4901340077638,カルピスソーダはじけるオレ ５００ｍｌＸ２４ ,24
'4901340077843,カルピス氷点下ピーチ ４９０ｍｌ ,'4901340077836,カルピス氷点下ピーチ ４９０ｍｌＸ２４ ,24
'4901340077942,ウェルチマスカットＳＰ ４５０ｍｌ ,'4901340077935,ウェルチマスカットＳＰ ４５０ｍｌＸ２４ ,24
'4901340079045,カルピスソーダ洋梨 ５００ｍｌ ,'4901340079038,カルピスソーダ洋梨 ５００ｍｌＸ２４ ,24
'4901340079144,いちごラテ＆カルピス ５００ｍｌ ,'4901340079137,いちごラテ＆カルピス ５００ｍｌＸ２４ ,24
'4901340079342,ＰｒｅｍｉｕｍＴｉｍｅ ４９０ｍｌ ,'4901340079335,ＰｒｅｍｉｕｍＴｉｍｅ ４９０ｍｌＸ２４ ,24
'4901340079441,ウェルチｆｏｒｓｌｅｅｐ ４７０ｍｌ ,'4901340079434,ウェルチｆｏｒｓｌｅｅｐ ４７０ｍｌＸ２４ ,24
'4901340080140,カルピスソーダりんご ５００ｍｌ ,'4901340080133,カルピスソーダりんご ５００ｍｌＸ２４ ,24
'4901340080447,極実堂あんず ５００ｍｌ ,'4901340080430,極実堂あんず ５００ｍｌＸ２４ ,24
'4901340080645,生クリーム＆カルピス ４８０ｍｌ ,'4901340080638,生クリーム＆カルピス ４８０ｍｌＸ２４ ,24
'4901340080744,ウェルチ一房分のぶどう ４７０ｍｌ ,'4901340080737,ウェルチ一房分のぶどう ４７０ｍｌＸ２４ ,24
'4901340081048,カルピスソーダアロエ ５００ｍｌ ,'4901340081031,カルピスソーダアロエ ５００ｍｌＸ２４ ,24
'4901340081147,カルピスソーダぶどう ４５０ｍｌ ,'4901340081130,カルピスソーダぶどう ４５０ｍｌＸ２４ ,24
'4901340081246,カルピスと森永れん乳 ５００ｍｌ ,'4901340081239,カルピスと森永れん乳 ５００ｍｌＸ２４ ,24
'4901340081444,濃いくち白桃カルピス ５００ｍｌ ,'4901340081437,濃いくち白桃カルピス ５００ｍｌＸ２４ ,24
'4901340081642,カルピスソーダフルーツパーラ ４５０ｍｌ ,'4901340081635,カルピスソーダフルーツパーラ ４５０ｍｌＸ２４ ,24
'4901340082946,カルピスソーダ国産メロン ５００ｍｌ ,'4901340082939,カルピスソーダ国産メロン ５００ｍｌＸ２４ ,24
'4901340083042,カルピスＴＨＥＲＩＣＨ ４９０ｍｌ ,'4901340083035,カルピスＴＨＥＲＩＣＨ ４９０ｍｌＸ２４ ,24
'4901340083240,カルピスＵＰフルーツオレンジ ４７０ｍｌ ,'4901340083233,カルピスＵＰフルーツオレンジ ４７０ｍｌＸ２４ ,24
'4901340083943,カルピスリッチマンゴー ４３０ｍｌ ,'4901340083936,カルピスリッチマンゴー ４３０ｍｌＸ２４ ,24
'4901340085442,カルピスソーダ香る青りんご ５００ｍｌ ,'4901340085435,カルピスソーダ香る青りんご ５００ｍｌＸ２４ ,24
'4901340085541,ウェルチぶどうスパークリング ４５０ｍｌ ,'4901340085534,ウェルチぶどうスパークリング ４５０ｍｌＸ２４ ,24
'4901340085848,カルピスリッチメロン ４３０ｍｌ ,'4901340085831,カルピスリッチメロン ４３０ｍｌＸ２４ ,24
'4901340086241,カルピスソーダ冷やしパイン ４５０ｍｌ ,'4901340086234,カルピスソーダ冷やしパイン ４５０ｍｌＸ２４ ,24
'4901340086746,ぐんぐんグルトα快眠・快腸 ５００ｍｌ ,'4901340086739,ぐんぐんグルトα快眠・快腸 ５００ｍｌＸ２４ ,24
'4901340086845,カルピス氷点果レモン ６００ｍｌ ,'4901340086838,カルピス氷点果レモン ６００ｍｌＸ２４ ,24
'4901340087149,ウェルチ完熟マスカット ４５０ｍｌ ,'4901340087132,ウェルチ完熟マスカット ４５０ｍｌＸ２４ ,24
'4901340087347,カルピスブレンドグレープ ４３０ｍｌ ,'4901340087330,カルピスブレンドグレープ ４３０ｍｌＸ２４ ,24
'4901340087644,カルピスＵＰフルーツりんご ４７０ｍｌ ,'4901340087637,カルピスＵＰフルーツりんご ４７０ｍｌＸ２４ ,24
'4901340087743,カルピスソーダピーチ ５００ｍｌ ,'4901340087736,カルピスソーダピーチ ５００ｍｌＸ２４ ,24
'4901340088344,チーズケーキ風味のカルピス ５００ｍｌ ,'4901340088337,チーズケーキ風味のカルピス ５００ｍｌＸ２４ ,24
'4901340089143,カルピスソーダマスカット ５００ｍｌ ,'4901340089136,カルピスソーダマスカット ５００ｍｌＸ２４ ,24
'4901340089341,カルピスといちご練乳 ５００ｍｌ ,'4901340089334,カルピスといちご練乳 ５００ｍｌＸ２４ ,24
'4901340089648,カルピスリッチグレープ ４３０ｍｌ ,'4901340089631,カルピスリッチグレープ ４３０ｍｌＸ２４ ,24
'4901340090248,カルピスソーダ冬のくつろぎ ４５０ｍｌ ,'4901340090231,カルピスソーダ冬のくつろぎ ４５０ｍｌＸ２４ ,24
'4901340090347,ウェルチスパークリング ４５０ｍｌ ,'4901340090330,ウェルチスパークリング ４５０ｍｌＸ２４ ,24
'4901340090446,カルピスソーダれもん ５００ｍｌ ,'4901340090439,カルピスソーダれもん ５００ｍｌＸ２４ ,24
'4901340090545,フルボディピーチ＆カルピス ４８０ｍｌ ,'4901340090538,フルボディピーチ＆カルピス ４８０ｍｌＸ２４ ,24
'4901340090644,カルピスソーダいちご ５００ｍｌ ,'4901340090637,カルピスソーダいちご ５００ｍｌＸ２４ ,24
'4901340090941,ウェルチ１房分のぶどう ４７０ｍｌ ,'4901340090934,ウェルチ１房分のぶどう ４７０ｍｌＸ２４ ,24
'4901340091047,カルピスＰＲＥＭＩＵＭ ４３０ｍｌ ,'4901340091030,カルピスＰＲＥＭＩＵＭ ４３０ｍｌＸ２４ ,24
'4901340092242,豆乳生まれのカルピス ２８０ｍｌ ,'4901340092235,豆乳生まれのカルピス ２８０ｍｌＸ２４ ,24
'4901340092549,ＰＬＵＳカルピス免疫サポート ４９０ｍｌ ,'4901340092532,ＰＬＵＳカルピス免疫サポート ４９０ｍｌＸ２４ ,24
'4901340092648,しみわたるカルピス ４９０ｍｌ ,'4901340092631,しみわたるカルピス ４９０ｍｌＸ２４ ,24
'4901340092846,カルピスウォーター糖類ゼロ ５００ｍｌ ,'4901340092839,カルピスウォーター糖類ゼロ ５００ｍｌＸ２４ ,24
'4901340093447,カルピスウォーター糖類ゼロ １５００ｍｌ ,'4901340093430,カルピスウォーター糖類ゼロ １５００ｍｌＸ８ ,8
'4901340093546,カルピスソーダマンゴー ５００ｍｌ ,'4901340093539,カルピスソーダマンゴー ５００ｍｌＸ２４ ,24
'4901340093942,カルピスＳＷＥＥＴ ４７０ｍｌ ,'4901340093935,カルピスＳＷＥＥＴ ４７０ｍｌＸ２４ ,24
'4901340094048,カルピスＴＨＥ　ＲＩＣＨ ４７０ｍｌ ,'4901340094031,カルピスＴＨＥ　ＲＩＣＨ ４７０ｍｌＸ２４ ,24
'4901340094246,ウェルチまる搾りグレフル ４５０ｍｌ ,'4901340094239,ウェルチまる搾りグレフル ４５０ｍｌＸ２４ ,24
'4901340094444,カルピスソーダ冷凍みかん ４５０ｍｌ ,'4901340094437,カルピスソーダ冷凍みかん ４５０ｍｌＸ２４ ,24
'4901340094741,カルピスウォーターライチ ４９０ｍｌ ,'4901340094734,カルピスウォーターライチ ４９０ｍｌＸ２４ ,24
'4901340095144,カルピスＢＰマンゴーピーチ ４３０ｍｌ ,'4901340095137,カルピスＢＰマンゴーピーチ ４３０ｍｌＸ２４ ,24
'4901340095243,ウェルチ粒選りマスカット ４５０ｍｌ ,'4901340095236,ウェルチ粒選りマスカット ４５０ｍｌＸ２４ ,24
'4901340095342,しみわたるＣＡりんご洋梨 ４９０ｍｌ ,'4901340095335,しみわたるＣＡりんご洋梨 ４９０ｍｌＸ２４ ,24
'4901340095540,カルピスＢＰグレープ ４３０ｍｌ ,'4901340095533,カルピスＢＰグレープ ４３０ｍｌＸ２４ ,24
'4901340095748,ＣＳオレンジピーチ ４５０ｍｌ ,'4901340095731,ＣＳオレンジピーチ ４５０ｍｌＸ２４ ,24
'4901340096042,カルピスコクにおぼれる ４９０ｍｌ ,'4901340096035,カルピスコクにおぼれる ４９０ｍｌＸ２４ ,24
'4901340096141,プラスカルピス免疫希釈 ３７０ｍｌ ,'4901340096134,プラスカルピス免疫希釈 ３７０ｍｌＸ２４ ,24
'4901340096240,プラスカルピス睡眠腸活希釈 ３７０ｍｌ ,'4901340096233,プラスカルピス睡眠腸活希釈 ３７０ｍｌＸ２４ ,24
'4901340096448,カルピスソーダ濃紅ぶどう ４５０ｍｌ ,'4901340096431,カルピスソーダ濃紅ぶどう ４５０ｍｌＸ２４ ,24
'4901340096547,ウェルチぶどうＳＰコク ４５０ｍｌ ,'4901340096530,ウェルチぶどうＳＰコク ４５０ｍｌＸ２４ ,24
'4901340096844,バニラヨーグルト＆カルピス ４７０ｍｌ ,'4901340096837,バニラヨーグルト＆カルピス ４７０ｍｌＸ２４ ,24
'4901340096943,カルピスソーダ冬泡 ５００ｍｌ ,'4901340096936,カルピスソーダ冬泡 ５００ｍｌＸ２４ ,24
'4901340097247,ＣＳエメラルドマスカット ４５０ｍｌ ,'4901340097230,ＣＳエメラルドマスカット ４５０ｍｌＸ２４ ,24
'4901340164024,カルピスウォーター １６０ｇ ,'4901340164123,カルピスウォーター １６０ｇ×３０ ,30
'4901340180321,ウェルチグレープ５０ ２８０ｍｌ ,'4901340271821,ウェルチグレープ５０ ２８０ｍｌＸ２４ ,24
'4901340204423,ウェルチマスカットブレンド ８００ｇ ,'4901340204522,ウェルチマスカットブレンド ８００ｍｌ×８ ,8
'4901340228429,カルピスソーダ １５００ｍｌ ,'4901340228528,カルピスソーダ １５００ｍｌＸ８ ,8
'4901340228627,カルピスソーダ １６０ｍｌ ,'4901340228726,カルピスソーダ １６０ｍｌＸ３０ ,30
'4901340228825,カルピスソーダ ３５０ｍｌ ,'4901340228924,カルピスソーダ ３５０ｍｌＸ２４ ,24
'4901340688919,カルピス　カルピスウォーター ３５０ｇ ,'4901340989412,カルピスウォーター　ケース ３５０ｇ＊２４ ,24
'4901340689114,カルピスウォーター ５００ｍｌ ,'4901340038134,カルピスウォーター缶 ５００ｇＸ２４ ,24
'4901340689213,カルピスカルピスウォーター ５００ｍｌ ,'4901340877917,カルピスウォーター ５００ｍｌ＊２４ ,24
'4901340689312,カルピスカルピスウォーター １５００ｍｌ ,'4901340004122,カルピスウォーター １５００ｍｌ×８ ,8
'4901360350971,おいしいココナッツミルク ４３０ｍｌ ,'4901360350988,おいしいココナッツミルク ４３０ｍｌＸ２４ ,24
'4901360358755,やさしいココナッツミルク ４３０ｍｌ ,'4901360358762,やさしいココナッツミルク ４３０ｍｌＸ２４ ,24
'4901360360048,牛乳でおいしくこだわりココア １８０．００ｇ ,'4901360360055,牛乳でおいしくこだわりココア ５４００．００ｇ ,30
'4901360361151,天然名水 ３１０ｍｌ ,'4901360361168,天然名水 ３１０ｍｌＸ３０ ,30
'4901360363070,肌サポココア ２６０ｇ ,'4901360363087,肌サポココア ２６０ｇＸ２４ ,24
'4901372303118,リキッドコーヒー無糖 １０００ｍｌ ,'4901372303125,リキッドコーヒー無糖 １０００ｍｌＸ６ ,6
'4901372303132,リキッドコーヒー微糖 １０００ｍｌ ,'4901372303149,リキッドコーヒー微糖 １０００ｍｌＸ６ ,6
'4901551221950,スカイウォーターグレープフルーツ ３０ｇ ,'4901551221967,スカイウォーターグレープフルーツ ３０ｇＸ５ ,5
'4901551221974,スカイウォーターグレープ２Ｌ ２９ｇ ,'4901551221981,スカイウォーターグレープ箱 ２９ｇＸ５ ,5
'4901551222230,スカイウォーターグレープ ２９ｇ ,'4901551222247,スカイウォーターグレープ ２９ｇＸ５ ,5
'4901551232109,スカイウォーターグレープフルーツ ３０ｇ ,'4901551232116,スカイウォーターグレープフルーツ ３０ｇＸ５ ,5
'4901777001725,サントリー　ウーロン茶 ２Ｌ ,'4901777009684,サントリーウーロン茶 ２０００ｍｌ×６ ,6
'4901777018686,サントリ天然水南アルプス ２０００ｍｌ ,'4901777062702,サントリ天然水南アルプス ２０００ｍｌ×６ ,6
'4901777044852,ペプシコーラ　ロング缶 ５００ｍｌ ,'4901777137448,ペプシコーラ　ロング缶 ５００ｍｌＸ２４ ,24
'4901777045682,サントリーマウンテンデュー ３５０ｍｌ ,'4901777134676,サントリーマウンテンデュー ３５０ｍｌ×２４ ,24
'4901777046870,ペプシコーラ １６０ｍｌ ,'4901777336100,ペプシコーラ １６０ｍｌＸ３０ ,30
'4901777052451,サントリー　ペプシコーラ １．５Ｌ ,'4901777112360,ペプシコーラ １５００ｍｌ×８ ,8
'4901777064461,サントリー　Ｃ．Ｃ．レモン ３５０ｍｌ ,'4901777119451,サントリー　Ｃ．Ｃ．レモン ３５０ｍｌ×２４ ,24
'4901777064515,サントリー　ＣＣレモン １６０ｍｌ ,'4901777119390,サントリーＣ．Ｃ．レモン １６０ｍｌ×３０ ,30
'4901777077416,サントリー　デカビタＣ ２１０ｍｌ ,'4901777136205,サントリーデカビタＣ ２１０ｍｌ×２４ ,24
'4901777077423,サントリー　デカビタＣ ２１０ｍｌ×６ ,'4901777112537,デカビタＣ６本箱 ２１０ｍｌｘ６ｘ４ ,4
'4901777078871,なっちゃんオレンジ １６０ｇ ,'4901777118096,なっちゃんオレンジ １６０ｇＸ３０ ,30
'4901777088108,サントリー　ＣＣレモン １５００ｍｌ ,'4901777119413,サントリー　ＣＣレモン １５００ｍｌｘ８ ,8
'4901777120242,サントリーデカビタＣ １６０ｍｌ ,'4901777120259,サントリーデカビタＣ １６０ｍｌ×３０ ,30
'4901777165519,サントリービタミンウォーター ２０００ｍｌ ,'4901777165526,サントリービタミンウォーター ２０００ｍｌ×６ ,6
'4901777166530,サントリー伊右衛門 ２８０ｍｌ ,'4901777166547,伊右衛門 ２８０ｍｌＸ２４ ,24
'4901777200227,サントリー伊右衛門玄米茶 ２０００ｍｌ ,'4901777200234,サントリー伊右衛門玄米茶 ２０００ｍｌ×６ ,6
'4901777204799,サントリーなっちゃんオレンジ １５００ｍｌ ,'4901777204805,サントリーなっちゃんオレンジ １５００ｍｌＸ８ ,8
'4901777204980,ボス無糖ブラック １８５ｇ ,'4901777204997,ボス無糖ブラック １８５ｇＸ３０ ,30
'4901777205000,ボス無糖ブラック １８５ｇＸ６ ,'4901777205017,ボス無糖ブラック １８５ｇＸ６Ｘ５ ,5
'4901777205109,Ｇｏｋｕｒｉグレープフルーツ ４００ｇ ,'4901777205116,Ｇｏｋｕｒｉグレープフルーツ ４００ｇＸ２４ ,24
'4901777206649,ニチレイアセロラドリンク ９００ｍｌ ,'4901777206656,ニチレイアセロラドリンク ９００ｍｌＸ１２ ,12
'4901777206762,ニチレイアセロラリフレッシュ ２８０ｍｌ ,'4901777206779,ニチレイアセロラリフレッシュ ２８０ｍｌＸ２４ ,24
'4901777216327,サントリーなっちゃんりんご １５００ｍｌ ,'4901777216334,サントリーなっちゃんりんご １５００ｍｌＸ８ ,8
'4901777216617,ボス無糖ブラック５本パック １８５ｇＸ５ ,'4901777217713,ボス無糖ブラック５本パック １８５ｇＸ５Ｘ６ ,6
'4901777216884,サントリー天然水南アルプス ５５０ｍｌ ,'4901777216891,サントリー天然水南アルプス ５５０ｍｌＸ２４ ,24
'4901777230255,はちみつレモン １５００ｍｌ ,'4901777230262,はちみつレモン １５００ｍｌＸ８ ,8
'4901777230422,ＣＣレモン　リフレッシュゼロ １５００ｍｌ ,'4901777230439,ＣＣレモン　リフレッシュゼロ １５００ｍｌＸ８ ,8
'4901777230569,天然水 １０００ｍｌ ,'4901777230576,天然水 １０００ｍｌＸ１２ ,12
'4901777231177,ボス地中海ブレンド １８５Ｇ ,'4901777231184,ボス地中海ブレンド １８５ＧＸ３０ ,30
'4901777231672,ボス　とろけるカフェオレ ５００ｍｌ ,'4901777231689,ボス　とろけるカフェオレ ５００ｍｌＸ２４ ,24
'4901777232297,デカビタＣダブルチャージ ５００ｍｌ ,'4901777232303,デカビタＣダブルチャージ ５００ｍｌＸ２４ ,24
'4901777232310,ＣＣレモン ５００ｍｌ ,'4901777232327,ＣＣレモン ５００ｍｌＸ２４ ,24
'4901777232938,サントリー　ビックル５００ ５００ｍｌ ,'4901777232945,サントリービックル５００ ５００ｍｌＸ２４ ,24
'4901777235298,ボスレインボーマウンテン １８５ｇ ,'4901777235304,ボスレインボーマウンテン １８５ｇＸ３０ ,30
'4901777235335,ボス贅沢微糖 １８５ｇ ,'4901777235342,ボス贅沢微糖 １８５ｇＸ３０ ,30
'4901777235359,ボスレインボーマウンテン５Ｐ １８５ｇＸ５ ,'4901777235366,ボスレインボーマウンテン５Ｐ １８５ｇＸ５Ｘ６ ,6
'4901777235373,ボス贅沢微糖６Ｐ １８５ｇＸ６ ,'4901777235380,ボス贅沢微糖６Ｐ １８５ｇＸ６Ｘ５ ,5
'4901777235397,ボス贅沢微糖５Ｐ １８５ｇＸ５ ,'4901777235403,ボス贅沢微糖５Ｐ １８５ｇＸ５Ｘ６ ,6
'4901777235410,ボスレインボーマウンテン６Ｐ １８５ｇＸ６ ,'4901777235427,ボスレインボーマウンテン６Ｐ １８５ｇＸ６Ｘ５ ,5
'4901777235434,ボスカフェオレ １８５ｇ ,'4901777235441,ボスカフェオレ １８５ｇＸ３０ ,30
'4901777235458,ボスカフェオレ６Ｐ １８５ｇＸ６ ,'4901777235465,ボスカフェオレ６Ｐ １８５ｇＸ６Ｘ５ ,5
'4901777235472,ボスカフェオレ５Ｐ １８５ｇＸ５ ,'4901777235489,ボスカフェオレ５Ｐ １８５ｇＸ５Ｘ６ ,6
'4901777235533,サントリー胡麻麦茶 ３５０ｍｌ ,'4901777235540,サントリー胡麻麦茶 ３５０ｍｌＸ２４ ,24
'4901777235984,ペプシスペシャル（特保） ４９０ｍｌ ,'4901777235991,ペプシスペシャル（特保） ４９０ｍｌＸ２４ ,24
'4901777238022,サントリー　伊右衛門 ２０００ｍｌ ,'4901777238039,サントリー　伊右衛門 ２０００ｍｌＸ６ ,6
'4901777241558,伊右衛門贅沢冷茶 ２０００ｍｌ ,'4901777241565,  ,6
'4901777242425,オランジーナ １６０ｍｌ ,'4901777242432,オランジーナ １６０ｍｌＸ３０ ,30
'4901777247680,サントリー　伊右衛門特茶 ５００ｍｌ ,'4901777247697,サントリー　伊右衛門特茶 ５００ｍｌＸ２４ ,24
'4901777252868,伊右衛門特茶 ２０００ｍｌ ,'4901777252875,伊右衛門特茶 ２０００ｍｌＸ６ ,6
'4901777253841,オランジーナ １２００ｍｌ ,'4901777253858,オランジーナ １２００ｍｌＸ８ ,8
'4901777254190,南アルプスの天然水 ２８０ｍｌ ,'4901777254206,南アルプスの天然水 ２８０ｍｌＸ２４ ,24
'4901777254763,グリーンダカラやさしい麦茶 ２０００ｍｌ ,'4901777254770,グリーンダカラやさしい麦茶 ２０００ｍｌＸ６ ,6
'4901777256248,伊右衛門特茶 １０００ｍｌ ,'4901777256255,伊右衛門特茶 １０００ｍｌＸ１２ ,12
'4901777260085,ペプシスペシャルゼロ５＋１ ４９０ｍｌＸ５ ,'4901777260092,ペプシスペシャルゼロ５＋１ ４９０ｍｌＸ５Ｘ４ ,4
'4901777261044,伊右衛門濃い味 ２０００ｍｌ ,'4901777261051,伊右衛門濃い味 ２０００ｍｌＸ６ ,6
'4901777261433,はちみつレモン ４７０ｍｌ ,'4901777261440,はちみつレモン ４７０ｍｌＸ２４ ,24
'4901777261518,プレミアムボス １８５ｇ ,'4901777261525,プレミアムボス １８５ｇＸ３０ ,30
'4901777261532,プレミアムボス６缶パック １８５ｇＸ６ ,'4901777261549,プレミアムボス６缶パック １８５ｇＸ６Ｘ５ ,5
'4901777266179,ホット伊右衛門特茶 ５００ｍｌ ,'4901777266186,特茶ホット ５００ｍｌＸ２４ ,24
'4901777267503,ビタミンウォーター ５００ｍｌ ,'4901777267510,ビタミンウォーター ５００ｍｌＸ２４ ,24
'4901777269378,ボスとろけるカフェオレビター ５００ｍｌ ,'4901777269385,ボスとろけるカフェオレビター ５００ｍｌＸ２４ ,24
'4901777270220,特茶カフェインゼロ ５００ｍｌ ,'4901777270237,特茶カフェインゼロ ５００ｍｌＸ２４ ,24
'4901777271951,ニチレイアセロラリフレッシュ ４３０ｍｌ ,'4901777271968,ニチレイアセロラリフレッシュ ４３０ｍｌＸ２４ ,24
'4901777278035,プレミアムボス微糖 ２６０ｇ ,'4901777278042,プレミアムボス微糖 ２６０ｇＸ２４ ,24
'4901777278356,特茶ジャスミン ５００ｍｌ ,'4901777278363,特茶ジャスミン ５００ｍｌＸ２４ ,24
'4901777278639,プレミアムボスブラック ３９０ｇ ,'4901777278646,プレミアムボスブラック ３９０ｇＸ２４ ,24
'4901777278653,プレミアムボスブラック ２８５ｇ ,'4901777278660,プレミアムボスブラック ２８５ｇＸ２４ ,24
'4901777278905,ホット伊右衛門 ５００ｍｌ ,'4901777278912,ホット伊右衛門 ５００ｍｌＸ２４ ,24
'4901777278929,ホット伊右衛門焙じ茶 ５００ｍｌ ,'4901777278936,ホット伊右衛門焙じ茶 ５００ｍｌＸ２４ ,24
'4901777284166,クラフトボスレモンティー ５００ｍｌ ,'4901777284173,クラフトボスレモンティー ５００ｍｌＸ２４ ,24
'4901777285347,ビックル ２８０ｍｌ ,'4901777285354,  ,24
'4901777285491,朝摘みオレンジ＆天然水 ５４０ｍｌ ,'4901777285507,朝摘みオレンジ＆天然水 ５４０ｍｌＸ２４ ,24
'4901777285705,ヨーグリーナ＆天然水 ５４０ｍｌ ,'4901777285712,ヨーグリーナ＆天然水 ５４０ｍｌＸ２４ ,24
'4901777286221,伊右衛門濃いめ ５００ｍｌ ,'4901777286238,  ,24
'4901777287969,グリーンダカラ ２０００ｍｌ ,'4901777287976,グリーンダカラ ２０００ｍｌＸ６ ,6
'4901777291652,塩のはちみつレモン ４９０ｍｌ ,'4901777291669,塩のはちみつレモン ４９０ｍｌＸ２４ ,24
'4901777300057,なっちゃんしゅわしゅわ白桃 ４１０ｍｌ ,'4901777300064,  ,24
'4901777300446,伊右衛門 ６００ｍｌ ,'4901777300453,伊右衛門 ６００ｍｌＸ２４ ,24
'4901777300521,クラフトボスブラック ５００ｍｌ ,'4901777300538,クラフトボスブラック ５００ｍｌＸ２４ ,24
'4901777300545,クラフトボスラテ ５００ｍｌ ,'4901777300552,クラフトボスラテ ５００ｍｌＸ２４ ,24
'4901777300606,ボスとろけるミルクティー ５００ｍｌ ,'4901777300613,ボスとろけるミルクティー ５００ｍｌＸ２４ ,24
'4901777301078,なっちゃんオレンジ ４２５ｍｌ ,'4901777301085,なっちゃんオレンジ ４２５ｍｌＸ２４ ,24
'4901777301092,なっちゃんりんご ４２５ｍｌ ,'4901777301108,なっちゃんりんご ４２５ｍｌＸ２４ ,24
'4901777307841,ペプシスペシャル １４７０ｍｌ ,'4901777307858,ペプシスペシャル １４７０ｍｌＸ８ ,8
'4901777308831,デカビタＣゼリー ２７０ｇ ,'4901777308855,デカビタＣゼリー６個パック ２７０ｇＸ６ ,6
'4901777310919,クラフトボスブラックホット ５００ｍｌ ,'4901777310926,  ,24
'4901777313088,なっちゃんしゅわ白ぶどう ４１０ｍｌ ,'4901777313095,なっちゃんしゅわ白ぶどう ４１０ｍｌＸ２４ ,24
'4901777314641,黒烏龍茶 １０５０ｍｌ ,'4901777314658,黒烏龍茶 １０５０ｍｌＸ１２ ,12
'4901777314665,黒烏龍茶 １４００ｍｌ ,'4901777314672,黒烏龍茶 １４００ｍｌＸ８ ,8
'4901777314757,スーパーＣＣレモン ３５０ｍｌ ,'4901777314764,  ,24
'4901777314979,胡麻麦茶 １０５０ｍｌ ,'4901777314986,胡麻麦茶 １０５０ｍｌＸ１２ ,12
'4901777316034,デカビタＣゼロ ２１０ｍｌ ,'4901777316010,デカビタＣゼロ６本パック ２１０ｍｌＸ６ ,6
'4901777317376,伊右衛門 ５２５ｍｌ ,'4901777317383,伊右衛門 ５２５ｍｌＸ２４ ,24
'4901777317567,南アルプススパークリング ５００ｍｌ ,'4901777317574,南アルプススパークリング ５００ｍｌＸ２４ ,24
'4901777317604,南アルプススパークレモン ５００ｍｌ ,'4901777317611,南アルプススパークレモン ５００ｍｌＸ２４ ,24
'4901777317666,天然水ＳＰレモン６ ５００ｍｌＸ６ ,'4901777317673,天然水ＳＰレモン６ ５００ｍｌＸ６Ｘ４ ,4
'4901777318809,サントリーペプシゼロ ３４０ｍｌ ,'4901777318816,サントリーペプシゼロ ３４０ｍｌ×２４ ,24
'4901777321038,ＧＲＥＥＮＤＡＫＡＲＡ ６００ｍｌ ,'4901777321045,ＧＲＥＥＮＤＡＫＡＲＡ ６００ｍｌＸ２４ ,24
'4901777321274,伊右衛門ジャスミン ５２５ｍｌ ,'4901777321281,  ,24
'4901777322820,なっちゃんひんやり塩パイン ４２５ｍｌ ,'4901777322837,なっちゃんひんやり塩パイン ４２５ｍｌＸ２４ ,24
'4901777323179,グリーンダカラ塩ライチヨーグ ４９０ｍｌ ,'4901777323186,グリーンダカラ塩ライチヨーグ ４９０ｍｌＸ２４ ,24
'4901777324787,南アルプススパークオレンジ ５００ｍｌ ,'4901777324794,南アルプススパークオレンジ ５００ｍｌＸ２４ ,24
'4901777327719,クラフトボスラテホット ５００ｍｌ ,'4901777327726,  ,24
'4901777328723,伊右衛門プラスコレステ対策 ５００ｍｌ ,'4901777328730,伊右衛門プラスコレステ対策 ５００ｍｌＸ２４ ,24
'4901777328860,デカビタＣゼロマルチビタミン ５００ｍｌ ,'4901777328877,デカビタＣゼロマルチビタミン ５００ｍｌＸ２４ ,24
'4901777329089,伊右衛門プラスコレステ対策 １０００ｍｌ ,'4901777329102,伊右衛門プラスコレステ対策 １０００ｍｌＸ１２ ,12
'4901777329485,伊右衛門プラス糖質対策 ５００ｍｌ ,'4901777329492,伊右衛門プラス糖質対策 ５００ｍｌＸ２４ ,24
'4901777331488,伊右衛門特茶ＮＥＷＳパック ５００ｍｌＸ５ ,'4901777331495,伊右衛門特茶ＮＥＷＳパック ５００ｍｌＸ５Ｘ４ ,4
'4901777332065,ビッグボスカフェオレ ３５０ｇ ,'4901777332928,  ,6
'4901777332065,ビッグボスカフェオレ ３５０ｇ ,'4901777332911,ビッグボスカフェオレ ３５０ｇＸ２４ ,24
'4901777332942,クラフトボスＴＥＡノンシュガ ５００ｍｌ ,'4901777332959,  ,24
'4901777333802,ペプシジャパンコーラゼロ ４９０ｍｌ ,'4901777333819,ペプシジャパンコーラゼロ ４９０ｍｌＸ２４ ,24
'4901777333840,ペプシジャパンコーラ １５００ｍｌ ,'4901777333857,  ,8
'4901777333864,ペプシジャパンコーラ ３４０ｍｌ ,'4901777333871,ペプシジャパンコーラ ３４０ｍｌＸ２４ ,24
'4901777333888,ペプシジャパンコーラ ４９０ｍｌ ,'4901777333895,ペプシジャパンコーラ ４９０ｍｌＸ２４ ,24
'4901777333925,ＧＤやさしい麦茶濃縮タイプ １８０ｇ ,'4901777334076,ＧＤやさしい麦茶濃縮６本 １８０ｇＸ６ ,6
'4901777333925,ＧＤやさしい麦茶濃縮タイプ １８０ｇ ,'4901777334083,ＧＤやさしい麦茶濃縮６本 １８０ｇＸ６Ｘ５ ,30
'4901777333994,ペプシ　＜生＞　ゼロ １５００ｍｌ ,'4901777334007,ペプシ　＜生＞　ゼロ １５００ｍｌＸ８ ,8
'4901777334090,ボスプレッソ微糖（北海道限定 ２５０ｇ ,'4901777334106,ボスプレッソ微糖（北海道限定 ２５０ｇＸ３０ ,30
'4901777335875,デカビタＣフローズンエナジー １４０ｇ ,'4901777335882,  ,6
'4901777335875,デカビタＣフローズンエナジー １４０ｇ ,'4901777335899,  ,30
'4901777336704,ＧＲＥＥＮＤＡＫＡＲＡ ６００ｍｌ ,'4901777336711,ＧＲＥＥＮＤＡＫＡＲＡ ６００ｍｌＸ２４ ,24
'4901777336971,ボスコーヒーハンターズ無糖 ７５０ｍｌ ,'4901777336988,ボスコーヒーハンターズ無糖 ７５０ｍｌＸ１２ ,12
'4901777336995,ボスコーヒーハンターズ甘さ控 ７５０ｍｌ ,'4901777337008,ボスコーヒーハンターズ甘さ控 ７５０ｍｌＸ１２ ,12
'4901777337770,ボスレインボークリアロースト １８５ｇ ,'4901777338449,  ,6
'4901777337770,ボスレインボークリアロースト １８５ｇ ,'4901777338456,  ,30
'4901777337794,ボス澄みわたる贅沢微糖 １８５ｇ ,'4901777338487,  ,6
'4901777337794,ボス澄みわたる贅沢微糖 １８５ｇ ,'4901777338494,  ,30
'4901777338272,クラフトボスミルクティー ５００ｍｌ ,'4901777338289,クラフトボスミルクティー ５００ｍｌＸ２４ ,24
'4901777338364,特茶ジャスミンＮＥＷＳパック ５００ｍｌＸ５ ,'4901777338371,特茶ジャスミンＮＥＷＳパック ５００ｍｌＸ５Ｘ４ ,4
'4901777338685,天然水うめソルティ ５４０ｍｌ ,'4901777338692,天然水うめソルティ ５４０ｍｌＸ２４ ,24
'4901777339125,なっちゃん洋梨りんご ４２５ｍｌ ,'4901777339132,なっちゃん洋梨りんご ４２５ｍｌＸ２４ ,24
'4901777340183,Ｇｏｋｕｒｉ秋ぶどう ４００ｇ ,'4901777340190,Ｇｏｋｕｒｉ秋ぶどう ４００ｇＸ２４ ,24
'4901777341616,ぷる肌蒟蒻アロエ＆白ぶどゼリ １５０ｇ ,'4901777341630,  ,6
'4901777341623,ぷる肌蒟蒻アセロラゼリー １５０ｇ ,'4901777341654,  ,6
'4901777342590,ＧＤゼリーぶどう＆プルーン １３０ｇ ,'4901777342682,ＧＤゼリーぶどう＆プルーン６ １３０ｇＸ６ ,6
'4901777342644,ＧＤゼリーピーチ＆トマト １３０ｇ ,'4901777342729,  ,6
'4901777342668,ＧＤゼリーオレンジ＆キャロ １３０ｇ ,'4901777342712,  ,6
'4901777342941,ＤＡＫＡＲＡミネラル濃縮 １９５ｇ ,'4901777343023,ＤＡＫＡＲＡミネラル濃縮６本 １９５ｇＸ６ ,6
'4901777343009,クラフトボスミルクティホット ５００ｍｌ ,'4901777343016,  ,24
'4901777345331,ニチレイ超アセロラ ３５０ｍｌ ,'4901777345348,ニチレイ超アセロラ ３５０ｍｌＸ２４ ,24
'4901777346994,ヨーグリーナスパークリング ５００ｍｌ ,'4901777347007,ヨーグリーナスパークリング ５００ｍｌＸ２４ ,24
'4901777347229,黒烏龍茶３本パック ３５０ｍｌＸ３ ,'4901777347236,黒烏龍茶３本パック ３５０ｍｌＸ３Ｘ８ ,8
'4901777347250,伊右衛門焙じ茶 ５２５ｍｌ ,'4901777348127,伊右衛門焙じ茶 ５２５ｍｌＸ２４ ,24
'4901777347373,烏龍茶濃縮タイプ １８５ｇ ,'4901777347397,烏龍茶濃縮タイプ６本パック １８５ｇＸ６ ,6
'4901777347489,プレミアムボスブラック ４９０ｍｌ ,'4901777347496,プレミアムボスブラック ４９０ｍｌＸ２４ ,24
'4901777347502,プレミアムボス微糖 ４９０ｍｌ ,'4901777347519,  ,24
'4901777347533,プレミアムボスラテ ４９０ｍｌ ,'4901777347540,  ,24
'4901777347618,伊右衛門濃縮タイプ １８５ｇ ,'4901777347649,伊右衛門濃縮タイプ６本パック １８５ｇＸ６ ,6
'4901777347663,ＺＯＮｅＶｅｒ．２．０．０ ５００ｍｌ ,'4901777347670,ＺＯＮｅＶｅｒ．１．０．０ ５００ｍｌＸ２４ ,24
'4901777348271,ボスカフェベース甘さ控えめ ３４０ｍｌ ,'4901777273382,ボスカフェＢ甘さ控えめ１２本 ３４０ｍｌＸ１２ ,12
'4901777348295,ボスカフェベース無糖 ３４０ｍｌ ,'4901777272422,ボスカフェベース無糖１２本 ３４０ｍｌＸ１２ ,12
'4901777348318,ボスカフェベースキャラメル ３４０ｍｌ ,'4901777273399,ボスカフェＢキャラメル１２本 ３４０ｍｌＸ１２ ,12
'4901777348332,ボスカフェベース紅茶ラテ ３４０ｍｌ ,'4901777285194,ボスカフェＢ紅茶ラテ１２本 ３４０ｍｌＸ１２ ,12
'4901777348356,ボスカフェＢカフェインレス ３４０ｍｌ ,'4901777430563,割るカフェレス甘控１２ ３４０ｍｌＸ１２ ,12
'4901777348431,アイアンボス ２５０ｍｌ ,'4901777348448,  ,24
'4901777348592,グリーンダカラミルクと果実 ４３０ｍｌ ,'4901777348608,グリーンダカラミルクと果実 ４３０ｍｌＸ２４ ,24
'4901777348653,天然水澄みわたるお茶 ６００ｍｌ ,'4901777348660,天然水澄みわたるお茶 ６００ｍｌＸ２４ ,24
'4901777349926,クラフトボススペシャルテ微糖 ５００ｍｌ ,'4901777349933,クラフトボススペシャルテ微糖 ５００ｍｌＸ２４ ,24
'4901777350533,ＺＯＮｅＦＩＲＥＷＡＬＬ ５００ｍｌ ,'4901777350540,  ,24
'4901777351271,ボスカフェＢハニー＆ロースト ３４０ｍｌ ,'4901777351288,  ,24
'4901777351431,ペプシコーラ ４９０ｍｌ ,'4901777351448,ペプシコーラ ４９０ｍｌ×２４ ,24
'4901777352216,ボスカフェＢソルティバニラ ３４０ｍｌ ,'4901777352223,  ,24
'4901777353459,丸搾りＣＣレモンソルティ ４２０ｍｌ ,'4901777353466,丸搾りＣＣレモンソルティ ４２０ｍｌＸ２４ ,24
'4901777353923,クラフトボスデカフェ ５００ｍｌ ,'4901777353930,クラフトボスデカフェ ５００ｍｌＸ２４ ,24
'4901777354449,ボスカフェベースほうじ茶ラテ ３４０ｍｌ ,'4901777354456,  ,24
'4901777354890,ペプシＪＡコーラキャラメル ４９０ｍｌ ,'4901777354906,  ,24
'4901777354913,ＺＯＮｅＤＥＥＰＤＩＶＥ ５００ｍｌ ,'4901777354920,ＺＯＮｅＤＥＥＰＤＩＶＥ ５００ｍｌＸ２４ ,24
'4901777354937,グリーンダカラゼリーりんご １３０ｇ ,'4901777354944,  ,6
'4901777355026,スピリットオブボス １８５ｇ ,'4901777355033,  ,30
'4901777355224,クラフトボス微糖ホット ５００ｍｌ ,'4901777355231,  ,24
'4901777355859,グリーンダカラやさしい温麦茶 ５００ｍｌ ,'4901777355866,  ,24
'4901777356078,天然水はちみつうめ ５４０ｍｌ ,'4901777356085,天然水はちみつうめ ５４０ｍｌＸ２４ ,24
'4901777356306,オランジーナマスカットＳＰ ４２０ｍｌ ,'4901777356313,  ,24
'4901777356498,芳醇ぶどうサントリー天然水 ５４０ｍｌ ,'4901777356580,芳醇ぶどうサントリー天然水 ５４０ｍｌＸ２４ ,24
'4901777356658,伊右衛門プラス血糖値対策 ３５０ｍｌ ,'4901777356665,伊右衛門プラス血糖値対策 ３５０ｍｌＸ２４ ,24
'4901777357198,ＺＯＮｅ　ＺＥＲＯ ５００ｍｌ ,'4901777357204,ＺＯＮｅ　ＺＥＲＯ ５００ｍｌＸ２４ ,24
'4901777357389,ヨーグリーナプロテクト乳酸菌 ５４０ｍｌ ,'4901777357396,  ,24
'4901777358744,ボスカフェベースカフェモカ ３４０ｍｌ ,'4901777358782,ボスカフェベースカフェモカ ３４０ｍｌＸ２４ ,24
'4901777358751,Ｇｏｋｕｒｉふんわりピーチ ４００ｇ ,'4901777358768,Ｇｏｋｕｒｉふんわりピーチ ４００ｇＸ２４ ,24
'4901777359109,クラフトボスポケットラテ ２８０ｍｌ ,'4901777359116,クラフトボスポケットラテ ２８０ｍｌＸ２４ ,24
'4901777359123,クラフトポケット甘くないラテ ２８０ｍｌ ,'4901777359130,クラフトポケット甘くないラテ ２８０ｍｌＸ２４ ,24
'4901777359871,伊右衛門濃い味 ６００ｍｌ ,'4901777359888,伊右衛門濃い味 ６００ｍｌＸ２４ ,24
'4901777360181,ボスティーベース無糖紅茶 ３４０ｍｌ ,'4901777360198,ボスティーベース無糖紅茶 ３４０ｍｌＸ２４ ,24
'4901777360266,ＺＯＮｅＵｔｏｐｉａ ５００ｍｌ ,'4901777360273,ＺＯＮｅＵｔｏｐｉａ ５００ｍｌＸ２４ ,24
'4901777360327,ボスゴールデンタイム １８５ｇ ,'4901777360334,ボスゴールデンタイム １８５ｇＸ３０ ,30
'4901777360471,天然水ＳＰ贅沢しぼりグレフル ５００ｍｌ ,'4901777360488,天然水ＳＰ贅沢しぼりグレフル ５００ｍｌＸ２４ ,24
'4901777360600,プレミアムボス微糖 １８５ｇ ,'4901777360617,プレミアムボス微糖 １８５ｇＸ３０ ,30
'4901777360693,クラフトボスＴＥＡノンシュガ ４５０ｍｌ ,'4901777360709,クラフトボスＴＥＡノンシュガ ４５０ｍｌＸ２４ ,24
'4901777360716,クラフトボスレモンティー ４５０ｍｌ ,'4901777360723,クラフトボスレモンティー ４５０ｍｌＸ２４ ,24
'4901777360730,クラフトボスミルクティー ４５０ｍｌ ,'4901777360747,クラフトボスミルクティー ４５０ｍｌＸ２４ ,24
'4901777360754,ボスホームカフェ無糖 ２０００ｍｌ ,'4901777360761,ボスホームカフェ無糖 ２０００ｍｌＸ６ ,6
'4901777360778,ボスホームカフェ甘さ控えめ ２０００ｍｌ ,'4901777360785,ボスホームカフェ甘さ控えめ ２０００ｍｌＸ６ ,6
'4901777360792,伊右衛門贅沢仕込み ２０００ｍｌ ,'4901777360808,伊右衛門贅沢仕込み ２０００ｍｌＸ６ ,6
'4901777360815,伊右衛門贅沢仕込み ５２５ｍｌ ,'4901777360822,伊右衛門贅沢仕込み ５２５ｍｌＸ２４ ,24
'4901777360891,プレミアムボスブラック ４５０ｍｌ ,'4901777360907,プレミアムボスブラック ４５０ｍｌＸ２４ ,24
'4901777360914,プレミアムボス微糖 ４５０ｍｌ ,'4901777360921,プレミアムボス微糖 ４５０ｍｌＸ２４ ,24
'4901777360938,プレミアムボスラテ ４５０ｍｌ ,'4901777360945,プレミアムボスラテ ４５０ｍｌＸ２４ ,24
'4901777360983,ＣＣレモン乳酸菌ミックス ５００ｍｌ ,'4901777360990,ＣＣレモン乳酸菌ミックス ５００ｍｌＸ２４ ,24
'4901777361003,豊潤もも＆天然水 ５４０ｍｌ ,'4901777361010,豊潤もも＆天然水 ５４０ｍｌＸ２４ ,24
'4901777361072,グリーンダカラレモン＆乳酸菌 ４３０ｍｌ ,'4901777361089,グリーンダカラレモン＆乳酸菌 ４３０ｍｌＸ２４ ,24
'4901777361164,クラフトボスフルーツティー ４５０ｍｌ ,'4901777361171,クラフトボスフルーツティー ４５０ｍｌＸ２４ ,24
'4901777361188,クラフトボスストレートティー ４５０ｍｌ ,'4901777361195,クラフトボスストレートティー ４５０ｍｌＸ２４ ,24
'4901777361232,ペプシ　＜生＞ ６００ｍｌ ,'4901777361249,ペプシ　＜生＞ ６００ｍｌＸ２４ ,24
'4901777361256,ペプシ　＜生＞　ゼロ ６００ｍｌ ,'4901777361263,ペプシ　＜生＞　ゼロ ６００ｍｌＸ２４ ,24
'4901777361294,伊右衛門京都ブレンド ６００ｍｌ ,'4901777361300,伊右衛門京都ブレンド ６００ｍｌＸ２４ ,24
'4901777361393,天然水スパークリングレモン １０５０ｍｌ ,'4901777361409,天然水スパークリングレモン １０５０ｍｌＸ１２ ,12
'4901777361485,ＺＯＮｅｍａｄｈａｃｋｅｒ ５００ｍｌ ,'4901777361492,ＺＯＮｅｍａｄｈａｃｋｅｒ ５００ｍｌＸ２４ ,24
'4901777361751,特茶５００ｍｌ４本袋ＣＰ品 ５００ｍｌＸ４ ,'4901777361768,特茶５００ｍｌ４本袋ＣＰ品 ５００ｍｌＸ４Ｘ６ ,4
'4901777361799,伊右衛門＋コレステ５００Ｐ４ ５００ｍｌＸ４ ,'4901777361805,伊右衛門＋コレステ５００Ｐ４ ５００ｍｌＸ４Ｘ６ ,6
'4901777362437,ヨーグリーナ＆天然水ＢＩＯＸ ５４０ｍｌ ,'4901777362444,ヨーグリーナ＆天然水ＢＩＯＸ ５４０ｍｌＸ２４ ,24
'4901777362765,伊右衛門新茶入り ５２５ｍｌ ,'4901777362772,伊右衛門新茶入り ５２５ｍｌＸ２４ ,24
'4901777363557,天然水ＳＰ贅沢しぼりりんご ５００ｍｌ ,'4901777363564,天然水ＳＰ贅沢しぼりりんご ５００ｍｌＸ２４ ,24
'4901777363717,クラフトポケットヘーゼルナッ ２８０ｍｌ ,'4901777363724,クラフトポケットヘーゼルナッ ２８０ｍｌＸ２４ ,24
'4901777363731,ＤＥＫＡＶＩＴＡＫＩＮＧ ２１０ｍｌ ,'4901777374874,ＤＥＫＡＶＩＴＡＫＩＮＧ６本 ２１０ｍｌＸ６ ,6
'4901777364097,ボスカフェＢアーモンドラテ ３４０ｍｌ ,'4901777364103,ボスカフェＢアーモンドラテ ３４０ｍｌＸ２４ ,24
'4901777364523,ＺＯＮｅＴｒａｎｃｅ ５００ｍｌ ,'4901777364530,  ,24
'4901777364547,ＴＨＥＳＴＲＯＮＧ天然水ＳＰ ５１０ｍｌ ,'4901777364554,ＴＨＥＳＴＲＯＮＧ天然水ＳＰ ５１０ｍｌＸ２４ ,24
'4901777364585,ＴＨＥＳＴＲＯＮＧ天然水ＳＰ １０５０ｍｌ ,'4901777364592,ＴＨＥＳＴＲＯＮＧ天然水ＳＰ １０５０ｍｌＸ１２ ,12
'4901777364684,甘熟パイン＆天然水 ５４０ｍｌ ,'4901777364691,甘熟パイン＆天然水 ５４０ｍｌＸ２４ ,24
'4901777365360,ボスブルーインパクト １８５ｇ ,'4901777365377,  ,30
'4901777365506,クラフトボスアイスバニララテ ５００ｍｌ ,'4901777365513,クラフトボスアイスバニララテ ５００ｍｌＸ２４ ,24
'4901777365582,ボスカフェＢコールドブリュー ３４０ｍｌ ,'4901777365599,  ,24
'4901777366329,ＧＤ麦茶濃縮５缶＋１缶 １８０ｇＸ５ ,'4901777366336,  ,5
'4901777366381,ＤＡＫＡＲＡ濃縮５＋１ １９５ｇＸ５ ,'4901777366398,  ,5
'4901777366411,ＺＯＮｅＱＵＩＣＫ ２４０ｍｌ ,'4901777366428,ＺＯＮｅＱＵＩＣＫ ２４０ｍｌＸ３０ ,30
'4901777366893,ＺＯＮｅＩｎｆｉｎｉｔｙ ５００ｍｌ ,'4901777366909,ＺＯＮｅＩｎｆｉｎｉｔｙ ５００ｍｌＸ２４ ,24
'4901777367159,クラフトＢポケットカフェモカ ２８０ｍｌ ,'4901777367166,クラフトＢポケットカフェモカ ２８０ｍｌＸ２４ ,24
'4901777367296,特茶ほうじ茶 ５００ｍｌ ,'4901777367302,特茶ほうじ茶 ５００ｍｌＸ２４ ,24
'4901777367586,リプトンミルクキャラメルティ ４５０ｍｌ ,'4901777367593,リプトンミルクキャラメルティ ４５０ｍｌＸ２４ ,24
'4901777367814,クラフトボスブラックホット ４５０ｍｌ ,'4901777367821,クラフトボスブラックホット ４５０ｍｌＸ２４ ,24
'4901777367838,クラフトボスラテホット ４５０ｍｌ ,'4901777367845,クラフトボスラテホット ４５０ｍｌＸ２４ ,24
'4901777367852,クラフトボス微糖ホット ４５０ｍｌ ,'4901777367869,  ,24
'4901777368132,烏龍茶鬼滅の刃ラベル ５２５ｍｌ ,'4901777368149,烏龍茶鬼滅の刃ラベル ５２５ｍｌＸ２４ ,24
'4901777368156,ＣＣレモン鬼滅の刃ラベル ５００ｍｌ ,'4901777368163,ＣＣレモン鬼滅の刃ラベル ５００ｍｌＸ２４ ,24
'4901777368200,クラフトＢビターキャラメル ５００ｍｌ ,'4901777368217,クラフトＢビターキャラメル ５００ｍｌＸ２４ ,24
'4901777368224,なっちゃんオレンジ鬼滅ラベル ４２５ｍｌ ,'4901777368231,なっちゃんオレンジ鬼滅ラベル ４２５ｍｌＸ２４ ,24
'4901777368248,なっちゃんりんご鬼滅ラベル ４２５ｍｌ ,'4901777368255,なっちゃんりんご鬼滅ラベル ４２５ｍｌＸ２４ ,24
'4901777368385,クラフトボスミルクティホット ４５０ｍｌ ,'4901777368392,クラフトボスミルクティホット ４５０ｍｌＸ２４ ,24
'4901777368668,ボス本命の一服 １８５ｇ ,'4901777368675,ボス本命の一服 １８５ｇＸ３０ ,30
'4901777368798,クラフトボス抹茶ラテ ５００ｍｌ ,'4901777368804,クラフトボス抹茶ラテ ５００ｍｌＸ２４ ,24
'4901777368859,香潤洋なし＆天然水 ５４０ｍｌ ,'4901777368866,香潤洋なし＆天然水 ５４０ｍｌＸ２４ ,24
'4901777368996,ＺＯＮｅゼリー １８０ｇ ,'4901777369153,ＺＯＮｅゼリー６個 １８０ｇＸ６ ,6
'4901777369061,ＺＯＮｅＵｔｏｐｉａゼリー １８０ｇ ,'4901777369177,ＺＯＮｅＵｔｏｐｉａゼリー６ １８０ｇＸ６ ,6
'4901777369115,ＣＣレモンゆず＆はちみつ ５００ｍｌ ,'4901777369122,ＣＣレモンゆず＆はちみつ ５００ｍｌＸ２４ ,24
'4901777369139,ＣＣレモン洋梨ミックス ５００ｍｌ ,'4901777369146,ＣＣレモン洋梨ミックス ５００ｍｌＸ２４ ,24
'4901777369191,天然水ＳＰ贅沢ぶどう ５００ｍｌ ,'4901777369207,天然水ＳＰ贅沢ぶどう ５００ｍｌＸ２４ ,24
'4901777369610,ボスカフェＢヘーゼルナッツ ３４０ｍｌ ,'4901777369627,ボスカフェＢヘーゼルナッツ ３４０ｍｌＸ２４ ,24
'4901777369979,グリーンダカラもも＆乳酸菌 ４３０ｍｌ ,'4901777369986,グリーンダカラもも＆乳酸菌 ４３０ｍｌＸ２４ ,24
'4901777370104,オランジーナヌーヴォーＳＰ ４２０ｍｌ ,'4901777370111,オランジーナヌーヴォーＳＰ ４２０ｍｌＸ２４ ,24
'4901777370326,ＺＯＮｅｇｒａｆｆｉｔｉ ５００ｍｌ ,'4901777370333,  ,24
'4901777370463,伊右衛門ホット京都ブレンド ５００ｍｌ ,'4901777370470,  ,24
'4901777371095,クラフトボスフルーツティー ４５０ｍｌ ,'4901777371101,クラフトボスフルーツティー ４５０ｍｌＸ２４ ,24
'4901777371453,蜜りんごヨーグリーナ ５４０ｍｌ ,'4901777371460,蜜りんごヨーグリーナ ５４０ｍｌＸ２４ ,24
'4901777371491,クラフトボス抹茶ラテホット ４５０ｍｌ ,'4901777371507,クラフトボス抹茶ラテホット ４５０ｍｌＸ２４ ,24
'4901777372467,天然水ＳＰ贅沢アップルハニー ５００ｍｌ ,'4901777372474,天然水ＳＰ贅沢アップルハニー ５００ｍｌＸ２４ ,24
'4901777372610,ＺＯＮｅＩＮＶＩＳＩＢＬＥＳ ５００ｍｌ ,'4901777372627,  ,24
'4901777373235,ＣＣレモンぶどう糖ミックス ５００ｍｌ ,'4901777373242,ＣＣレモンぶどう糖ミックス ５００ｍｌＸ２４ ,24
'4901777373341,天然水レモンスカッシュ ５００ｍｌ ,'4901777373358,天然水レモンスカッシュ ５００ｍｌＸ２４ ,24
'4901777373532,ＰＯＰメロンソーダ ６００ｍｌ ,'4901777373549,ＰＯＰメロンソーダ ６００ｍｌＸ２４ ,24
'4901777373563,ＰＯＰフルーツパンチ ６００ｍｌ ,'4901777373570,ＰＯＰフルーツパンチ ６００ｍｌＸ２４ ,24
'4901777373686,ＣＣレモンみかんミックス ６００ｍｌ ,'4901777373709,ＣＣレモンみかんミックス ６００ｍｌＸ２４ ,24
'4901777374027,Ｃボスダブルショコララテ ５００ｍｌ ,'4901777374034,Ｃボスダブルショコララテ ５００ｍｌＸ２４ ,24
'4901777374041,柚子はちみつ＆天然水 ５４０ｍｌ ,'4901777374058,柚子はちみつ＆天然水 ５４０ｍｌＸ２４ ,24
'4901777374836,特茶カフェインゼロ３本＋景品 ５００ｍｌＸ３ ,'4901777374843,特茶カフェインゼロ３本＋景品 ５００ｍｌＸ３Ｘ６ ,6
'4901777374928,ボスＷＣブラックコロンビア １８５ｇ ,'4901777374935,ボスＷＣブラックコロンビア １８５ｇＸ３０ ,30
'4901777374980,天然水ＳＰＣＲＡＦＴ白桃 ５００ｍｌ ,'4901777374997,天然水ＳＰＣＲＡＦＴ白桃 ５００ｍｌＸ２４ ,24
'4901777375000,天然水ＳＰＣＲＡＦＴ梅ソーダ ５００ｍｌ ,'4901777375017,天然水ＳＰＣＲＡＦＴ梅ソーダ ５００ｍｌＸ２４ ,24
'4901777375048,ボスカフェベース贅沢抹茶ラテ ３４０ｍｌ ,'4901777375604,ボスＣＢ贅沢抹茶ラテＨＦ ３４０ｍｌＸ１２ ,12
'4901777375062,Ｃボス贅沢コールドブリュＢＬ ６００ｍｌ ,'4901777375079,Ｃボス贅沢コールドブリュＢＬ ６００ｍｌＸ２４ ,24
'4901777375161,ボスカフェＢ贅沢フルーツオレ ３４０ｍｌ ,'4901777375260,ボスＣＢ贅沢フルーツオレ１２ ３４０ｍｌＸ１２ ,12
'4901777375161,ボスカフェＢ贅沢フルーツオレ ３４０ｍｌ ,'4901777375178,ボスカフェＢ贅沢フルーツオレ ３４０ｍｌＸ２４ ,24
'4901777375307,なっちゃんフルーツオレ ４２５ｍｌ ,'4901777375314,なっちゃんフルーツオレ ４２５ｍｌＸ２４ ,24
'4901777375345,伊右衛門ほうじ茶 ６００ｍｌ ,'4901777375352,伊右衛門ほうじ茶 ６００ｍｌＸ２４ ,24
'4901777375529,伊右衛門香りゆたか ２０００ｍｌ ,'4901777375536,伊右衛門香りゆたか ２０００ｍｌＸ６ ,6
'4901777375635,グリーンダカラミルコア ４３０ｍｌ ,'4901777375642,グリーンダカラミルコア ４３０ｍｌＸ２４ ,24
'4901777375802,クラフトボスレモンティー ６００ｍｌ ,'4901777375819,クラフトボスレモンティー ６００ｍｌＸ２４ ,24
'4901777375826,クラフトボスフルーツティー ６００ｍｌ ,'4901777375833,クラフトボスフルーツティー ６００ｍｌＸ２４ ,24
'4901777375864,クラフトボスミルクティー ６００ｍｌ ,'4901777375871,クラフトボスミルクティー ６００ｍｌＸ２４ ,24
'4901777375901,天然水オレンジ＆マンゴー ６００ｍｌ ,'4901777375918,天然水オレンジ＆マンゴー ６００ｍｌＸ２４ ,24
'4901777375925,ＣＢミルキープレッソＷラテ ３００ｍｌ ,'4901777375932,ＣＢミルキープレッソＷラテ ３００ｍｌＸ２４ ,24
'4901777375949,ＣＢミルキープレッソビターＬ ３００ｍｌ ,'4901777375956,ＣＢミルキープレッソビターＬ ３００ｍｌＸ２４ ,24
'4901777376106,クラフトボスブラック５＋１本 ５００ｍｌＸ５ ,'4901777376113,クラフトボスブラック５＋１本 ５００ｍｌＸ５Ｘ４ ,4
'4901777376120,クラフトボスラテ５＋１本 ５００ｍｌＸ５ ,'4901777376137,クラフトボスラテ５＋１本 ５００ｍｌＸ５Ｘ４ ,4
'4901777376182,クラフトボス微糖５＋１本 ５００ｍｌＸ５ ,'4901777376199,クラフトボス微糖５＋１本 ５００ｍｌＸ５Ｘ４ ,4
'4901777376304,ボスＴｈｅＢＬＥＮＤラテ微糖 ６００ｍｌ ,'4901777376311,ボスＴｈｅＢＬＥＮＤラテ微糖 ６００ｍｌＸ２４ ,24
'4901777376328,ボスＢＬＥＮＤほろにが微糖 ６００ｍｌ ,'4901777376335,  ,24
'4901777376366,クラフトボスほうじ茶ラテ ５００ｍｌ ,'4901777376373,クラフトボスほうじ茶ラテ ５００ｍｌＸ２４ ,24
'4901777376380,黒烏龍茶３５０ｍｌ３本＋景品 ３５０ｍｌＸ３ ,'4901777376397,黒烏龍茶３５０ｍｌ３本＋景品 ３５０ｍｌＸ３Ｘ６ ,6
'4901777377103,伊右衛門濃い味 ２０００ｍｌ ,'4901777377110,伊右衛門濃い味 ２０００ｍｌＸ６ ,6
'4901777377141,伊右衛門濃い味 ６００ｍｌ ,'4901777377158,伊右衛門濃い味 ６００ｍｌＸ２４ ,24
'4901777377752,グリーンダカラ香ばしっ！麦茶 ６５０ｍｌ ,'4901777377769,グリーンダカラ香ばしっ！麦茶 ６５０ｍｌＸ２４ ,24
'4901777377806,グリーンダカラ香ばしっ！麦茶 ２０００ｍｌ ,'4901777377813,グリーンダカラ香ばしっ！麦茶 ２０００ｍｌＸ６ ,6
'4901777378216,天然水ＳＰＣＲＡＦＴ塩ライチ ５００ｍｌ ,'4901777378223,天然水ＳＰＣＲＡＦＴ塩ライチ ５００ｍｌＸ２４ ,24
'4901777378261,伊右衛門新茶入り ５２５ｍｌ ,'4901777378278,伊右衛門新茶入り ５２５ｍｌＸ２４ ,24
'4901777378353,ＺＯＮｅＣＯＬＤＳＬＥＥＰ ５００ｍｌ ,'4901777378360,  ,24
'4901777378568,ＺＯＮｅエナジーＧグレープ １８０ｇ ,'4901777378575,  ,6
'4901777379077,ＣＢアセロラティー ６００ｍｌ ,'4901777379084,ＣＢアセロラティー ６００ｍｌＸ２４ ,24
'4901777379152,ＣＢヘーゼルナッツ塩バニラＬ ５００ｍｌ ,'4901777379169,ＣＢヘーゼルナッツ塩バニラＬ ５００ｍｌＸ２４ ,24
'4901777379534,ＯＲＡＮＧＩＮＡＡｉｒｙ ４２０ｍｌ ,'4901777379541,ＯＲＡＮＧＩＮＡＡｉｒｙ ４２０ｍｌＸ２４ ,24
'4901777379688,デカビタＣトロピカル ５００ｍｌ ,'4901777379695,デカビタＣトロピカル ５００ｍｌＸ２４ ,24
'4901777379701,ＤＥＫＡＲＡ ５００ｍｌ ,'4901777379718,ＤＥＫＡＲＡ ５００ｍｌＸ２４ ,24
'4901777380004,クラフトボスフルーツオレ ５００ｍｌ ,'4901777380011,クラフトボスフルーツオレ ５００ｍｌＸ２４ ,24
'4901777380103,ペプシからあげ専用 ６００ｍｌ ,'4901777380110,ペプシからあげ専用 ６００ｍｌＸ２４ ,24
'4901777380776,ＣＢソルティライチティー ６００ｍｌ ,'4901777380783,ＣＢソルティライチティー ６００ｍｌＸ２４ ,24
'4901777380813,ドライシトラス天然水ＳＰ ５１０ｍｌ ,'4901777380820,ドライシトラス天然水ＳＰ ５１０ｍｌＸ２４ ,24
'4901777381049,ＧＤ鬼滅の刃ラベル ６００ｍｌ ,'4901777381056,ＧＤ鬼滅の刃ラベル ６００ｍｌＸ２４ ,24
'4901777381070,ＧＤやさしい麦茶５ ６８０ｍｌ ,'4901777381087,ＧＤやさしい麦茶５＋１本 ６８０ｍｌＸ２４ ,4
'4901777381711,ペプシライチ塩入り ６００ｍｌ ,'4901777381728,ペプシライチ塩入り ６００ｍｌＸ２４ ,24
'4901777382152,ＺＯＮｅタフネスＡ ５００ｍｌ ,'4901777382169,  ,24
'4901777382176,ＺＯＮｅタフネスＢ ５００ｍｌ ,'4901777382183,ＺＯＮｅタフネスＢ ５００ｍｌＸ２４ ,24
'4901777382282,ＣＢミルキーＰ甘熟バナナラテ ３００ｍｌ ,'4901777382299,ＣＢミルキーＰ甘熟バナナラテ ３００ｍｌＸ２４ ,24
'4901777382800,デカビタＣ鬼滅ラベル ５００ｍｌ ,'4901777382817,デカビタＣ鬼滅ラベル ５００ｍｌＸ２４ ,24
'4901777382848,オランジーナ鬼滅ラベル ４２０ｍｌ ,'4901777382855,オランジーナ鬼滅ラベル ４２０ｍｌＸ２４ ,24
'4901777382879,ＣＣレモン鬼滅ラベル ５００ｍｌ ,'4901777382886,  ,24
'4901777382893,なっちゃんオレンジ鬼滅ラベル ４２５ｍｌ ,'4901777382909,なっちゃんオレンジ鬼滅ラベル ４２５ｍｌＸ２４ ,24
'4901777382916,なっちゃんフルーツ鬼滅ラベル ４２５ｍｌ ,'4901777382923,  ,24
'4901777382947,クラフトボスＭＰラテホット ３００ｍｌ ,'4901777383951,クラフトボスＭＰラテホット ３００ｍｌＸ２４ ,24
'4901777383630,伊右衛門おいしい糖質対策 ５００ｍｌ ,'4901777383647,伊右衛門おいしい糖質対策 ５００ｍｌＸ２４ ,24
'4901777383968,クラフトボスＭＰモカホット ３００ｍｌ ,'4901777383975,クラフトボスＭＰモカホット ３００ｍｌＸ２４ ,24
'4901777384170,伊右衛門贅沢ジャスミン ６００ｍｌ ,'4901777384187,伊右衛門贅沢ジャスミン ６００ｍｌＸ２４ ,24
'4901777384224,特茶ほうじ茶ＮＥＷＳパック ５００ｍｌＸ５ ,'4901777384231,特茶ほうじ茶ＮＥＷＳパック ５００ｍｌＸ５Ｘ４ ,4
'4901777384347,ＣＢフルーツティーホット ４５０ｍｌ ,'4901777384354,ＣＢフルーツティーホット ４５０ｍｌＸ２４ ,24
'4901777384415,ＣＣレモンメロンミックス ５００ｍｌ ,'4901777384422,ＣＣレモンメロンミックス ５００ｍｌＸ２４ ,24
'4901777384989,クラフトボスオールドブラック ５００ｍｌ ,'4901777384996,クラフトボスオールドブラック ５００ｍｌＸ２４ ,24
'4901777385009,クラフトボスメローラテ ５００ｍｌ ,'4901777385016,  ,24
'4901777385061,ザ・ボス微糖上向く一服 １８５ｇ ,'4901777385078,ザ・ボス微糖上向く一服 １８５ｇＸ３０ ,30
'4901777385139,天然水ＳＰ芳醇ぶどう ５００ｍｌ ,'4901777385146,天然水ＳＰ芳醇ぶどう ５００ｍｌＸ２４ ,24
'4901777385283,ＺＯＮｅ５本＋ウマ娘パックＸ ５００ｍｌＸ５ ,'4901777385290,ＺＯＮｅ５本＋ウマ娘パックＸ ５００ｍｌＸ５Ｘ４ ,4
'4901777385429,ＺＯＮｅ５本＋ウマ娘パックＹ ５００ｍｌＸ５ ,'4901777385436,ＺＯＮｅ５本＋ウマ娘パックＹ ５００ｍｌＸ５Ｘ４ ,4
'4901777385511,ダカラＷビタミン ５００ｍｌ ,'4901777385528,ダカラＷビタミン ５００ｍｌＸ２４ ,24
'4901777385573,ＺＯＮｅＢＬＯＯＤ ５００ｍｌ ,'4901777385580,ＺＯＮｅＢＬＯＯＤ ５００ｍｌＸ２４ ,24
'4901777385610,伊右衛門京都レモネード ５２５ｍｌ ,'4901777385627,伊右衛門京都レモネード ５２５ｍｌＸ２４ ,24
'4901777385894,ＺＯＮｅＥＮＥＲＧＹ ４００ｍｌ ,'4901777385900,ＺＯＮｅＥＮＥＲＧＹ ４００ｍｌＸ２４ ,24
'4901777386099,クラフトボス柚子はちみつ ６００ｍｌ ,'4901777386105,クラフトボス柚子はちみつ ６００ｍｌＸ２４ ,24
'4901777386624,ＣＣレモンりんごはちみつ ５００ｍｌ ,'4901777386631,ＣＣレモンりんごはちみつ ５００ｍｌＸ２４ ,24
'4901777386884,ＳＴＲＯＮＧライムショット ５１０ｍｌ ,'4901777386891,ＳＴＲＯＮＧライムショット ５１０ｍｌＸ２４ ,24
'4901777387768,ＣＢバターキャラメルラテ ５００ｍｌ ,'4901777387775,ＣＢバターキャラメルラテ ５００ｍｌＸ２４ ,24
'4901777387881,リプトンティーＳＰレモン ４１０ｍｌ ,'4901777387898,リプトンティーＳＰレモン ４１０ｍｌＸ２４ ,24
'4901777388178,ＺＯＮｅエナジーリベンジ ５００ｍｌ ,'4901777388185,ＺＯＮｅエナジーリベンジ ５００ｍｌＸ２４ ,24
'4901777388451,オランジーナブラッドオレンジ ４２０ｍｌ ,'4901777388468,オランジーナブラッドオレンジ ４２０ｍｌＸ２４ ,24
'4901777388598,ＺＯＮｅ還元ＣＰ付 ５００ｍｌ ,'4901777388604,ＺＯＮｅ還元ＣＰ付 ５００ｍｌＸ２４ ,24
'4901777388871,天然水ＳＰジンジャエール ５００ｍｌ ,'4901777388888,天然水ＳＰジンジャエール ５００ｍｌＸ２４ ,24
'4901777388970,デカビタＣフルーツパンチ ６００ｍｌ ,'4901777388987,デカビタＣフルーツパンチ ６００ｍｌＸ２４ ,24
'4901777389038,ペプシフライドチキン ６００ｍｌ ,'4901777389045,ペプシフライドチキン ６００ｍｌＸ２４ ,24
'4901777389786,特茶カフェインＺＥＲＯ ５００ｍｌ ,'4901777389793,特茶カフェインＺＥＲＯ ５００ｍｌＸ２４ ,24
'4901777390072,ＣＣレモンゆずミックス ５００ｍｌ ,'4901777390089,ＣＣレモンゆずミックス ５００ｍｌＸ２４ ,24
'4901777390287,伊右衛門特茶ＣＰラベル ５００ｍｌ ,'4901777390294,伊右衛門特茶ＣＰラベル ５００ｍｌＸ２４ ,24
'4901777390300,特茶ジャスミンＣＰシール付 ５００ｍｌ ,'4901777390317,特茶ジャスミンＣＰシール付 ５００ｍｌＸ２４ ,24
'4901777390324,特茶ほうじ茶ＣＰシール付 ５００ｍｌ ,'4901777390331,特茶ほうじ茶ＣＰシール付 ５００ｍｌＸ２４ ,24
'4901777390485,ＣＢトリュフショコララテ ５００ｍｌ ,'4901777390492,ＣＢトリュフショコララテ ５００ｍｌＸ２４ ,24
'4901777390621,ＺＯＮｅＥＮＥＲＧＹ ５００ｍｌ ,'4901777390690,ＺＯＮｅＥＮＥＲＧＹ ５００ｍｌＸ２４ ,24
'4901777390782,ＺＯＮｅＨＡＰＰＹＴＥＡ ５００ｍｌ ,'4901777391512,ＺＯＮｅＨＡＰＰＹＴＥＡ ５００ｍｌＸ２４ ,24
'4901777390850,伊右衛門藤井聡太受験応援 ６００ｍｌ ,'4901777390867,伊右衛門藤井聡太受験応援 ６００ｍｌＸ２４ ,24
'4901777390911,ＤＡＫＡＲＡビタミンゆず味 ６００ｍｌ ,'4901777390928,ＤＡＫＡＲＡビタミンゆず味 ６００ｍｌＸ２４ ,24
'4901777391215,クラフトボスブレンド珈琲 ５００ｍｌ ,'4901777391222,クラフトボスブレンド珈琲 ５００ｍｌＸ２４ ,24
'4901777391239,クラフトボスミルク珈琲 ５００ｍｌ ,'4901777391246,クラフトボスミルク珈琲 ５００ｍｌＸ２４ ,24
'4901777391253,ボス優駿の微糖 １８５ｇ ,'4901777391260,ボス優駿の微糖 １８５ｇＸ３０ ,30
'4901777391444,割るだけボスカフェモカ ３４０ｍｌ ,'4901777391758,割るだけボスカフェモカ１２本 ３４０ｍｌＸ１２ ,12
'4901777391543,ＣＢ甘くないイタリアーノ ５００ｍｌ ,'4901777391550,ＣＢ甘くないイタリアーノ ５００ｍｌＸ２４ ,24
'4901777391581,ＣＢニューソイミルク３００ ３００ｍｌ ,'4901777391598,ＣＢニューソイミルク３００ ３００ｍｌＸ２４ ,24
'4901777391604,ＣＢニューソイモカ ３００ｍｌ ,'4901777391611,ＣＢニューソイモカ ３００ｍｌＸ２４ ,24
'4901777391628,ＣＢニューソイバナナオレ ３００ｍｌ ,'4901777391635,ＣＢニューソイバナナオレ ３００ｍｌＸ２４ ,24
'4901777391680,胡麻麦茶６本＋景品付 ３５０ｍｌＸ６ ,'4901777391697,胡麻麦茶６本＋景品付 ３５０ｍｌＸ６Ｘ３ ,3
'4901777391819,きりっと果実ピングレ＆マス ６００ｍｌ ,'4901777392267,きりっと果実ピングレ＆マス ６００ｍｌＸ２４ ,24
'4901777391888,ＺＯＮｅＥＮＥＲＧＹＺＥＲＯ ４００ｍｌ ,'4901777392946,ＺＯＮｅＥＮＥＲＧＹＺＥＲＯ ４００ｍｌＸ２４ ,24
'4901777391895,ボスカフェココアベース ３４０ｍｌ ,'4901777391925,ボスカフェココアベース１２本 ３４０ｍｌＸ１２ ,12
'4901777392168,クラフトボスいちごオレ ５００ｍｌ ,'4901777392175,クラフトボスいちごオレ ５００ｍｌＸ２４ ,24
'4901777392182,ＧＤやさしいルイボス ６００ｍｌ ,'4901777392199,ＧＤやさしいルイボス ６００ｍｌＸ２４ ,24
'4901777392281,伊右衛門贅沢ジャスミン ６００ｍｌ ,'4901777392298,伊右衛門贅沢ジャスミン ６００ｍｌＸ２４ ,24
'4901777392489,ビックルいちごオレ ２８０ｍｌ ,'4901777392496,ビックルいちごオレ ２８０ｍｌＸ２４ ,24
'4901777392694,伊右衛門澄みきる茶 ６００ｍｌ ,'4901777392700,伊右衛門澄みきる茶 ６００ｍｌＸ２４ ,24
'4901777392755,ＣＢビタミンティー ６００ｍｌ ,'4901777392762,ＣＢビタミンティー ６００ｍｌＸ２４ ,24
'4901777392861,ペプシザンギコーラ ６００ｍｌ ,'4901777392878,ペプシザンギコーラ ６００ｍｌＸ２４ ,24
'4901777393035,ＰＯＰブルーサイダー ６００ｍｌ ,'4901777393042,ＰＯＰブルーサイダー ６００ｍｌＸ２４ ,24
'4901777393059,ＺＯＮｅＦＲＵＩＴ ２４０ｍｌ ,'4901777393066,ＺＯＮｅＦＲＵＩＴ ２４０ｍｌＸ３０ ,30
'4901777393196,クラフトティーノンシュガー ６００ｍｌ ,'4901777393202,クラフトティーノンシュガー ６００ｍｌＸ２４ ,24
'4901777393219,ＰＯＰメロンソーダ ６００ｍｌ ,'4901777393226,ＰＯＰメロンソーダ ６００ｍｌＸ２４ ,24
'4901777393240,天然水ファイバー８０００ ５４０ｍｌ ,'4901777393257,天然水ファイバー８０００ ５４０ｍｌＸ２４ ,24
'4901777393868,ボス優駿の微糖 １８５ｇＸ６ ,'4901777393875,ボス優駿の微糖 １８５ｇＸ６Ｘ５ ,5
'4901777394124,ボスカフェインキャラメル ２４５ｇ ,'4901777394131,ボスカフェインキャラメル ２４５ｇＸ３０ ,30
'4901777394148,ボスカフェインホワイト ２４５ｇ ,'4901777394155,ボスカフェインホワイト ２４５ｇＸ３０ ,30
'4901777395367,ＣＢソイハニー３００ ３００ｍｌ ,'4901777395374,ＣＢソイハニー３００ ３００ｍｌＸ２４ ,24
'4901777395985,ＣＣレモン白桃 ５００ｍｌ ,'4901777395992,ＣＣレモン白桃 ５００ｍｌＸ２４ ,24
'4901777396005,ＣＢソイミルクラテ ５００ｍｌ ,'4901777396012,ＣＢソイミルクラテ ５００ｍｌＸ２４ ,24
'4901777396029,ＣＢ無糖紅茶 ６００ｍｌ ,'4901777396036,ＣＢ無糖紅茶 ６００ｍｌＸ２４ ,24
'4901777396128,割るだけボスアーモンドラテ ３４０ｍｌ ,'4901777396135,割るだけボスアーモンドラテ ３４０ｍｌＸ２４ ,24
'4901777396234,伊右衛門新茶入り ６００ｍｌ ,'4901777396241,伊右衛門新茶入り ６００ｍｌＸ２４ ,24
'4901777396432,ＳＰオレンジグレープＦ ５００ｍｌ ,'4901777396449,ＳＰオレンジグレープＦ ５００ｍｌＸ２４ ,24
'4901777396555,ボスカフェオレ６００ ６００ｍｌ ,'4901777396562,ボスカフェオレ６００ ６００ｍｌＸ２４ ,24
'4901777396579,ボスカフェオレビター６００ ６００ｍｌ ,'4901777396586,ボスカフェオレビター６００ ６００ｍｌＸ２４ ,24
'4901777396661,ＣＣレモンパイン ４２０ｍｌ ,'4901777396685,ＣＣレモンパイン ４２０ｍｌＸ２４ ,24
'4901777397033,ＣＣレモン東リベ ５００ｍｌ ,'4901777397040,ＣＣレモン東リベ ５００ｍｌＸ２４ ,24
'4901777397057,ＺＯＮｅＶａｃａｎｃｅｓ ５００ｍｌ ,'4901777397064,ＺＯＮｅＶａｃａｎｃｅｓ ５００ｍｌＸ２４ ,24
'4901777397477,オランジーナ東リベ ４２０ｍｌ ,'4901777397484,オランジーナ東リベ ４２０ｍｌＸ２４ ,24
'4901777397491,ＣＢクリームラテ ５００ｍｌ ,'4901777397507,ＣＢクリームラテ ５００ｍｌＸ２４ ,24
'4901777397705,ＤＡＫＡＲＡコナン ６００ｍｌ ,'4901777397712,ＤＡＫＡＲＡコナン ６００ｍｌＸ２４ ,24
'4901777397729,ボスとろカフェピーナッツ １８５ｇ ,'4901777397736,ボスとろカフェピーナッツ １８５ｇＸ３０ ,30
'4901777397767,ＰＯＰブルーサイダー東リベ ６００ｍｌ ,'4901777397774,ＰＯＰブルーサイダー東リベ ６００ｍｌＸ２４ ,24
'4901777397781,ＣＢニューニューソイナッツ ３００ｍｌ ,'4901777397798,ＣＢニューニューソイナッツ ３００ｍｌＸ２４ ,24
'4901777397804,ＰＯＰメロンソーダ東リベ ６００ｍｌ ,'4901777397811,ＰＯＰメロンソーダ東リベ ６００ｍｌＸ２４ ,24
'4901777397828,ペプシヤキソバ専用 ６００ｍｌ ,'4901777397835,ペプシヤキソバ専用 ６００ｍｌＸ２４ ,24
'4901777397842,ペプシチェリー ４９０ｍｌ ,'4901777397859,ペプシチェリー ４９０ｍｌＸ２４ ,24
'4901777397866,デカビタパワー東リベ ５００ｍｌ ,'4901777397873,デカビタパワー東リベ ５００ｍｌＸ２４ ,24
'4901777398573,伊右衛門ＢＬＡＣＫ ６００ｍｌ ,'4901777398580,伊右衛門ＢＬＡＣＫ ６００ｍｌＸ２４ ,24
'4901777398689,ボスカフェインアーモンド ２４５ｇ ,'4901777398696,ボスカフェインアーモンド ２４５ｇＸ３０ ,30
'4901777398917,伊右衛門濃ジャスミン ６００ｍｌ ,'4901777398924,伊右衛門濃ジャスミン ６００ｍｌＸ２４ ,24
'4901777398931,クラフトボスダブル ５００ｍｌ ,'4901777398948,クラフトボスダブル ５００ｍｌＸ２４ ,24
'4901777398955,ＣＢニューニューソイメープル ３００ｍｌ ,'4901777398962,ＣＢニューニューソイメープル ３００ｍｌＸ２４ ,24
'4901777399075,ＣＢイタリアーノホット ４５０ｍｌ ,'4901777399082,ＣＢイタリアーノホット ４５０ｍｌＸ２４ ,24
'4901777399112,ストロングＧＦソルティ ５１０ｍｌ ,'4901777399129,ストロングＧＦソルティ ５１０ｍｌＸ２４ ,24
'4901777399136,天然水ライムＦＩＺＺ ５１０ｍｌ ,'4901777399143,天然水ライムＦＩＺＺ ５１０ｍｌＸ２４ ,24
'4901777399266,伊右衛門冷茶仕立て ６００ｍｌ ,'4901777399273,伊右衛門冷茶仕立て ６００ｍｌＸ２４ ,24
'4901777399396,ＣＣレモンメロンミックス ５００ｍｌ ,'4901777399402,ＣＣレモンメロンミックス ５００ｍｌＸ２４ ,24
'4901777399747,ボスとろカフェピーナッツ６ １８５ｇＸ６ ,'4901777399754,ボスとろカフェピーナッツ６ １８５ｇＸ６Ｘ５ ,5
'4901777399921,ＺＯＮｅＴＹＰＨＯＯＯＮ ５００ｍｌ ,'4901777399938,ＺＯＮｅＴＹＰＨＯＯＯＮ ５００ｍｌＸ２４ ,24
'4901777400184,ＰＯＰパインサイダー ６００ｍｌ ,'4901777400191,ＰＯＰパインサイダー ６００ｍｌＸ２４ ,24
'4901777400221,ＣＢレモンミルク ５００ｍｌ ,'4901777400238,ＣＢレモンミルク ５００ｍｌＸ２４ ,24
'4901777400870,ＣＢキャラメルラテ ５００ｍｌ ,'4901777400887,ＣＢキャラメルラテ ５００ｍｌＸ２４ ,24
'4901777400924,割るボスヘーゼルナッツ ３４０ｍｌ ,'4901777400931,割るボスヘーゼルナッツ ３４０ｍｌＸ２４ ,24
'4901777401044,ＺＯＮｅ原神パック ４００ｍｌＸ５ ,'4901777401051,ＺＯＮｅ原神パック ４００ｍｌＸ５Ｘ４ ,4
'4901777402010,ペプシゼロＬＥＭＯＮ ６００ｍｌ ,'4901777402027,ペプシゼロＬＥＭＯＮ ６００ｍｌＸ２４ ,24
'4901777402157,好烏龍マンゴー ５００ｍｌ ,'4901777402164,好烏龍マンゴー ５００ｍｌＸ２４ ,24
'4901777402270,クラフトボスソイラテ ５００ｍｌ ,'4901777402287,クラフトボスソイラテ ５００ｍｌＸ２４ ,24
'4901777402348,ＣＣレモンりんごミックス ５００ｍｌ ,'4901777402355,ＣＣレモンりんごミックス ５００ｍｌＸ２４ ,24
'4901777402393,ＰＯＰりんごサイダー ６００ｍｌ ,'4901777402416,ＰＯＰりんごサイダー ６００ｍｌＸ２４ ,24
'4901777402430,天然水パワフルビタミンＢＢＢ ５４０ｍｌ ,'4901777402447,天然水パワフルビタミンＢＢＢ ５４０ｍｌＸ２４ ,24
'4901777402577,天然水ＳＰレモン５＋１ ５００ｍｌＸ５ ,'4901777402584,天然水ＳＰレモン５＋１ ５００ｍｌＸ５Ｘ４ ,4
'4901777402591,ＣＣレモンスパイ ５００ｍｌ ,'4901777402607,ＣＣレモンスパイ ５００ｍｌＸ２４ ,24
'4901777402614,オランジーナスパイ ４２０ｍｌ ,'4901777402621,オランジーナスパイ ４２０ｍｌＸ２４ ,24
'4901777402652,ＰＯＰメロンソーダスパイ ６００ｍｌ ,'4901777402669,ＰＯＰメロンソーダスパイ ６００ｍｌＸ２４ ,24
'4901777402812,デカビタパワースパイ ５００ｍｌ ,'4901777402829,デカビタパワースパイ ５００ｍｌＸ２４ ,24
'4901777402959,なっちゃんりんごスパイ ４２５ｍｌ ,'4901777402966,なっちゃんりんごスパイ ４２５ｍｌＸ２４ ,24
'4901777403239,ボス伝説の序章 １８５ｇ ,'4901777403246,ボス伝説の序章 １８５ｇＸ３０ ,30
'4901777403253,ボス伝説の序章６Ｐ １８５ｇＸ６ ,'4901777403260,ボス伝説の序章６Ｐ １８５ｇＸ６Ｘ５ ,5
'4901777403314,特茶ＮＥＷＳカフェゼロ付 ５００ｍｌＸ５ ,'4901777403321,特茶ＮＥＷＳカフェゼロ付 ５００ｍｌＸ５Ｘ４ ,4
'4901777403338,リプトンキャラメルスウィート ４５０ｍｌ ,'4901777403345,リプトンキャラメルスウィート ４５０ｍｌＸ２４ ,24
'4901777403376,ＣＢローストアーモンドラテ ５００ｍｌ ,'4901777403383,ＣＢローストアーモンドラテ ５００ｍｌＸ２４ ,24
'4901777403512,ＺＯＮｅＥＮＥＲＧＹＥＧＯ ５００ｍｌ ,'4901777403529,ＺＯＮｅＥＮＥＲＧＹＥＧＯ ５００ｍｌＸ２４ ,24
'4901777403581,割るボスエスプレッソ ３４０ｍｌ ,'4901777403598,割るボスエスプレッソ ３４０ｍｌＸ２４ ,24
'4901777404076,ボスカフェインカフェモカ ２４５ｇ ,'4901777404274,ボスカフェインカフェモカ ２４５ｇＸ３０ ,30
'4901777404687,天然水ＳＰグレープフルーツ ５００ｍｌ ,'4901777404694,天然水ＳＰグレープフルーツ ５００ｍｌＸ２４ ,24
'4901777404700,きりっと果実パイン＆りんご ６００ｍｌ ,'4901777404717,きりっと果実パイン＆りんご ６００ｍｌＸ２４ ,24
'4901777404724,伊右衛門うまみ ６００ｍｌ ,'4901777404731,伊右衛門うまみ ６００ｍｌＸ２４ ,24
'4901777405363,ＣＢヘーゼルナッツラテ ５００ｍｌ ,'4901777405370,ＣＢヘーゼルナッツラテ ５００ｍｌＸ２４ ,24
'4901777405516,コレステ対策３本＋景品 ５００ｍｌＸ３ ,'4901777405523,コレステ対策３本＋景品 ５００ｍｌＸ３Ｘ６ ,6
'4901777405530,ＣＣレモンはちみつ ５００ｍｌ ,'4901777405547,ＣＣレモンはちみつ ５００ｍｌＸ２４ ,24
'4901777405554,甘くないイタリアーノ５＋１ ５００ｍｌＸ５ ,'4901777405561,甘くないイタリアーノ５＋１ ５００ｍｌＸ５Ｘ４ ,4
'4901777406506,伊右衛門香る果実 ５２５ｍｌ ,'4901777406513,伊右衛門香る果実 ５２５ｍｌＸ２４ ,24
'4901777406551,オランジーナマスカット ４２０ｍｌ ,'4901777406568,オランジーナマスカット ４２０ｍｌＸ２４ ,24
'4901777407190,ＺＯＮｅＢｉＧＡｉＲ ５００ｍｌ ,'4901777407206,ＺＯＮｅＢｉＧＡｉＲ ５００ｍｌＸ２４ ,24
'4901777407213,リプトンいちごミルクティー ４５０ｍｌ ,'4901777407220,リプトンいちごミルクティー ４５０ｍｌＸ２４ ,24
'4901777407374,ＣＢいちご練乳ミルクティー ６００ｍｌ ,'4901777407381,ＣＢいちご練乳ミルクティー ６００ｍｌＸ２４ ,24
'4901777407848,ＣＣレモンりんご ５００ｍｌ ,'4901777407855,ＣＣレモンりんご ５００ｍｌＸ２４ ,24
'4901777407862,ＰＯＰグレープサイダー ６００ｍｌ ,'4901777407879,ＰＯＰグレープサイダー ６００ｍｌＸ２４ ,24
'4901777408432,天然水ＳＰアップルジンジャー ５１０ｍｌ ,'4901777408449,天然水ＳＰアップルジンジャー ５１０ｍｌＸ２４ ,24
'4901777408500,ＺＯＮｅブルーロックパック ２４０ｍｌＸ３ ,'4901777408517,ＺＯＮｅブルーロックパック ２４０ｍｌＸ３Ｘ６ ,6
'4901777408623,特茶カフェゼロＮＥＷＳ ５００ｍｌＸ５ ,'4901777408630,特茶カフェゼロパック ５００ｍｌＸ５Ｘ４ ,4
'4901777408890,伊右衛門贅沢抹茶入 ６００ｍｌ ,'4901777408906,伊右衛門贅沢抹茶入 ６００ｍｌＸ２４ ,24
'4901777409286,デカビタパワーハニーテイスト ５００ｍｌ ,'4901777409293,デカビタパワーハニーテイスト ５００ｍｌＸ２４ ,24
'4901777409309,ＺＯＮｅＢｉｇＬｕｃｋ ５００ｍｌ ,'4901777409316,ＺＯＮｅＢｉｇＬｕｃｋ ５００ｍｌＸ２４ ,24
'4901777409620,Ｇｏｋｕｒｉとろりりんご ４００ｇ ,'4901777409637,Ｇｏｋｕｒｉとろりりんご ４００ｇＸ２４ ,24
'4901777409729,ＣＢいちごカフェモカ ５００ｍｌ ,'4901777409736,ＣＢいちごカフェモカ ５００ｍｌＸ２４ ,24
'4901777409873,ダカラ和柑橘味 ６００ｍｌ ,'4901777409880,ダカラ和柑橘味 ６００ｍｌＸ２４ ,24
'4901777410121,ＺＯＮｅＤＡＲＫ ４００ｍｌ ,'4901777410138,ＺＯＮｅＤＡＲＫ ４００ｍｌＸ２４ ,24
'4901777410145,ＺＯＮｅＷＨＩＴＥ ４００ｍｌ ,'4901777410152,ＺＯＮｅＷＨＩＴＥ ４００ｍｌＸ２４ ,24
'4901777410305,ＣＣレモンゆずみかん ５００ｍｌ ,'4901777410312,ＣＣレモンゆずみかん ５００ｍｌＸ２４ ,24
'4901777410343,ボス凱旋の一服６缶 １８５ｇＸ６ ,'4901777410350,ボス凱旋の一服６缶 １８５ｇＸ６Ｘ５ ,5
'4901777410367,ボス凱旋の一服 １８５ｇ ,'4901777410374,ボス凱旋の一服 １８５ｇＸ３０ ,30
'4901777410428,割るボスいちごショコラ ３４０ｍｌ ,'4901777410435,割るボスいちごショコラ ３４０ｍｌＸ２４ ,24
'4901777410701,ＣＢ白桃オレ ５００ｍｌ ,'4901777410718,ＣＢ白桃オレ ５００ｍｌＸ２４ ,24
'4901777410923,割るボスコールドブリュー ３４０ｍｌ ,'4901777411463,割るボスコールドブリュー１２ ３４０ｍｌＸ１２ ,12
'4901777411128,ＣＢエスプレッソバニラ ２８０ｍｌ ,'4901777411135,ＣＢエスプレッソバニラ ２８０ｍｌＸ２４ ,24
'4901777411142,ＣＢカフェラテバナナ ２８０ｍｌ ,'4901777411159,ＣＢカフェラテバナナ ２８０ｍｌＸ２４ ,24
'4901777411166,ＣＢキャラメルクリーム ２８０ｍｌ ,'4901777411173,ＣＢキャラメルクリーム ２８０ｍｌＸ２４ ,24
'4901777411654,ＧＤルイボスマスカット ６００ｍｌ ,'4901777411791,ＧＤルイボスマスカット ６００ｍｌＸ２４ ,24
'4901777411661,甘くないイタリアーノカカオ ５００ｍｌ ,'4901777411678,甘くないイタリアーノカカオ ５００ｍｌＸ２４ ,24
'4901777411685,ＣＢフルーツスカッシュ ５００ｍｌ ,'4901777411692,ＣＢフルーツスカッシュ ５００ｍｌＸ２４ ,24
'4901777411852,天然水マスカット ５４０ｍｌ ,'4901777411869,天然水マスカット ５４０ｍｌＸ２４ ,24
'4901777411913,ＣＢシトラスアイスティー ６００ｍｌ ,'4901777411920,ＣＢシトラスアイスティー ６００ｍｌＸ２４ ,24
'4901777412033,ＣＢサニーコーヒーレモン ５００ｍｌ ,'4901777412040,ＣＢサニーコーヒーレモン ５００ｍｌＸ２４ ,24
'4901777412071,ＺＯＮｅ＋ＧＲＡＰＥ ２４０ｍｌ ,'4901777412088,ＺＯＮｅ＋ＧＲＡＰＥ ２４０ｍｌＸ３０ ,30
'4901777412149,伊右衛門ロースト ６００ｍｌ ,'4901777412156,伊右衛門ロースト ６００ｍｌＸ２４ ,24
'4901777412163,伊右衛門柚子香る緑茶 ６００ｍｌ ,'4901777412170,伊右衛門柚子香る緑茶 ６００ｍｌＸ２４ ,24
'4901777412309,ペプシＳＰゼロレモン ４９０ｍｌ ,'4901777412316,ペプシＳＰゼロレモン ４９０ｍｌＸ２４ ,24
'4901777412385,おうちＰＯＰＣＣレモン ３４０ｍｌ ,'4901777412392,おうちＰＯＰＣＣレモン ３４０ｍｌＸ２４ ,24
'4901777412408,おうちＰＯＰメロンソーダ ３４０ｍｌ ,'4901777412415,おうちＰＯＰメロンソーダ ３４０ｍｌＸ２４ ,24
'4901777412552,割るボスアーモンドラテ ３４０ｍｌ ,'4901777412569,割るボスアーモンドラテ ３４０ｍｌＸ２４ ,24
'4901777412682,ＣＣレモンももミックス ５００ｍｌ ,'4901777412699,ＣＣレモンももミックス ５００ｍｌＸ２４ ,24
'4901777412705,イタリアーノ６本 ５００ｍｌＸ６ ,'4901777412712,イタリアーノ６本 ５００ｍｌＸ６Ｘ４ ,4
'4901777412743,天然水フルスパグレフルレモン ５００ｍｌ ,'4901777412750,天然水フルスパグレフルレモン ５００ｍｌＸ２４ ,24
'4901777412767,天然水ＳＰＡＲＫＬＩＮＧ ５００ｍｌ ,'4901777412774,天然水ＳＰＡＲＫＬＩＮＧ ５００ｍｌＸ２４ ,24
'4901777412781,天然水ＳＰＡＲＫＬＩＮＧ６ ５００ｍｌＸ６ ,'4901777412798,天然水ＳＰＡＲＫＬＩＮＧ６ ５００ｍｌＸ６Ｘ４ ,4
'4901777412989,ボスカフェインブラック ２４５ｇ ,'4901777412996,ボスカフェインブラック ２４５ｇＸ３０ ,30
'4901777413542,胡麻麦茶６本＋景品付 ３５０ｍｌＸ６ ,'4901777413559,胡麻麦茶６本＋景品付 ３５０ｍｌＸ６Ｘ４ ,4
'4901777413917,ボスとろけるカフェオレ ６００ｍｌ ,'4901777413924,ボスとろけるカフェオレ ６００ｍｌＸ２４ ,24
'4901777415607,割るボスチョコバナナラテ ３４０ｍｌ ,'4901777415614,割るボスチョコバナナラテ ３４０ｍｌＸ２４ ,24
'4901777415874,ＣＢパワーラテミルクココア ２８０ｍｌ ,'4901777416161,ＣＢパワーラテミルクココア ２８０ｍｌＸ２４ ,24
'4901777416178,ＣＢトリプルナッツ ２８０ｍｌ ,'4901777416185,ＣＢトリプルナッツ ２８０ｍｌＸ２４ ,24
'4901777416536,伊右衛門新茶入り ６００ｍｌ ,'4901777416543,伊右衛門新茶入り ６００ｍｌＸ２４ ,24
'4901777416598,ＺＯＮｅ４本パック ４００ｍｌＸ４ ,'4901777416604,ＺＯＮｅ４本パック ４００ｍｌＸ４Ｘ６ ,6
'4901777417144,ボスコーヒー牛乳バナナ １８５ｇ ,'4901777417151,ボスコーヒー牛乳バナナ １８５ｇＸ３０ ,30
'4901777417168,ボスコーヒー牛乳バナナ６缶 １８５ｇＸ６ ,'4901777417175,ボスコーヒー牛乳バナナ６缶 １８５ｇＸ６Ｘ５ ,5
'4901777417281,天ＳＰグレフルソルティ ５００ｍｌ ,'4901777417298,天ＳＰグレフルソルティ ５００ｍｌＸ２４ ,24
'4901777417328,天然水ＳＰグレフル ５００ｍｌ ,'4901777417335,天然水ＳＰグレフル ５００ｍｌＸ２４ ,24
'4901777417342,ＣＢアイスバニララテ ５００ｍｌ ,'4901777417359,ＣＢアイスバニララテ ５００ｍｌＸ２４ ,24
'4901777417540,伊右衛門冷茶 ６００ｍｌ ,'4901777417557,伊右衛門冷茶 ６００ｍｌＸ２４ ,24
'4901777417687,ＺＯＮｅクレイジーラクーン ４００ｍｌＸ５ ,'4901777417694,ＺＯＮｅクレイジーラクーン ４００ｍｌＸ５Ｘ４ ,4
'4901777417700,ＣＢトロピカルティー ６００ｍｌ ,'4901777417717,ＣＢトロピカルティー ６００ｍｌＸ２４ ,24
'4901777417762,ＣＢブラック６本パック ５００ｍｌＸ６ ,'4901777418226,ＣＢブラック６本パック ５００ｍｌＸ６Ｘ４ ,4
'4901777418028,ＣＢダブル焙煎ブラック ４５０ｍｌ ,'4901777418035,ＣＢダブル焙煎ブラック ４５０ｍｌＸ２４ ,24
'4901777418080,ＣＢサマースカッシュ ５００ｍｌ ,'4901777418097,ＣＢサマースカッシュ ５００ｍｌＸ２４ ,24
'4901777418103,ＣＢパインフルーツオレ ５００ｍｌ ,'4901777418110,ＣＢパインフルーツオレ ５００ｍｌＸ２４ ,24
'4901777418233,ＣＢラテ６本パック ５００ｍｌＸ６ ,'4901777418240,ＣＢラテ６本パック ５００ｍｌＸ６Ｘ４ ,4
'4901777418295,ＺＯＮｅＩＭＰＡＣＴ ５００ｍｌ ,'4901777418301,ＺＯＮｅＩＭＰＡＣＴ ５００ｍｌＸ２４ ,24
'4901777418363,ペプシゼロパイン ６００ｍｌ ,'4901777418370,ペプシゼロパイン ６００ｍｌＸ２４ ,24
'4901777418554,ボスカフェオレビター ６００ｍｌ ,'4901777418561,ボスカフェオレビター ６００ｍｌＸ２４ ,24
'4901777419179,ＣＣレモンメロンミックス ５００ｍｌ ,'4901777419186,ＣＣレモンメロンミックス ５００ｍｌＸ２４ ,24
'4901777419353,ＳＰＡＲＫＬＩＮＧ５＋１ ５００ｍｌＸ５ ,'4901777419360,ＳＰＡＲＫＬＩＮＧ５＋１ ５００ｍｌＸ５Ｘ４ ,4
'4901777419391,割るボスヘーゼルナッツ ３４０ｍｌ ,'4901777419407,割るボスヘーゼルナッツ ３４０ｍｌＸ２４ ,24
'4901777420076,スタバブラック １８５ｇ ,'4901777420083,スタバブラック １８５ｇＸ３０ ,30
'4901777420090,スタバブラック６缶 １８５ｇＸ６ ,'4901777420106,スタバブラック６缶 １８５ｇＸ６Ｘ５ ,5
'4901777420113,スタバカフェラテ １８５ｇ ,'4901777420120,スタバカフェラテ １８５ｇＸ３０ ,30
'4901777420137,スタバカフェラテ６缶 １８５ｇＸ６ ,'4901777420144,スタバカフェラテ６缶 １８５ｇＸ６Ｘ５ ,5
'4901777420151,ＳＵＰＥＲＢｉｋｋｌｅ ２８０ｍｌ ,'4901777420168,ＳＵＰＥＲＢｉｋｋｌｅ ２８０ｍｌＸ２４ ,24
'4901777420199,ＺＯＮｅＶＩＢＥＳ ５００ｍｌ ,'4901777420205,ＺＯＮｅＶＩＢＥＳ ５００ｍｌＸ２４ ,24
'4901777420328,ボス勝負の一手 １８５ｇ ,'4901777420335,ボス勝負の一手 １８５ｇＸ３０ ,30
'4901777420502,ＣＢイタリアーノナッツ ５００ｍｌ ,'4901777420519,ＣＢイタリアーノナッツ ５００ｍｌＸ２４ ,24
'4901777420755,ＣＢ香る無糖紅茶 ６００ｍｌ ,'4901777420762,ＣＢ香る無糖紅茶 ６００ｍｌＸ２４ ,24
'4901777421080,ＣＢキャラメルラテ ５００ｍｌ ,'4901777421097,ＣＢキャラメルラテ ５００ｍｌＸ２４ ,24
'4901777421608,割るボスカフェビターラテ ３４０ｍｌ ,'4901777423800,割るボスビターラテハーフ ３４０ｍｌＸ１２ ,12
'4901777421691,ＣＣいちごミックス ５００ｍｌ ,'4901777421707,ＣＣいちごミックス ５００ｍｌＸ２４ ,24
'4901777421714,ＰＯＰメロンブルーハワイ ６００ｍｌ ,'4901777421721,ＰＯＰメロンブルーハワイ ６００ｍｌＸ２４ ,24
'4901777422087,おうちドリンクデカビタＣ ３４０ｍｌ ,'4901777422094,おうちドリンクデカビタＣ ３４０ｍｌＸ２４ ,24
'4901777422155,ＣＢラテストロベリー ５００ｍｌ ,'4901777422162,ＣＢラテストロベリー ５００ｍｌＸ２４ ,24
'4901777422438,クラフトボスカフェモカ ５００ｍｌ ,'4901777422445,クラフトボスカフェモカ ５００ｍｌＸ２４ ,24
'4901777422681,ＺＯＮｅｇｒａｆｆｉｔｉ ５００ｍｌ ,'4901777422698,ＺＯＮｅｇｒａｆｆｉｔｉ ５００ｍｌＸ２４ ,24
'4901777422704,ＣＢ乳酸菌 ５００ｍｌ ,'4901777422711,ＣＢ乳酸菌 ５００ｍｌＸ２４ ,24
'4901777422759,割るボスマロンラテ ３４０ｍｌ ,'4901777422766,割るボスマロンラテ ３４０ｍｌＸ２４ ,24
'4901777423077,天然水ヨーグルスカッシュ ５００ｍｌ ,'4901777423084,天然水ヨーグルスカッシュ ５００ｍｌＸ２４ ,24
'4901777423091,天然水レム・オン ５４０ｍｌ ,'4901777423107,天然水レム・オン ５４０ｍｌＸ２４ ,24
'4901777423152,天然水ＳＰ梅 ５００ｍｌ ,'4901777423169,天然水ＳＰ梅 ５００ｍｌＸ２４ ,24
'4901777423190,天然水ＳＰアセロラレモン ５００ｍｌ ,'4901777423206,天然水ＳＰアセロラレモン ５００ｍｌＸ２４ ,24
'4901777423275,特水 ６００ｍｌ ,'4901777423282,特水 ６００ｍｌＸ２４ ,24
'4901777423312,ハオウーロン ５００ｍｌ ,'4901777423329,ハオウーロン ５００ｍｌＸ２４ ,24
'4901777423459,ＣＢフルーツオレ ５００ｍｌ ,'4901777423466,ＣＢフルーツオレ ５００ｍｌＸ２４ ,24
'4901777423787,ＣＢいちごミックスオレ ５００ｍｌ ,'4901777423794,ＣＢいちごミックスオレ ５００ｍｌｌＸ２４ ,24
'4901777423947,ＤＡＫＡＲＡ乳酸菌 ４３０ｍｌ ,'4901777423954,ＤＡＫＡＲＡ乳酸菌 ４３０ｍｌＸ２４ ,24
'4901777424418,伊右衛門炙り一番茶入 ６００ｍｌ ,'4901777424425,伊右衛門炙り一番茶入 ６００ｍｌＸ２４ ,24
'4901777425033,ＰＯＰメロンプリン ６００ｍｌ ,'4901777425040,ＰＯＰメロンプリン ６００ｍｌＸ２４ ,24
'4901777425316,デカビタジンジャー ５００ｍｌ ,'4901777425323,デカビタジンジャー ５００ｍｌＸ２４ ,24
'4901777425460,おうちペプシ ３４０ｍｌ ,'4901777425477,おうちペプシ ３４０ｍｌＸ２４ ,24
'4901777425811,ＣＣレモンりんご ５００ｍｌ ,'4901777425828,ＣＣレモンりんご ５００ｍｌＸ２４ ,24
'4901777426962,伊右衛門あまみ一煎仕立て ６００ｍｌ ,'4901777426979,伊右衛門あまみ一煎仕立て ６００ｍｌＸ２４ ,24
'4901777427419,ボスｅｘ進化の微糖 １８５ｇ ,'4901777427426,ボスｅｘ進化の微糖 １８５ｇｌＸ３０ ,30
'4901777427433,ボスｅｘ進化の微糖６缶 １８５ｇＸ６ ,'4901777427440,ボスｅｘ進化の微糖６缶 １８５ｇＸ６Ｘ５ ,5
'4901777427815,ＣＢダブルショコララテ ５００ｍｌ ,'4901777427822,ＣＢダブルショコララテ ５００ｍｌＸ２４ ,24
'4901777427945,ＺＯＮｅ＋ＮＩＫＫＥタオル ４００ｍｌＸ３ ,'4901777427952,ＺＯＮｅ＋ＮＩＫＫＥタオル ４００ｍｌＸ３Ｘ６ ,6
'4901777428386,ＣＣレモンゆずミックス ５００ｍｌ ,'4901777428393,ＣＣレモンゆずミックス ５００ｍｌＸ２４ ,24
'4901777428409,ＣＢ甘くないイタリアーノＷ ５００ｍｌ ,'4901777428416,ＣＢ甘くないイタリアーノＷ ５００ｍｌＸ２４ ,24
'4901777428423,ＺＯＮｅＡＢＳＯＬＵＴＥ ５００ｍｌ ,'4901777428430,ＺＯＮｅＡＢＳＯＬＵＴＥ ５００ｍｌＸ２４ ,24
'4901777428522,割るボスホワイトショコラ ３４０ｍｌ ,'4901777428539,割るボスホワイトショコラ ３４０ｍｌＸ２４ ,24
'4901777428829,伊右衛門玄米茶 ６００ｍｌ ,'4901777428836,伊右衛門玄米茶 ６００ｍｌＸ２４ ,24
'4901777429093,ＣＢベリー＆アサイー ５００ｍｌ ,'4901777429109,ＣＢベリー＆アサイー ５００ｍｌＸ２４ ,24
'4901777429116,ＣＢレモン＆カボス ５００ｍｌ ,'4901777429123,ＣＢレモン＆カボス ５００ｍｌＸ２４ ,24
'4901777429253,ＺＯＮｅＭＯＲＮＩＮＧ ４００ｍｌ ,'4901777429260,ＺＯＮｅＭＯＲＮＩＮＧ ４００ｍｌＸ２４ ,24
'4901777429437,ＣＢソーダマンゴーパッション ５００ｍｌ ,'4901777429444,ＣＢソーダマンゴーパッション ５００ｍｌＸ２４ ,24
'4901777429772,ＣＢミルクラテ ５００ｍｌ ,'4901777429789,ＣＢミルクラテ ５００ｍｌＸ２４ ,24
'4901777430020,天然水ＳＰ無糖レモン ５００ｍｌ ,'4901777430037,天然水ＳＰ無糖レモン ５００ｍｌＸ２４ ,24
'4901777430228,割るカフェレス無糖 ３４０ｍｌ ,'4901777430556,割るカフェレス無糖１２ ３４０ｍｌＸ１２ ,12
'4901777430242,割るＣＢチョコバナナ ３４０ｍｌ ,'4901777430259,割るＣＢチョコバナナ ３４０ｍｌＸ２４ ,24
'4901777430358,ＺＯＮｅＦＲＵＩＴＳ ２４０ｍｌ ,'4901777430495,ＺＯＮｅＦＲＵＩＴＳ ２４０ｍｌＸ３０ ,30
'4901777430532,ＣＢ凍らせてフラッペ ４４０ｍｌ ,'4901777430549,ＣＢ凍らせてフラッペ ４４０ｍｌＸ２４ ,24
'4901777430921,ＣＢティーレモネード ６００ｍｌ ,'4901777430938,ＣＢティーレモネード ６００ｍｌＸ２４ ,24
'4901777430969,ＣＢフルーツティーエード ６００ｍｌ ,'4901777430976,ＣＢフルーツティーエード ６００ｍｌＸ２４ ,24
'4901777431508,天然水きりっとレモンヨーグ ５９０ｍｌ ,'4901777431515,天然水きりっとレモンヨーグ ５９０ｍｌＸ２４ ,24
'4901777431577,天然水冷凍ＰＥＴ ５００ｍｌ ,'4901777431584,天然水冷凍ＰＥＴ ５００ｍｌＸ２４ ,24
'4901777432017,ＣＢセイロンティー ６００ｍｌ ,'4901777432024,ＣＢセイロンティー ６００ｍｌＸ２４ ,24
'4901777432031,ＣＣレモンふくしまもも ５００ｍｌ ,'4901777432048,ＣＣレモンふくしまもも ５００ｍｌＸ２４ ,24
'4901777432277,超すっぱＣＣレモン ５００ｍｌ ,'4901777432284,超すっぱＣＣレモン ５００ｍｌＸ２４ ,24
'4901777432291,胡麻麦茶２本＋景品 ３５０ｍｌＸ２ ,'4901777432307,胡麻麦茶２本＋景品 ３５０ｍｌＸ２Ｘ１２ ,12
'4901777432390,ＤＡＫＡＲＡコーン茶 ６００ｍｌ ,'4901777432406,ＤＡＫＡＲＡコーン茶 ６００ｍｌＸ２４ ,24
'4901777432475,ＣＢブラック５＋１ ５００ｍｌＸ５ ,'4901777432482,ＣＢブラック５＋１ ５００ｍｌＸ５Ｘ４ ,4
'4901777432499,ＣＢラテ５＋１ ５００ｍｌＸ５ ,'4901777432505,ＣＢラテ５＋１ ５００ｍｌＸ５Ｘ４ ,4
'4901777432772,ＣＢソーダアセロラレモン ５００ｍｌ ,'4901777432789,ＣＢソーダアセロラレモン ５００ｍｌＸ２４ ,24
'4901777433199,ＧＤシークワサー ６００ｍｌ ,'4901777433205,ＧＤシークワサー ６００ｍｌＸ２４ ,24
'4901777433434,伊右衛門ゆず茶 ６００ｍｌ ,'4901777433441,伊右衛門ゆず茶 ６００ｍｌＸ２４ ,24
'4901777433755,ＣＢ台湾ライチティー ６００ｍｌ ,'4901777433762,ＣＢ台湾ライチティー ６００ｍｌＸ２４ ,24
'4901777434363,Ｕ．Ｆ．Ｏ．ＺＯＮｅ ４００ｍｌ ,'4901777434370,Ｕ．Ｆ．Ｏ．ＺＯＮｅ ４００ｍｌＸ２４ ,24
'4901777434387,割るＣＢアーモンドラテ ３４０ｍｌ ,'4901777434394,割るＣＢアーモンドラテ ３４０ｍｌＸ２４ ,24
'4901777434400,割るＣＢバニララテベース ３４０ｍｌ ,'4901777434417,割るＣＢバニララテベース ３４０ｍｌＸ２４ ,24
'4901777434424,ＰＯＰメロンフルーツポンチ ６００ｍｌ ,'4901777434431,ＰＯＰメロンフルーツポンチ ６００ｍｌＸ２４ ,24
'4901777434622,ＣＢアップルティー ６００ｍｌ ,'4901777434639,ＣＢアップルティー ６００ｍｌＸ２４ ,24
'4901777434905,ＣＣレモンマスカット ５００ｍｌ ,'4901777434912,ＣＣレモンマスカット ５００ｍｌＸ２４ ,24
'4901777434950,割るＣＢ無糖ポケモン２本 ３４０ｍｌＸ２ ,'4901777434967,割るＣＢ無糖ポケモン２本 ３４０ｍｌＸ２Ｘ１２ ,12
'4901777435032,ドリンクバーペプシゼロ ３４０ｍｌ ,'4901777435049,ドリンクバーペプシゼロ ３４０ｍｌＸ２４ ,24
'4901777435056,伊右衛門新茶入り ６００ｍｌ ,'4901777435063,伊右衛門新茶入り ６００ｍｌＸ２４ ,24
'4901777435131,ＣＢシークヮサーウメ ５００ｍｌ ,'4901777435148,ＣＢシークヮサーウメ ５００ｍｌＸ２４ ,24
'4901777435155,ＣＢオレンジ＆ピングレ ５００ｍｌ ,'4901777435162,ＣＢオレンジ＆ピングレ ５００ｍｌＸ２４ ,24
'4901777435278,割るＣＢ甘控ポケモン２本 ３４０ｍｌＸ２ ,'4901777435285,割るＣＢ甘控ポケモン２本 ３４０ｍｌＸ２Ｘ１２ ,12
'4901777435292,スタバブラック ４５０ｍｌ ,'4901777435308,スタバブラック ４５０ｍｌＸ２４ ,24
'4901777435315,スタバカフェラテ ４５０ｍｌ ,'4901777435322,スタバカフェラテ ４５０ｍｌＸ２４ ,24
'4901777435513,ＣＢＴＥＡ地中海スカッシュ ４９０ｍｌ ,'4901777435520,ＣＢＴＥＡ地中海スカッシュ ４９０ｍｌＸ２４ ,24
'4901777435612,ＣＢアメリカーノ ５００ｍｌ ,'4901777435629,ＣＢアメリカーノ ５００ｍｌＸ２４ ,24
'4901777435780,伊右衛門冷茶仕立て ６００ｍｌ ,'4901777435797,伊右衛門冷茶仕立て ６００ｍｌＸ２４ ,24
'4901777436718,塩はちみつレモン ４９０ｍｌ ,'4901777436725,塩はちみつレモン ４９０ｍｌＸ２４ ,24
'4901777436848,ＺＯＮｅＳｕｍｍｅｒ ４００ｍｌ ,'4901777436855,ＺＯＮｅＳｕｍｍｅｒ ４００ｍｌＸ２４ ,24
'4901777436978,ペプシＺＥＲＯＰＥＡＣＨ ６００ｍｌ ,'4901777436985,ペプシＺＥＲＯＰＥＡＣＨ ６００ｍｌＸ２４ ,24
'4901777436992,ＰＯＰメロンクリーム ６００ｍｌ ,'4901777437005,ＰＯＰメロンクリーム ６００ｍｌＸ２４ ,24
'4901777437739,ボスクエスト深煎り １８５ｇ ,'4901777437753,ボスクエスト深煎り６ １８５ｇＸ６ ,6
'4901777437739,ボスクエスト深煎り １８５ｇ ,'4901777437760,ボスクエスト深煎り６ １８５ｇＸ６Ｘ５ ,24
'4901777438934,ＣＢアップルジンジャー ５００ｍｌ ,'4901777438941,ＣＢアップルジンジャー ５００ｍｌＸ２４ ,24
'4901777439177,ＣＣレモンベリーミックス ５００ｍｌ ,'4901777439184,ＣＣレモンベリーミックス ５００ｍｌＸ２４ ,24
'4901777439467,ＣＣレモンラフランス ５００ｍｌ ,'4901777439474,ＣＣレモンラフランス ５００ｍｌＸ２４ ,24
'4901777439580,ＣＢキャラメルラテ ５００ｍｌ ,'4901777439597,ＣＢキャラメルラテ ５００ｍｌＸ２４ ,24
'4901777439610,伊右衛門京都サイダー ５００ｍｌ ,'4901777439627,伊右衛門京都サイダー ５００ｍｌＸ２４ ,24
'4901777439702,ＣＢカフェモカ ５００ｍｌ ,'4901777439719,ＣＢカフェモカ ５００ｍｌＸ２４ ,24
'4901777440074,クラフトボスおいもラテ ５００ｍｌ ,'4901777440081,クラフトボスおいもラテ ５００ｍｌＸ２４ ,24
'4901777440098,割るＣＢ蜜芋ラテベース ３４０ｍｌ ,'4901777440104,割るＣＢ蜜芋ラテベース ３４０ｍｌＸ２４ ,24
'4901777440265,伊右衛門ジャスミン茶ＨＯＴ ５００ｍｌ ,'4901777440272,伊右衛門ジャスミン茶ＨＯＴ ５００ｍｌＸ２４ ,24
'4901777440678,ＣＢ甘桃ティーラテＨＯＴ ４５０ｍｌ ,'4901777440685,ＣＢ甘桃ティーラテＨＯＴ ４５０ｍｌＸ２４ ,24
'4901777440708,薬膳ジンジャーアップルＨＯＴ ５００ｍｌ ,'4901777440715,薬膳ジンジャーアップルＨＯＴ ５００ｍｌＸ２４ ,24
'4901777441149,ＣＢ柚子ティーエード ６００ｍｌ ,'4901777441156,ＣＢ柚子ティーエード ６００ｍｌＸ２４ ,24
'4901777441491,ＺＯＮｅＧＡＭＩＮＧ ４００ｍｌ ,'4901777441507,ＺＯＮｅＧＡＭＩＮＧ ４００ｍｌＸ２４ ,24
'4901777441545,ＺＯＮｅ十ＮＩＫＫＥタオル ４００ｍｌＸ３ ,'4901777441552,ＺＯＮｅ＋ＮＩＫＫＥタオル ４００ｍｌＸ３Ｘ６ ,6
'4901777441811,ドリンクバー４種アソート ３４０ｍｌＸ４ ,'4901777441828,ドリンクバー４種アソート ３４０ｍｌＸ４Ｘ６ ,6
'4901777441927,ＺＯＮｅＥＮＥＲＧＹ解 ４００ｍｌ ,'4901777441934,ＺＯＮｅＥＮＥＲＧＹ解 ４００ｍｌＸ２４ ,24
'4901777441989,伊右衛門冬のうまみ煎茶 ６００ｍｌ ,'4901777441996,伊右衛門冬のうまみ煎茶 ６００ｍｌＸ２４ ,24
'4901777442009,割るＣＢ贅沢いちごショコラ ３４０ｍｌ ,'4901777442016,割るＣＢ贅沢いちごショコラ ３４０ｍｌＸ２４ ,24
'4901777442184,烏龍茶ミルクティー ５００ｍｌ ,'4901777442191,烏龍茶ミルクティー ５００ｍｌＸ２４ ,24
'4901777442320,天然水ＳＰグレフル ５００ｍｌ ,'4901777442337,天然水ＳＰグレフル ５００ｍｌＸ２４ ,24
'4901777442955,ＣＢ世界のＴＥＡ赤葡萄 ６００ｍｌ ,'4901777442962,ＣＢ世界のＴＥＡ赤葡萄 ６００ｍｌＸ２４ ,24
'4901777443037,ＣＢイタリアーノシナモン ５００ｍｌ ,'4901777443044,ＣＢイタリアーノシナモン ５００ｍｌＸ２４ ,24
'4901777443877,ボス土俵際の底力 １８５ｇ ,'4901777444195,ボス土俵際の底力 １８５ｇＸ３０ ,30
'4901777443921,ボスアイスドブラック ４５０ｍｌ ,'4901777443938,ボスアイスドブラック ４５０ｍｌＸ２４ ,24
'4901777443945,ボスアイスドラテ ４５０ｍｌ ,'4901777443952,ボスアイスドラテ ４５０ｍｌＸ２４ ,24
'4901777444072,伊右衛門あまみ一煎仕立て ６００ｍｌ ,'4901777444089,伊右衛門あまみ一煎仕立て ６００ｍｌＸ２４ ,24
'4901777444317,ＣＢショコララテ ５００ｍｌ ,'4901777444324,ＣＢショコララテ ５００ｍｌＸ２４ ,24
'4901777444379,ＣＣレモンみかん ５００ｍｌ ,'4901777444386,ＣＣレモンみかん ５００ｍｌＸ２４ ,24
'4901777444515,プレミアムボス微糖６缶 １８５ｇＸ６ ,'4901777444522,プレミアムボス微糖６缶 １８５ｇＸ６Ｘ５ ,5
'4901777444591,ボス土俵際の底力６缶 １８５ｇＸ６ ,'4901777444607,ボス土俵際の底力６缶 １８５ｇＸ６Ｘ５ ,5
'4901777444652,デカビタＣ満点チャージ ５００ｍｌ ,'4901777444669,デカビタＣ満点チャージ ５００ｍｌＸ２４ ,24
'4901777444744,きりっとオレンジマンゴー４本 ６００ｍｌＸ４ ,'4901777444751,きりっとオレンジマンゴー４本 ６００ｍｌＸ４Ｘ６ ,6
'4901777444768,きりっとピングレマス４本 ６００ｍｌＸ４ ,'4901777444775,きりっとピングレマス４本 ６００ｍｌＸ４Ｘ６ ,6
'4901777444911,特水４本パック ６００ｍｌＸ４ ,'4901777444928,特水４本パック ６００ｍｌＸ４Ｘ６ ,6
'4901777445079,割るＣＢご褒美ショコラ ３４０ｍｌ ,'4901777445086,割るＣＢご褒美ショコラ ３４０ｍｌＸ２４ ,24
'4901777445376,スタバキャラメルラテ １８５ｇ ,'4901777445383,スタバキャラメルラテ １８５ｇＸ３０ ,30
'4901777446021,ＧＤやさしいアセロラ ６００ｍｌ ,'4901777446038,ＧＤやさしいアセロラ ６００ｍｌＸ２４ ,24
'4901777446045,ＧＤやさしいアセロラ２８０ ２８０ｍｌ ,'4901777446052,ＧＤやさしいアセロラ２８０ ２８０ｍｌＸ２４ ,24
'4901777446076,スタバキャラメルラテ６ １８５ｇＸ６ ,'4901777446083,スタバキャラメルラテ６ １８５ｇＸ６Ｘ５ ,5
'4901777446922,Ｚｏｎｅドラクエ ４００ｍｌ ,'4901777446939,Ｚｏｎｅドラクエ ４００ｍｌＸ２４ ,24
'4901788150405,サッポロウエシマブラック無糖 １８５ｇ ,'4901788150412,  ,30
'4901810381227,ＴＶＢＰお茶　缶 ３４０ｇ ,'4901810381234,ＴＶＢＰお茶　缶ケース ３４０ｇＸ２４ ,24
'4901810381241,ＴＶＢＰ烏龍茶　缶 ３４０ｇ ,'4901810381258,ＴＶＢＰ烏龍茶缶ケース ３４０ｇＸ２４ ,24
'4901810381265,ＴＶＢＰコーラ缶 ３５０ｍｌ ,'4901810381272,ＴＶＢＰコーラ缶ケース ３５０ｍｌＸ２４ ,24
'4901810381289,ＴＶＢＰサイダー缶 ３５０ｍｌ ,'4901810381296,ＴＶＢＰサイダー缶ケース ３５０ｍｌＸ２４ ,24
'4901810824144,ＢＰブラックコーヒー １８５ｇ ,'4901810824151,ＢＰブラックコーヒーＣ １８５ｇＸ３０ ,30
'4901810824168,ＢＰコーヒー微糖 １８５ｇ ,'4901810824175,ＢＰコーヒー微糖（ケース） １８５ｇＸ３０ ,30
'4901810824182,ＢＰカフェオレ １８５ｇ ,'4901810824199,ＢＰカフェオレ（ケース） １８５ｇＸ３０ ,30
'4901810969449,ＴＶＢＰスポーツ５００ｍｌ ５００ｍｌ ,'4901810969456,ＴＶＢＰスポーツ５００ｍｌケ ５００ｍｌｘ２４ ,24
'4901810969463,ＴＶＢＰスポーツドリンク２Ｌ ２０００ｍｌ ,'4901810969470,ＴＶＢＰスポーツ２Ｌ　ケース ２０００ｍｌｘ６ ,6
'4902074010625,チェリオ　ライフガード ５００ｍｌ ,'4902074010632,チェリオ　ライフガードケース ５００ｍｌ×２４ ,24
'4902074013411,メロン ５００ｍｌ ,'4902074013428,メロンケース ５００ｍｌＸ２４ ,24
'4902074013435,グレープ ５００ｍｌ ,'4902074013442,  ,24
'4902087155252,はちみつ黒酢ダイエット ９００ｍｌ ,'4902087201126,はちみつ黒酢ダイエット箱 ９００ｍｌ×１２ ,12
'4902102000055,コカ・コーラ缶 ３５０ｍｌ ,'4902102018852,コカ・コーラ缶ケース ３５０ｍｌ×２４ ,24
'4902102000161,コカコーラ　カン ２５０ｍｌ ,'4902102014458,コーラ２５０缶ケース ２５０ｍｌ×３０ ,30
'4902102009331,ジョージアマックス珈琲 ２５０ｇ ,'4902102023993,ジョージア　マックス ２５０ｇ×３０ ,30
'4902102014281,コカ・コーラ　増量缶 ５００ｍｌ ,'4902102042970,コカ・コーラ増量缶 ５００ｍｌｘ２４ ,24
'4902102019187,コカコーラ１６０バラ １６０ｍｌ ,'4902102023887,コカ・コーラ １６０ｍｌｘ３０ ,30
'4902102030038,ドクターペッパー缶 ３５０ｍｌ ,'4902102047135,ドクターペッパー缶 ３５０ｍｌＸ２４ ,24
'4902102030106,ドクターペッパー ５００ｍｌ ,'4902102046213,ドクターペッパー ５００ｍｌＸ２４ ,24
'4902102034463,ファンタ　グレープ ３５０ｍｌ ,'4902102052450,ファンタ　グレープ ３５０ｍｌｘ２４ ,24
'4902102034494,ファンタオレンジ １６０ｍｌ ,'4902102035439,ファンタオレンジ １６０ｍｌｘ３０ ,30
'4902102034517,ファンタグレープ １６０ｍｌ ,'4902102035446,ファンタグレープ １６０ｍｌｘ３０ ,30
'4902102035354,コカ・コーラファンタグレープ ２５０ｍｌ ,'4902102036733,ファンタグレープ ２５０ｍｌｘ３０ ,30
'4902102035378,ファンタグレープ増量缶 ５００ｍｌ ,'4902102052344,ファンタ　グレープ増量缶 ５００ｍｌｘ２４ ,24
'4902102035415,ファンタオレンジ増量缶 ５００ｍｌ ,'4902102052337,ファンタ　オレンジ増量缶 ５００ｍｌｘ２４ ,24
'4902102047111,ドクターペッパー缶 ５００ｍｌ ,'4902102047128,ドクターペッパー缶 ５００ｍｌＸ２４ ,24
'4902102053389,アンバササワーホワイト ３５０ｍｌ缶 ,'4902102053396,アンバササワーホワイト ３５０ｍｌ缶×２４ ,24
'4902102058759,カナダドライジンジャーエール １６０ｍｌ ,'4902102058773,カナダドライジンジャーエール １６０ｍｌ×３０ ,30
'4902102061582,リアルゴールド １９０ｍｌ ,'4902102061636,リアルゴールド １９０ｍｌ箱 ,30
'4902102061599,コカ・コーラリアルゴールド １６０ｍｌ ,'4902102061643,コーラリアルゴールド １６０ｍｌ×３０ ,30
'4902102061612,リアルゴールド １２０ｍｌ ,'4902102061629,リアルゴールド １２０ｍｌ×１０ ,10
'4902102069359,アクエリアス ５００ｍｌ ,'4902102069366,アクエリアス ５００ｍｌ×２４ ,24
'4902102069472,コカ・コーラアクエリアス ２５０ｇ ,'4902102069489,コカ・コーラアクエリアス ２５０ｇＸ３０ ,30
'4902102072618,コカ・コーラ ５００ｍｌ ,'4902102902359,コカコーラ５００ｍｌ×４ ５００ｍｌ×４ ,4
'4902102072618,コカ・コーラ ５００ｍｌ ,'4902102072625,コカ・コーラ ５００ｍｌＸ２４ ,24
'4902102074728,ジョージアオリジナル ２５０ｇ ,'4902102074735,ジョージアオリジナル ２５０ｇＸ３０ ,30
'4902102074780,ジョージアオリジナル １６０ｇ ,'4902102074797,ジョージアオリジナル １６０ｇＸ３０ ,30
'4902102075060,ジョージアミルクコーヒー ５００ｍｌ ,'4902102096539,ジョージアミルクコーヒー ５００ｍｌ×４ ,4
'4902102075060,ジョージアミルクコーヒー ５００ｍｌ ,'4902102075077,ジョージアミルクコーヒー ５００ｍｌ×２４ ,24
'4902102076371,ファンタオレンジ １５００ｍｌ ,'4902102076388,ファンタオレンジ １５００ｍｌ×８ ,8
'4902102076395,ファンタオレンジ ５００ｍｌ ,'4902102076401,ファンタオレンジ ５００ｍｌ×２４ ,24
'4902102076579,ファンタグレープ ５００ｍｌ ,'4902102076586,ファンタグレープ ５００ｍｌ×２４ ,24
'4902102077354,カナダドライジンジャーエール ５００ｍｌ ,'4902102077361,カナダドライジンジャーエール ５００ｍｌＸ２４ ,24
'4902102077392,カナダドライトニックウォータ ５００ｍｌ ,'4902102077408,カナダドライトニックウォータ ５００ｍｌＸ２４ ,24
'4902102077538,ジョージアマックスコーヒー ５００ｍｌ ,'4902102077545,ジョージアマックスコーヒー ５００ｍｌＸ２４ ,24
'4902102079310,コカ・コーラ爽健美茶 １６０ｇ ,'4902102079327,コカ・コーラ爽健美茶 １６０ｇ×３０ ,30
'4902102080101,アクエリアス冷凍ペット ４９０ｍｌ ,'4902102080118,アクエリアス冷凍ペット ４９０ｍｌＸ２４ ,24
'4902102084178,コカ・コーラゼロ ５００ｍｌ ,'4902102084185,コカ・コーラゼロ ５００ｍｌＸ２４ ,24
'4902102084215,コカ・コーラゼロシュガー １５００ｍｌ ,'4902102084222,  ,8
'4902102084253,コカ・コーラゼロ １６０ｍｌ ,'4902102084260,コカ・コーラゼロ １６０ｍｌＸ３０ ,30
'4902102084277,コカ・コーラゼロ ２５０ｍｌ ,'4902102084284,コカ・コーラゼロ箱 ２５０ｍｌ×３０ ,30
'4902102084352,コカ・コーラゼロ缶 ３５０ｍｌ ,'4902102084369,コカ・コーラゼロ缶 ３５０ｍｌ×２４ ,24
'4902102084376,コカ・コーラゼロ増量缶 ５００ｍｌ ,'4902102084383,コカ・コーラゼロ増量缶 ５００ｍｌ×２４ ,24
'4902102085250,コカ　アクエリアスＰ ２８０ｍｌ ,'4902102085267,アクエリアス ２８０ｍｌ×２４ ,24
'4902102090933,綾鷹 ２８０ｍｌ ,'4902102090940,綾鷹 ２８０ｍｌ×２４ ,24
'4902102090971,綾鷹 １６０ｍｌ ,'4902102090988,綾鷹 １６０ｍｌＸ３０ ,30
'4902102091855,い・ろ・は・す ５５５ｍｌ ,'4902102091862,い・ろ・は・す ５５５ｍｌ×２４ ,24
'4902102091893,い・ろ・は・すハスカップ ５５５ｍｌ ,'4902102091909,い・ろ・は・すハスカップ ５５５ｍｌＸ２４ ,24
'4902102092951,スプライト １５００ｍｌ ,'4902102092968,  ,8
'4902102093408,ファンタグレープ ２８０ｍｌ ,'4902102093415,ファンタグレープ ２８０ｍｌ×２４ ,24
'4902102095259,綾鷹加温 ３５０ｍｌ ,'4902102095266,  ,24
'4902102095808,ジョージアエメマンカフェオレ １８５ｇ ,'4902102095815,ジョージアエメマンカフェオレ １８５ｇ×３０ ,30
'4902102098960,からだ巡茶 ４１０ｍｌ ,'4902102098977,からだ巡茶 ４１０ｍｌ×２４ ,24
'4902102099974,ミニッツはちみつゆず加温 ２８０ｍｌ ,'4902102099981,ミニッツはちみつゆず加温 ２８０ｍｌ×２４ ,24
'4902102100120,ミニッツメイドＱｏｏオレンジ ２８０ｍｌ ,'4902102100137,ミニッツメイドＱｏｏオレンジ ２８０ｍｌ×２４ ,24
'4902102100168,Ｑｏｏわくわくオレンジ １６０ｇ ,'4902102100175,Ｑｏｏわくわくオレンジ １６０ｇ×３０ ,30
'4902102100229,ミニッツメイドＱｏｏアップル ２８０ｍｌ ,'4902102100236,ミニッツメイドＱｏｏアップル ２８０ｍｌ×２４ ,24
'4902102100267,Ｑｏｏわくわくアップル １６０ｇ ,'4902102100274,Ｑｏｏわくわくアップル １６０ｇ×３０ ,30
'4902102100458,ぷるんぷるんＱｏｏマスカット １２５ｇ ,'4902102100465,ぷるんぷるんＱｏｏマスカット １２５ｇ×６ ,6
'4902102100489,ぷるんぷるんＱｏｏもも １２５ｇ ,'4902102100496,ぷるんぷるんＱｏｏもも １２５ｇ×６ ,6
'4902102100519,ぷるんぷるんＱｏｏぶどう １２５ｇ ,'4902102100526,ぷるんぷるんＱｏｏぶどう １２５ｇ×６ ,6
'4902102100540,ぷるんぷるんＱｏｏみかん １２５ｇ ,'4902102100557,ぷるんぷるんＱｏｏみかん １２５ｇ×６ ,6
'4902102101110,アクエリアス ３００ｍｌ ,'4902102101127,アクエリアス ３００ｍｌ×２４ ,24
'4902102102674,アクエリアスパウダー ４８ｇ ,'4902102102681,アクエリアスパウダー ４８ｇ×５ ,5
'4902102102834,爽健美茶すっきりブレンド ２８０ｍｌ ,'4902102102841,爽健美茶すっきりブレンド ２８０ｍｌ×２４ ,24
'4902102102872,爽健美茶すっきりブレンド ２４５ｇ ,'4902102102889,爽健美茶すっきりブレンド ２４５ｇ×３０ ,30
'4902102107341,エメラルドマウンテンブレンド １８５ｇ ,'4902102107358,エメラルドマウンテンブレンド １８５ｇＸ３０ ,30
'4902102107648,綾鷹 ５２５ｍｌ ,'4902102107655,綾鷹 ５２５ｍｌＸ２４ ,24
'4902102107747,ジョージアテイスティ １８５ｇ ,'4902102107754,ジョージアテイスティ １８５ｇＸ３０ ,30
'4902102107808,ジョージアザ・ブレンド １８５ｇ ,'4902102107815,ジョージアザ・ブレンド １８５ｇＸ３０ ,30
'4902102107860,ジョージアサントスプレミアム １８５ｇ ,'4902102107877,ジョージアサントスプレミアム １８５ｇＸ３０ ,30
'4902102107969,い・ろ・は・すりんご ５５５ｍｌ ,'4902102107976,い・ろ・は・すりんご ５５５ｍｌＸ２４ ,24
'4902102108065,からだすこやか茶Ｗ ３５０ｍｌ ,'4902102108072,からだすこやか茶Ｗ ３５０ｍｌＸ２４ ,24
'4902102109093,いろはすスパークリングれもん ５１５ｍｌ ,'4902102109109,いろはすスパークリングれもん ５１５ｍｌＸ２４ ,24
'4902102110198,コカ・コーラ １０００ｍｌ ,'4902102110174,  ,12
'4902102110259,からだすこやか茶Ｗ５本＋１本 ３５０ｍｌ×５＋１ ,'4902102110266,からだすこやか茶Ｗ＋５＋１本×４ ３５０ｍｌ５本＋１本×４ ,4
'4902102110860,紅茶花伝ロイヤルミルクティー ２８０ｍｌ ,'4902102110877,  ,24
'4902102112055,森の水だより ２０００ｍｌ ,'4902102112062,森の水だより ２０００ｍｌＸ６ ,6
'4902102112079,煌烏龍茶 ２０００ｍｌ ,'4902102112093,煌烏龍茶 ２０００ｍｌＸ６ ,6
'4902102112086,からだ巡茶 ２０００ｍｌ ,'4902102112161,からだ巡茶 ２０００ｍｌＸ６ ,6
'4902102112109,爽健美茶すっきりブレンド ２０００ｍｌ ,'4902102112147,爽健美茶すっきりブレンド ２０００ｍｌＸ６ ,6
'4902102112185,綾鷹 ２０００ｍｌ ,'4902102112208,綾鷹 ２０００ｍｌＸ６ ,6
'4902102112314,いろはす ２８５ｍｌ ,'4902102112321,いろはす ２８５ｍｌＸ２４ ,24
'4902102113427,一はじめ茶織 ２０００ｍｌ ,'4902102113434,一はじめ茶織 ２０００ｍｌＸ６ ,6
'4902102113540,茶流彩彩麦茶 ２０００ｍｌ ,'4902102113557,茶流彩彩麦茶 ２０００ｍｌＸ６ ,6
'4902102113625,い・ろ・は・す ２０００ｍｌ ,'4902102113632,い・ろ・は・す ２０００ｍｌＸ６ ,6
'4902102113724,アクエリアスペコらくボトル ２０００ｍｌ ,'4902102113731,アクエリアスペコらくボトル ２０００ｍｌＸ６ ,6
'4902102113823,アクエリアスゼロペコらく ２０００ｍｌ ,'4902102113830,アクエリアスゼロペコらく ２０００ｍｌＸ６ ,6
'4902102113885,アクエリアスビタミンペコらく ２０００ｍｌ ,'4902102113892,アクエリアスビタミンペコらく ２０００ｍｌＸ６ ,6
'4902102114349,ヨーロピアンコクの微糖 １８５ｇ ,'4902102114356,ヨーロピアンコクの微糖 １８５ｇＸ３０ ,30
'4902102114462,からだすこやか茶Ｗ １０５０ｍｌ ,'4902102114479,からだすこやか茶Ｗ １０５０ｍｌＸ１２ ,12
'4902102114523,スプライト ４７０ｍｌ ,'4902102114530,スプライト ４７０ｍｌＸ２４ ,24
'4902102114790,アクエリアスゼロ ５００ｍｌ ,'4902102114806,アクエリアスゼロ ５００ｍｌＸ２４ ,24
'4902102114981,ジョージア贅沢ブラック無糖 ９５０ｍｌ ,'4902102115001,ジョージア贅沢ブラック無糖箱 ９５０ｍｌＸ１２ ,12
'4902102114998,ジョージア贅沢ブラック甘さ控えめ ９５０ｍｌ ,'4902102115018,贅沢ブラック甘さ控えめ箱 ９５０ｍｌＸ１２ ,12
'4902102116169,贅沢ホットカフェラテ ２８０ｍｌ ,'4902102116176,贅沢ホットカフェラテ ２８０ｍｌＸ２４ ,24
'4902102116435,ジョージアザプレミアム １８５ｇ ,'4902102116442,  ,30
'4902102117890,ジョージアザプレミアム微糖 ２６０ｍｌ ,'4902102117906,ジョージアザプレミアム微糖 ２６０ｍｌＸ２４ ,24
'4902102118644,ジョージア香るブラック ２９０ｍｌ ,'4902102118651,ジョージア香るブラック ２９０ｍｌＸ２４ ,24
'4902102118668,ジョージア香るブラックボトル ４００ｍｌ ,'4902102118675,ジョージア香るブラックボトル ４００ｍｌＸ２４ ,24
'4902102119443,爽健美茶 ６００ｍｌ ,'4902102119450,爽健美茶 ６００ｍｌＸ２４ ,24
'4902102119580,Ｑｏｏぷるんぷるんりんご １２５ｇ ,'4902102119597,Ｑｏｏぷるんぷるんりんご １２５ｇＸ６ ,6
'4902102119757,からだ巡茶Ａｄｖａｎｃｅ ４１０ｍｌ ,'4902102119764,からだ巡茶Ａｄｖａｎｃｅ ４１０ｍｌＸ２４ ,24
'4902102120715,い・ろ・は・す塩れもん ５５５ｍｌ ,'4902102120722,い・ろ・は・す塩れもん ５５５ｍｌＸ２４ ,24
'4902102120739,いろはすスパークリングぶどう ５１５ｍｌ ,'4902102120746,いろはすスパークリングぶどう ５１５ｍｌＸ２４ ,24
'4902102121071,ジョージア贅沢ミルクのカフェ ２８０ｍｌ ,'4902102121088,ジョージア贅沢ミルクのカフェ ２８０ｍｌＸ２４ ,24
'4902102121620,ジョージアミルクコーヒー ２４７ｇ ,'4902102121637,ジョージアミルクコーヒー ２４７ｇＸ３０ ,30
'4902102122221,カナダドライスパークリング ５００ｍｌ ,'4902102122238,カナダドライスパークリング ５００ｍｌＸ２４ ,24
'4902102122252,コカ・コーラゼロカフェイン ５００ｍｌ ,'4902102122269,コカ・コーラゼロカフェイン ５００ｍｌＸ２４ ,24
'4902102122276,コカ・コーラゼロカフェイン １５００ｍｌ ,'4902102122283,  ,8
'4902102123037,ザ・プレミアムカフェオレ １８５ｇ ,'4902102123044,ザ・プレミアムカフェオレ １８５ｇＸ３０ ,30
'4902102123181,コカ・コーラプラス ４７０ｍｌ ,'4902102123198,コカ・コーラプラス ４７０ｍｌＸ２４ ,24
'4902102123297,スプライトエクストラ ４７０ｍｌ ,'4902102123303,スプライトエクストラ ４７０ｍｌＸ２４ ,24
'4902102123723,爽健美茶健康素材の麦茶 ６００ｍｌ ,'4902102123730,爽健美茶健康素材の麦茶 ６００ｍｌＸ２４ ,24
'4902102124072,リアルゴールドゼリー １８０ｇ ,'4902102124058,  ,6
'4902102124614,アクエリアス経口補水液 ５００ｍｌ ,'4902102124621,アクエリアス経口補水液 ５００ｍｌＸ２４ ,24
'4902102125710,カナダドライジンジャーダブル ５００ｍｌ ,'4902102125727,カナダドライジンジャーダブル ５００ｍｌＸ２４ ,24
'4902102126328,ファンタシークワーサー ５００ｍｌ ,'4902102126335,ファンタシークワーサー ５００ｍｌＸ２４ ,24
'4902102126540,アク１日ビタミン ５１ｇ ,'4902102126557,アク１日ビタミン ５１ｇＸ５ ,5
'4902102126588,ジョージアミルクココア ２６０ｍｌ ,'4902102126595,ジョージアミルクココア ２６０ｍｌＸ２４ ,24
'4902102126823,リアル牡蠣ウコン １００ｍｌ ,'4902102126830,  ,6
'4902102127202,アクエリアスエスボディ ５００ｍｌ ,'4902102127219,アクエリアスエスボディ ５００ｍｌＸ２４ ,24
'4902102127257,ジョージアクラフトブラック ５００ｍｌ ,'4562119560500,クラフトマンブラック×５＋１ ５００ｍｌ×５＋１ ,6
'4902102127257,ジョージアクラフトブラック ５００ｍｌ ,'4902102127264,ジョージアクラフトブラック ５００ｍｌＸ２４ ,24
'4902102127271,ジョージアクラフトラテ ５００ｍｌ ,'4902102907859,クラフトマンカフェラテ×５＋１ ５００ｍｌ×５＋１ ,6
'4902102127271,ジョージアクラフトラテ ５００ｍｌ ,'4902102127288,ジョージアクラフトラテ ５００ｍｌＸ２４ ,24
'4902102127370,ジョージアコーヒーベース無糖 ３４０ｍｌ ,'4902102129411,ジョージアコーヒーベース無糖 ３４０ｍｌＸ２４ ,24
'4902102127387,ジョージアコーヒーベース甘さ ３４０ｍｌ ,'4902102129404,ジョージアコーヒーベース甘さ ３４０ｍｌＸ２４ ,24
'4902102128131,い・ろ・は・す白桃 ５５５ｍｌ ,'4902102128148,い・ろ・は・す白桃 ５５５ｍｌＸ２４ ,24
'4902102128322,ジョージアご褒美カフェ５００ｍｌ ５００ｍｌ ,'4902102128339,ジョージアご褒美カフェ５００ｍｌ ５００ｍｌ×２４ ,24
'4902102128346,ジョージアご褒美カフェオレ ４１０ｍｌ ,'4902102128353,ジョージアご褒美カフェオレ ４１０ｍｌＸ２４ ,24
'4902102129954,い・ろ・は・すみかん日向夏 ５５５ｍｌ ,'4902102129961,い・ろ・は・すみかん日向夏 ５５５ｍｌＸ２４ ,24
'4902102130080,アンバササワーレトロデザイン ５００ｍｌ ,'4902102130097,アンバササワーレトロデザイン ５００ｍｌＸ２４ ,24
'4902102130240,綾鷹ほうじ茶 ５２５ｍｌ ,'4902102130257,綾鷹ほうじ茶 ５２５ｍｌＸ２４ ,24
'4902102130264,綾鷹ほうじ茶 ２０００ｍｌ ,'4902102130271,綾鷹ほうじ茶 ２０００ｍｌＸ６ ,6
'4902102130356,綾鷹ホット ４４０ｍｌ ,'4902102131766,綾鷹ホット ４４０ｍｌＸ２４ ,24
'4902102130677,クラフトマンラテＨＯＴ ４４０ｍｌ ,'4902102130684,クラフトマンラテＨＯＴ ４４０ｍｌＸ２４ ,24
'4902102130950,綾鷹特選茶 ５００ｍｌ ,'4902102130967,綾鷹特選茶 ５００ｍｌＸ２４ ,24
'4902102131957,ヨーグルＢ１乳酸菌 １９０ｍｌ ,'4902102131971,  ,6
'4902102132060,綾鷹ほうじ茶加温 ３５０ｍｌ ,'4902102132077,  ,24
'4902102132282,い・ろ・は・す二十世紀梨 ５５５ｍｌ ,'4902102132299,い・ろ・は・す二十世紀梨 ５５５ｍｌＸ２４ ,24
'4902102132473,ジョージアグラン微糖 １８５ｇ ,'4902102132480,ジョージアグラン微糖 １８５ｇＸ３０ ,30
'4902102132664,アク１日ビタミン ５００ｍｌ ,'4902102132671,アク１日ビタミン ５００ｍｌＸ２４ ,24
'4902102132688,アク１日ビタミン ２０００ｍｌ ,'4902102132695,アク１日ビタミン ２０００ｍｌＸ６ ,6
'4902102133272,ファンタ芳醇アップル ４９０ｍｌ ,'4902102133289,ファンタ芳醇アップル ４９０ｍｌＸ２４ ,24
'4902102133425,ジョージアディープブラック １８５ｇ ,'4902102133432,ジョージアディープブラック １８５ｇＸ３０ ,30
'4902102133593,コカ・コーラエナジー ２５０ｍｌ ,'4902102133616,コカ・コーラエナジー ２５０ｍｌＸ３０ ,30
'4902102133975,ジョージア香る微糖 ２６０ｍｌ ,'4902102133982,ジョージア香る微糖 ２６０ｍｌＸ２４ ,24
'4902102133999,ジョージア香る微糖ボトル缶 ３７０ｍｌ ,'4902102134002,ジョージア香る微糖ボトル缶 ３７０ｍｌＸ２４ ,24
'4902102134187,綾鷹茶葉のあまみ ５２５ｍｌ ,'4902102134194,綾鷹茶葉のあまみ ５２５ｍｌＸ２４ ,24
'4902102134200,綾鷹茶葉のあまみ ２０００ｍｌ ,'4902102134217,綾鷹茶葉のあまみ ２０００ｍｌＸ６ ,6
'4902102134224,ザ・タンサン・ストロング ４９０ｍｌ ,'4902102134231,ザ・タンサン・ストロング ４９０ｍｌＸ２４ ,24
'4902102134248,ザ・タンサン・レモン ４９０ｍｌ ,'4902102134255,ザ・タンサン・レモン ４９０ｍｌＸ２４ ,24
'4902102134422,ザ・タンサン・ストロング ４９０ｍｌＸ４ ,'4902102134439,  ,6
'4902102134446,ジョージア香るカフェラテ ２６０ｍｌ ,'4902102134453,ジョージア香るカフェラテ ２６０ｍｌＸ２４ ,24
'4902102134644,リアルウルトラレモン ４９０ｍｌ ,'4902102134651,リアルウルトラレモン ４９０ｍｌＸ２４ ,24
'4902102134781,い・ろ・は・す天然水にれもん ５５５ｍｌ ,'4902102134798,い・ろ・は・す天然水にれもん ５５５ｍｌＸ２４ ,24
'4902102134996,ジョージアエメマンプレミアム ２６０ｍｌ ,'4902102135009,ジョージアエメマンプレミアム ２６０ｍｌＸ２４ ,24
'4902102135092,ファンタレモンビタミン１日分 ５００ｍｌ ,'4902102135108,  ,24
'4902102135252,アクエリアスピーチ ５００ｍｌ ,'4902102135269,アクエリアスピーチ ５００ｍｌＸ２４ ,24
'4902102135351,茶流彩彩麦茶 ６００ｍｌ ,'4902102135368,  ,24
'4902102135399,クラフティー贅沢アップル ４１０ｍｌ ,'4902102135405,クラフティー贅沢アップル ４１０ｍｌＸ２４ ,24
'4902102135931,ジョージアクラフト微糖 ５００ｍｌ ,'4902102096379,クラフトマン微糖×５＋１ ５００ｍｌ×５＋１ ,6
'4902102135931,ジョージアクラフト微糖 ５００ｍｌ ,'4902102135948,ジョージアクラフト微糖 ５００ｍｌＸ２４ ,24
'4902102135993,綾鷹ほうじ茶 ２８０ｍｌ ,'4902102136006,綾鷹ほうじ茶 ２８０ｍｌＸ２４ ,24
'4902102136563,リアルゴールドドラゴンブース ２５０ｍｌ ,'4902102136570,  ,30
'4902102136624,綾鷹ほうじ茶ホット ４４０ｍｌ ,'4902102136631,綾鷹ほうじ茶ホット ４４０ｍｌＸ２４ ,24
'4902102136662,ジョージアオレ砂糖不使用 ４４０ｍｌ ,'4902102136679,ジョージアオレ砂糖不使用 ４４０ｍｌＸ２４ ,24
'4902102136716,紅茶花伝ロイヤルミルクティー ４４０ｍｌ ,'4902102136723,紅茶花伝ロイヤルミルクティー ４４０ｍｌＸ２４ ,24
'4902102136730,紅茶花伝ロイヤルミルクティー ４４０ｍｌ ,'4902102136747,紅茶花伝ロイヤルミルクティー ４４０ｍｌＸ２４ ,24
'4902102137041,い・ろ・は・すブルーベリー ５５５ｍｌ ,'4902102137058,  ,24
'4902102137065,コカ・コーラ ３５０ｍｌ ,'4902102137072,コカ・コーラ ３５０ｍｌＸ２４ ,24
'4902102137089,コカ・コーラ ７００ｍｌ ,'4902102137096,コカ・コーラ ７００ｍｌＸ２０ ,20
'4902102137102,パワーエイドフルパワー １８０ｇ ,'4902102137119,  ,6
'4902102137133,パワーエイドリカバリー １８０ｇ ,'4902102137140,  ,6
'4902102137256,い・ろ・は・す白ぶどう ５５５ｍｌ ,'4902102137263,い・ろ・は・す白ぶどう ５５５ｍｌＸ２４ ,24
'4902102137454,綾鷹２９０ｍｌ ２９０ｍｌ ,'4902102137461,綾鷹２９０ｍｌ ２９０ｍｌ×２４ ,24
'4902102137683,ファンタプレミアグレープ ３８０ｍｌ ,'4902102137690,  ,24
'4902102137935,綾鷹濃い緑茶 ５２５ｍｌ ,'4902102137942,綾鷹濃い緑茶 ５２５ｍｌＸ２４ ,24
'4902102138062,コカフローズンレモン １２５ｇ ,'4902102138079,  ,6
'4902102138598,からだ巡茶モイスティア ４１０ｍｌ ,'4902102138604,からだ巡茶モイスティア ４１０ｍｌＸ２４ ,24
'4902102138680,ラテニスタカフェラテ ２８０ｍｌ ,'4902102138697,ラテニスタカフェラテ ２８０ｍｌＸ２４ ,24
'4902102138703,ラテニスタビターラテ ２８０ｍｌ ,'4902102138710,ラテニスタビターラテ ２８０ｍｌＸ２４ ,24
'4902102138888,クラフティー贅沢ピーチ ４４０ｍｌ ,'4902102138895,クラフティー贅沢ピーチ ４４０ｍｌＸ２４ ,24
'4902102138956,ミニッツメイドクーみかん ４２５ｍｌ ,'4902102138963,ミニッツメイドクーみかん ４２５ｍｌＸ２４ ,24
'4902102139052,ミニッツメイドクーりんご ４２５ｍｌ ,'4902102139069,ミニッツメイドクーりんご ４２５ｍｌＸ２４ ,24
'4902102139519,カナダドライジンジャー １５００ｍｌ ,'4902102139526,カナダドライジンジャー １５００ｍｌＸ６ ,6
'4902102139793,プレミアジンジャーエール ３８０ｍｌ ,'4902102139809,  ,24
'4902102139854,アクエリアススパークリング ４９０ｍｌ ,'4902102139861,アクエリアススパークリング ４９０ｍｌＸ２４ ,24
'4902102139977,クラフトマンダークモカ ４４０ｍｌ ,'4902102096393,  ,6
'4902102139977,クラフトマンダークモカ ４４０ｍｌ ,'4902102139984,クラフトマンダークモカ ４４０ｍｌＸ２４ ,24
'4902102140072,ＨＩ　Ｃオレンジ３００ｍｌ ３００ｍｌ ,'4902102140089,ＨＩ　Ｃオレンジ３００ｍｌ箱 ３００ｍｌ×２４ ,24
'4902102140133,紅茶花伝シークヮーサー ５００ｍｌ ,'4902102140140,紅茶花伝シークヮーサー ５００ｍｌＸ２４ ,24
'4902102140157,リアルゴールドゴールドリカバ ４９０ｍｌ ,'4902102140164,リアルゴールドゴールドリカバ ４９０ｍｌＸ２４ ,24
'4902102140171,コスタブラック ２７０ｍｌ ,'4902102140188,コスタブラック ２７０ｍｌＸ２４ ,24
'4902102140195,コスタカフェラテ ２７０ｍｌ ,'4902102140201,コスタカフェラテ ２７０ｍｌＸ２４ ,24
'4902102140218,ラテニスタキャラメル ２８０ｍｌ ,'4902102140225,ラテニスタキャラメル ２８０ｍｌＸ２４ ,24
'4902102140294,からだおだやか茶Ｗ ３５０ｍｌ ,'4902102140300,からだおだやか茶Ｗ ３５０ｍｌＸ２４ ,24
'4902102140331,ファンタプレミアピーチ ３８０ｍｌ ,'4902102140348,  ,24
'4902102140416,ジョージアロースタリーブラ ２８０ｍｌ ,'4902102140423,ジョージアロースタリーブラ ２８０ｍｌＸ２４ ,24
'4902102140454,爽健美温茶 ４４０ｍｌ ,'4902102140461,爽健美温茶 ４４０ｍｌＸ２４ ,24
'4902102140539,コカ・コーラゼロ ３５０ｍｌ ,'4902102140546,コカ・コーラゼロ ３５０ｍｌＸ２４ ,24
'4902102140553,コカ・コーラゼロ ７００ｍｌ ,'4902102140560,コカ・コーラゼロ ７００ｍｌＸ２０ ,20
'4902102140669,クラフティー贅沢オレンジ ４４０ｍｌ ,'4902102140676,クラフティー贅沢オレンジ ４４０ｍｌＸ２４ ,24
'4902102140683,クラフティーレモネード ４４０ｍｌ ,'4902102140690,クラフティーレモネード ４４０ｍｌＸ２４ ,24
'4902102140706,綾鷹ほうじ茶２８０ｍｌ ２８０ｍｌ ,'4902102153256,綾鷹黒豆ほうじ茶ホット ４４０ｍｌＸ２４ ,24
'4902102140720,ラテニスタキャラメルラテ ２８０ｍｌ ,'4902102140737,ラテニスタキャラメルラテ ２８０ｍｌ×２４ ,24
'4902102140805,ファンタグレープ １５００ｍｌ ,'4902102140812,ファンタグレープ １５００ｍｌＸ６ ,6
'4902102140829,ファンタオレンジ １５００ｍｌ ,'4902102140836,ファンタオレンジ １５００ｍｌＸ６ ,6
'4902102140843,スプライト １５００ｍｌ ,'4902102140850,スプライト １５００ｍｌＸ６ ,6
'4902102141109,コカ・コーラ １５００ｍｌ ,'4902102141116,コカ・コーラ １５００ｍｌＸ６ ,6
'4902102141123,コカ・コーラゼロ １５００ｍｌ ,'4902102141130,コカ・コーラゼロ １５００ｍｌＸ６ ,6
'4902102141147,コカ・コーラゼロカフェイン １５００ｍｌ ,'4902102141154,コカ・コーラゼロカフェイン １５００ｍｌＸ６ ,6
'4902102141215,やかんの麦茶 ６５０ｍｌ ,'4902102141222,やかんの麦茶 ６５０ｍｌＸ２４ ,24
'4902102141239,やかんの麦茶 ６００ｍｌ ,'4902102141246,やかんの麦茶 ６００ｍｌＸ２４ ,24
'4902102141253,やかんの麦茶 ２０００ｍｌ ,'4902102141260,やかんの麦茶 ２０００ｍｌＸ６ ,6
'4902102141314,綾鷹ラベルレス ４３０ｍｌ ,'4562119560067,綾鷹ラベルレス ４３０ｍｌＸ６ ,6
'4902102141314,綾鷹ラベルレス ４３０ｍｌ ,'4902102144896,綾鷹ラベルレス ４３０ｍｌ×２４ ,24
'4902102141369,ファンタヨーグルラッシュ ３８０ｍｌ ,'4902102141376,ファンタヨーグルラッシュ ３８０ｍｌＸ２４ ,24
'4902102141451,ファンタゴールデングレープ ４９０ｍｌ ,'4902102141468,ファンタゴールデングレープ ４９０ｍｌＸ２４ ,24
'4902102141499,ファンタプレミアグレープ ３８０ｍｌ ,'4902102141505,ファンタプレミアグレープ ３８０ｍｌＸ２４ ,24
'4902102141536,ファンタプレミアオレンジ ３８０ｍｌ ,'4902102141543,ファンタプレミアオレンジ ３８０ｍｌＸ２４ ,24
'4902102141673,ジョージアラテニスタクリーミ ２８０ｍｌ ,'4902102141680,ジョージアラテニスタクリーミ ２８０ｍｌＸ２４ ,24
'4902102141697,アクまもる乳酸菌ウォータ ４１０ｍｌ ,'4902102141703,アクまもる乳酸菌ウォータ ４１０ｍｌＸ２４ ,24
'4902102141734,アクエリアスゼリー １８０ｇ ,'4902102141741,アクエリアスゼリー １８０ｇＸ６ ,6
'4902102141802,紅茶花伝無糖ストレートティー ４４０ｍｌ ,'4902102141819,紅茶花伝無糖ストレートティー ４４０ｍｌＸ２４ ,24
'4902102141840,ファンタグレープ ３５０ｍｌ ,'4902102141857,ファンタグレープ ３５０ｍｌＸ２４ ,24
'4902102141864,ファンタオレンジ ３５０ｍｌ ,'4902102141871,ファンタオレンジ ３５０ｍｌＸ２４ ,24
'4902102141888,い・ろ・は・すさくらんぼ ５５５ｍｌ ,'4902102141895,い・ろ・は・すさくらんぼ ５５５ｍｌＸ２４ ,24
'4902102141901,スプライト ３５０ｍｌ ,'4902102141918,スプライト ３５０ｍｌＸ２４ ,24
'4902102141925,カナダドライジンジャーエール ３５０ｍｌ ,'4902102141932,カナダドライジンジャーエール ３５０ｍｌＸ２４ ,24
'4902102141949,ファンタグレープ ７００ｍｌ ,'4902102141956,ファンタグレープ ７００ｍｌＸ２０ ,20
'4902102141963,ファンタオレンジ ７００ｍｌ ,'4902102141970,ファンタオレンジ ７００ｍｌＸ２０ ,20
'4902102141987,カナダドライジンジャーエール ７００ｍｌ ,'4902102141994,カナダドライジンジャーエール ７００ｍｌＸ２０ ,20
'4902102142007,スプライト ７００ｍｌ ,'4902102142014,スプライト ７００ｍｌＸ２０ ,20
'4902102142083,カナダドライジンジャーエール ２５０ｍｌ ,'4902102142090,カナダドライジンジャーエール ２５０ｍｌＸ３０ ,30
'4902102142854,アクエリアスパウダー ４８ｇ ,'4902102143059,アクエリアスパウダー ４８ｇＸ５ ,5
'4902102142885,綾鷹カフェ抹茶ラテ ４４０ｍｌ ,'4902102142892,綾鷹カフェ抹茶ラテ ４４０ｍｌＸ２４ ,24
'4902102142885,綾鷹カフェ抹茶ラテ ４４０ｍｌ ,'4562119560111,綾鷹カフェ抹茶ラテ４本パック ４４０ｍｌ×４ ,24
'4902102143134,アクエリアス１日分のマルチ ５１ｇ ,'4902102143592,アクエリアス１日分のマルチ ５１ｇＸ５ ,5
'4902102143424,コカ・コーラゼロカフェイン ３５０ｍｌ ,'4902102143431,コカ・コーラゼロカフェイン ３５０ｍｌＸ２４ ,24
'4902102143448,コカ・コーラゼロカフェイン ７００ｍｌ ,'4902102143455,コカ・コーラゼロカフェイン ７００ｍｌＸ２０ ,20
'4902102143479,コカスリムＮｉｚｉＵデザＡ ２５０ｍｌ ,'4902102143486,コカスリムＮｉｚｉＵデザＡ ２５０ｍｌＸ３０ ,30
'4902102143622,ジヨージアブースト ２５０ｇ ,'4902102143639,ジヨージアブースト ２５０ｇＸ３０ ,30
'4902102143646,アイシー・スパーク ５００ｍｌ ,'4902102143653,アイシー・スパーク ５００ｍｌＸ２４ ,24
'4902102143660,アイシー・スパークレモン ４９０ｍｌ ,'4902102143677,アイシー・スパークレモン ４９０ｍｌＸ２４ ,24
'4902102143783,ＧＡ贅沢ミルクココア２６０ｍｌ ２６０ｍｌ ,'4902102143790,  ,24
'4902102143806,アイシー・スパーク １５００ｍｌ ,'4902102143813,アイシー・スパーク １５００ｍｌＸ６ ,6
'4902102143820,アイシー・スパークレモン １５００ｍｌ ,'4902102143837,アイシー・スパークレモン １５００ｍｌＸ６ ,6
'4902102143967,コカ・コーラライム ３５０ｍｌ ,'4902102143974,コカ・コーラライム ３５０ｍｌＸ２４ ,24
'4902102144100,ファンタすもも＋クエン酸 ４１０ｍｌ ,'4902102144117,ファンタすもも＋クエン酸 ４１０ｍｌＸ２４ ,24
'4902102144124,綾鷹カフェほうじ茶ラテ ４４０ｍｌ ,'4902102144131,綾鷹カフェほうじ茶ラテ ４４０ｍｌＸ２４ ,24
'4902102144476,い・ろ・は・す黄金のパイン ５５５ｍｌ ,'4902102144483,い・ろ・は・す黄金のパイン ５５５ｍｌＸ２４ ,24
'4902102144520,ＨＩ　Ｃアップル３００ｍｌ ３００ｍｌ ,'4902102144537,ＨＩ　Ｃアップル３００ｍｌ箱 ３００ｍｌ×２４ ,24
'4902102144636,リアルゴールドドラゴンブース ２５０ｍｌ ,'4902102144643,  ,30
'4902102144780,ファンタゴールデンキウイ＋ソ ４１０ｍｌ ,'4902102144797,ファンタゴールデンキウイ＋ソ ４１０ｍｌＸ２４ ,24
'4902102144803,クラフトマン砂糖不使 ４４０ｍｌ ,'4902102144810,クラフトマン砂糖不使 ４４０ｍｌＸ２４ ,24
'4902102144858,ファンタプレミア洋梨 ３８０ｍｌ ,'4902102144865,ファンタプレミア洋梨 ３８０ｍｌＸ２４ ,24
'4902102144919,アンバササワーホワイト ２５０ｍｌ ,'4902102144926,アンバササワーホワイト箱 ２５０ｍｌ×３０ ,30
'4902102145138,ショット＆ブレイクブラック １９５ｍｌ ,'4902102145145,ショット＆ブレイクブラック １９５ｍｌＸ３０ ,30
'4902102145152,ショット＆ブレイク微糖 １９５ｍｌ ,'4902102145169,ショット＆ブレイク微糖 １９５ｍｌＸ３０ ,30
'4902102145206,コカスリムＮｉｚｉＵデザＢ ２５０ｍｌ ,'4902102145213,  ,30
'4902102145367,アイシースパーク１ＬＰＥＴ １０００ｍｌ ,'4902102145374,アイシースパーク１ＬＰＥＴ箱 １０００ｍｌ×１２ ,12
'4902102145541,コスタブラックホット ２６５ｍｌ ,'4902102145589,  ,24
'4902102145558,コスタカフェラテホット ２６５ｍｌ ,'4902102145596,  ,24
'4902102145688,コカ・コーラ４本パック ５００ｍｌ×４ ,'4902102096409,コカ・コーラ４本パック ５００ｍｌ×４×６ ,6
'4902102145701,コカ・コーラゼロ４本パック ５００ｍｌ×４ ,'4902102096362,コカ・コーラゼロ４本パック ５００ｍｌ×４×６ ,6
'4902102145749,ジョージアＳＨＯＴ微糖冷温 １９５ｍｌ ,'4902102145756,ジョージアＳＨＯＴ微糖冷温 １９５ｍｌＸ３０ ,30
'4902102145787,ジョージアＳＨＯＴブラ冷温 １９５ｍｌ ,'4902102145794,ジョージアＳＨＯＴブラ冷温 １９５ｍｌＸ３０ ,30
'4902102145886,い・ろ・は・すシャインマスカ ５５５ｍｌ ,'4902102145893,い・ろ・は・すシャインマスカ ５５５ｍｌＸ２４ ,24
'4902102145923,紅茶花伝クラフティーレモンテ ４４０ｍｌ ,'4902102145930,紅茶花伝クラフティーレモンテ ４４０ｍｌＸ２４ ,24
'4902102146074,ファンタ白桃 ４１０ｍｌ ,'4902102146081,ファンタ白桃 ４１０ｍｌＸ２４ ,24
'4902102146098,コスタラテエスプレッソ ２７０ｍｌ ,'4902102146104,コスタラテエスプレッソ ２７０ｍｌＸ２４ ,24
'4902102146326,ファンタゴールデングレープ ５００ｍｌ ,'4902102146333,ファンタゴールデングレープ箱 ５００ｍｌ×２４ ,24
'4902102146418,ファンタシャインマスカット ４１０ｍｌ ,'4902102146425,ファンタシャインマスカット ４１０ｍｌＸ２４ ,24
'4902102146722,ファンタあかるいよかん＋ビタ ４１０ｍｌ ,'4902102146739,ファンタあかるいよかん＋ビタ ４１０ｍｌＸ２４ ,24
'4902102146746,リアルゴールドスリムボトル呪 ２６０ｍｌ ,'4902102146753,  ,30
'4902102146845,ファンタヨーグルラッシュ白桃 ３８０ｍｌ ,'4902102146852,ファンタヨーグルラッシュ白桃 ３８０ｍｌＸ２４ ,24
'4902102146869,ファンタヨーグルラッシュ ３８０ｍｌ ,'4902102146951,ファンタヨーグルラッシュ ３８０ｍｌＸ２４ ,24
'4902102146890,アクエリアス乳酸菌ウォーター ５００ｍｌ ,'4902102146906,アクエリアス乳酸菌ウォーター ５００ｍｌＸ２４ ,24
'4902102146937,ファンタゴールデングレープ ４９０ｍｌ ,'4902102146944,ファンタゴールデングレープ ４９０ｍｌ×２４ ,24
'4902102146968,ファンタプレミアレモン ３８０ｍｌ ,'4902102146975,ファンタプレミアレモン ３８０ｍｌＸ２４ ,24
'4902102146982,綾鷹濃い緑茶 ５２５ｍｌ ,'4902102146999,綾鷹濃い緑茶 ５２５ｍｌＸ２４ ,24
'4902102147026,コスタカフェラテ ２６５ｍｌ ,'4902102147033,コスタカフェラテ ２６５ｍｌＸ２４ ,24
'4902102147040,コスタラテエスプレッソ ２６５ｍｌ ,'4902102147057,コスタラテエスプレッソ ２６５ｍｌＸ２４ ,24
'4902102147064,コスタブラック ２６５ｍｌ ,'4902102147071,コスタブラック ２６５ｍｌＸ２４ ,24
'4902102147125,コスタコーヒープレミアムブラ ２８０ｍｌ ,'4902102147132,コスタコーヒープレミアムブラ ２８０ｍｌＸ２４ ,24
'4902102147149,コスタアーモンドラテ ２６５ｍｌ ,'4902102147156,コスタアーモンドラテ ２６５ｍｌＸ２４ ,24
'4902102147163,コカスリムボトルニンテン ２５０ｍｌ ,'4902102147170,  ,30
'4902102147262,リアルゴールドウルトラレモン ４９０ｍｌ ,'4902102147279,リアルゴールドウルトラレモン ４９０ｍｌＸ２４ ,24
'4902102147309,ジョージアブラック １８５ｇ ,'4902102147316,ジョージアブラック １８５ｇＸ３０ ,30
'4902102147514,アクエリアス経口補水液 ５００ｍｌ ,'4902102147521,アクエリアス経口補水液 ５００ｍｌＸ２４ ,24
'4902102147545,アクエリアスクリアウォーター ５００ｍｌ ,'4902102147552,アクエリアスクリアウォーター ５００ｍｌＸ２４ ,24
'4902102147705,い・ろ・は・す塩とれもん ５５５ｍｌ ,'4902102147712,い・ろ・は・す塩とれもん ５５５ｍｌＸ２４ ,24
'4902102147743,爽健美茶２９０ｍｌ ２９０ｍｌ ,'4902102147767,爽健美茶２９０ｍｌ ２９０ｍｌ×２４ ,24
'4902102147842,ファンタヨーグルラッシュメロ ３８０ｍｌ ,'4902102147859,ファンタヨーグルラッシュメロ ３８０ｍｌＸ２４ ,24
'4902102147866,コーラゼロシュガーレモン ３５０ｍｌ ,'4902102147873,コーラゼロシュガーレモン ３５０ｍｌＸ２４ ,24
'4902102147880,ショット＆ブレイクオレ １９５ｍｌ ,'4902102147897,ショット＆ブレイクオレ １９５ｍｌＸ３０ ,30
'4902102148061,ファンタ青春スウィーティー ４１０ｍｌ ,'4902102148078,ファンタ青春スウィーティー ４１０ｍｌＸ２４ ,24
'4902102148085,ドクターペッパー缶 ２５０ｍｌ ,'4902102148092,ドクターペッパー缶 ２５０ｍｌＸ３０ ,30
'4902102148313,リアルゴールドＸ ５００ｍｌ ,'4902102148320,リアルゴールドＸ ５００ｍｌＸ２４ ,24
'4902102148368,リアルゴールドＹ ５００ｍｌ ,'4902102148375,リアルゴールドＹ ５００ｍｌＸ２４ ,24
'4902102148382,クラフトマンホワイトモカ ４４０ｍｌ ,'4902102148399,クラフトマンホワイトモカ ４４０ｍｌＸ２４ ,24
'4902102148511,コカ・コーラクリエイションズ ３５５ｍｌ ,'4902102148528,コカ・コーラクリエイションズ ３５５ｍｌＸ２４ ,24
'4902102148597,い・ろ・は・す ５４０ｍｌ ,'4902102148603,い・ろ・は・す ５４０ｍｌＸ２４ ,24
'4902102148634,ファンタヨーグルラッシュレモ ３８０ｍｌ ,'4902102148641,ファンタヨーグルラッシュレモ ３８０ｍｌＸ２４ ,24
'4902102148658,ファンタすもももももも ４９０ｍｌ ,'4902102148665,ファンタすもももももも ４９０ｍｌＸ２４ ,24
'4902102148672,い・ろ・は・すもも ５４０ｍｌ ,'4902102148689,い・ろ・は・すもも ５４０ｍｌＸ２４ ,24
'4902102148696,い・ろ・は・すみかん ５４０ｍｌ ,'4902102148702,い・ろ・は・すみかん ５４０ｍｌＸ２４ ,24
'4902102148719,い・ろ・は・すなし ５４０ｍｌ ,'4902102148726,い・ろ・は・すなし ５４０ｍｌＸ２４ ,24
'4902102148733,い・ろ・は・す　りんご ５４０ｍｌ ,'4902102148740,い・ろ・は・す　りんご ５４０ｍｌ×２４ ,24
'4902102148757,い・ろ・は・すハスカップ ５４０ｍｌ ,'4902102148764,い・ろ・は・すハスカップ ５４０ｍｌＸ２４ ,24
'4902102148771,い・ろ・は・すシャインマ ５４０ｍｌ ,'4902102148788,い・ろ・は・すシャインマ ５４０ｍｌＸ２４ ,24
'4902102148856,ＧＯＤＩＶＡ監修Ｇｅｏｒｇｉ １８５ｍｌ ,'4902102148863,ＧＯＤＩＶＡ監修Ｇｅｏｒｇｉ １８５ｍｌＸ３０ ,30
'4902102149037,コスタキャラメルラテ ２６５ｍｌ ,'4902102149044,コスタキャラメルラテ ２６５ｍｌＸ２４ ,24
'4902102149372,い・ろ・は・す巨峰 ５４０ｍｌ ,'4902102149389,い・ろ・は・す巨峰箱 ５４０ｍｌ×２４ ,24
'4902102149631,コカ・コーラゼロシュガーソウ ３５５ｍｌ ,'4902102149648,コカ・コーラゼロシュガーソウ ３５５ｍｌＸ２４ ,24
'4902102149655,ファンタ芳醇アップル ５００ｍｌ ,'4902102149679,ファンタ芳醇アップル箱 ５００ｍｌ×２４ ,24
'4902102149686,ファンタヨーグルグレープマス ３８０ｍｌ ,'4902102149693,ファンタヨーグルグレープマス ３８０ｍｌＸ２４ ,24
'4902102149785,からだリフレッシュ茶Ｗ ４４０ｍｌ ,'4902102149792,からだリフレッシュ茶Ｗ ４４０ｍｌＸ２４ ,24
'4902102149822,コカスリムＦＩＦＡデザイン ２５０ｍｌ ,'4902102149839,コカスリムＦＩＦＡデザイン ２５０ｍｌＸ３０ ,30
'4902102149846,コカゼロＦＩＦＡデザイン ２５０ｍｌ ,'4902102149853,コカゼロＦＩＦＡデザイン ２５０ｍｌＸ３０ ,30
'4902102149877,ジョージアビタードライ１８５ｇ １８５ｇ ,'4902102149884,ジョージアビタードライ１８５ｇ箱 １８５ｇ×３０ ,30
'4902102149938,紅茶花伝クラフティー白ぶどう ４４０ｍｌ ,'4902102149945,紅茶花伝クラフティー白ぶどう ４４０ｍｌＸ２４ ,24
'4902102149983,おいしいオーツ麦ミルクラテ ２００ｍｌ紙パック ,'4902102149990,おいしいオーツ麦ミルクラテ ２００ｍｌ紙パック×２４ ,24
'4902102150002,おいしいオーツ麦ミルクプレーン ２００ｍｌ紙パック ,'4902102150019,おいしいオーツ麦ミルクプレーン ２００ｍｌ紙パック×２４ ,24
'4902102150026,ファンタミステリーブルー ４９０ｍｌ ,'4902102150033,ファンタミステリーブルー ４９０ｍｌ×２４ ,24
'4902102150040,クラフトマンゼロ ４４０ｍｌ ,'4902102150057,クラフトマンゼロ ４４０ｍｌＸ２４ ,24
'4902102150163,ファンタもっとあかるいよかん ４１０ｍｌ ,'4902102150170,ファンタもっとあかるいよかん ４１０ｍｌＸ２４ ,24
'4902102150187,ファンタプレミアもも ３８０ｍｌ ,'4902102150194,ファンタプレミアもも ３８０ｍｌＸ２４ ,24
'4902102150200,コスタＧＯＤＩＶＡショコラ ２６０ｍｌ ,'4902102150217,コスタＧＯＤＩＶＡショコラ ２６０ｍｌＸ２４ ,24
'4902102150224,ファンタひとなつの甘夏 ４１０ｍｌ ,'4902102150231,ファンタひとなつの甘夏 ４１０ｍｌＸ２４ ,24
'4902102150255,い・ろ・は・すプラズマ乳酸菌 ５４０ｍｌ ,'4902102150262,い・ろ・は・すプラズマ乳酸菌 ５４０ｍｌＸ２４ ,24
'4902102150293,ファンタヨーグルまろやかいち ３８０ｍｌ ,'4902102150309,ファンタヨーグルまろやかいち ３８０ｍｌＸ２４ ,24
'4902102150316,ミニッツメイドプラズマ乳酸菌 ２８０ｍｌ ,'4902102150323,ミニッツメイドプラズマ乳酸菌 ２８０ｍｌＸ２４ ,24
'4902102150354,ジョージアプラズマ乳酸菌免疫 ２８０ｍｌ ,'4902102150361,ジョージアプラズマ乳酸菌免疫 ２８０ｍｌＸ２４ ,24
'4902102150378,コカ・コーラゼロピーチ ３５０ｍｌ ,'4902102150385,コカ・コーラゼロピーチ ３５０ｍｌＸ２４ ,24
'4902102150408,ミニッツメイドＱｏｏオレンジ ４２５ｍｌ ,'4902102150415,ミニッツメイドＱｏｏオレンジ ４２５ｍｌＸ２４ ,24
'4902102150446,ミニッツメイドＱｏｏオレンジ ９５０ｍｌ ,'4902102150453,ミニッツメイドＱｏｏオレンジ ９５０ｍｌＸ１２ ,12
'4902102150507,コスタコーヒープレミアムブラ ２６５ｍｌ ,'4902102150514,コスタコーヒープレミアムブラ ２６５ｍｌＸ２４ ,24
'4902102150521,コスタコーヒープレミアムフラ ２６５ｍｌ ,'4902102150538,コスタコーヒープレミアムフラ ２６５ｍｌＸ２４ ,24
'4902102150545,コスタコーヒープレミアムラテ ２６５ｍｌ ,'4902102150552,コスタコーヒープレミアムラテ ２６５ｍｌＸ２４ ,24
'4902102150620,ミニッツメイドＱｏｏりんご ４２５ｍｌ ,'4902102150637,ミニッツメイドＱｏｏりんご ４２５ｍｌＸ２４ ,24
'4902102150682,ミニッツメイドＱｏｏりんご ９５０ｍｌ ,'4902102150699,ミニッツメイドＱｏｏりんご ９５０ｍｌＸ１２ ,12
'4902102150743,ジョージアクリアブレンド １８５ｇ ,'4902102150750,ジョージアクリアブレンドケース １８５ｇ×３０ ,30
'4902102150842,アクエリアスプラズマ乳酸菌免 ５００ｍｌ ,'4902102150859,アクエリアスプラズマ乳酸菌免 ５００ｍｌＸ２４ ,24
'4902102150866,アクエリアスＮＥＷＡＴＥＲ ５００ｍｌ ,'4902102150873,アクエリアスＮＥＷＡＴＥＲ ５００ｍｌＸ２４ ,24
'4902102151023,ジョージアバナナミルクコーヒー ５００ｍｌ ,'4902102151030,ジョージアバナナミルクコーヒー箱 ５００ｍｌ×２４ ,24
'4902102151061,綾鷹カフェ急須珈琲ブラック ２８０ｍｌ ,'4902102151078,綾鷹カフェ急須珈琲ブラック ２８０ｍｌＸ２４ ,24
'4902102151085,綾鷹カフェ急須珈琲ラテ ２８０ｍｌ ,'4902102151092,綾鷹カフェ急須珈琲ラテ ２８０ｍｌＸ２４ ,24
'4902102151122,ファンタミステリースイーツ ４１０ｍｌ ,'4902102151139,ファンタミステリースイーツ ４１０ｍｌＸ２４ ,24
'4902102151191,紅茶花伝デザートとろけるピー ２８０ｍｌ ,'4902102151221,紅茶花伝デザートとろけるピー ２８０ｍｌＸ２４ ,24
'4902102151238,スプライト ３５０ｍｌ ,'4902102151245,スプライト ３５０ｍｌＸ２４ ,24
'4902102151252,スプライト ４７０ｍｌ ,'4902102151269,スプライト ４７０ｍｌＸ２４ ,24
'4902102151276,スプライト ７００ｍｌ ,'4902102151283,スプライト ７００ｍｌＸ２０ ,20
'4902102151290,スプライト １５００ｍｌ ,'4902102151306,スプライト １５００ｍｌＸ６ ,6
'4902102151368,ジョージアビターショコララテ １９５ｍｌ ,'4902102151375,ジョージアビターショコララテ １９５ｍｌＸ３０ ,30
'4902102151382,ジョージアキャラメルアフォガ １９５ｍｌ ,'4902102151399,ジョージアキャラメルアフォガ １９５ｍｌＸ３０ ,30
'4902102151504,い・ろ・は・す　ラベルレス ５４０ｍｌ ,'4902102151511,い・ろ・は・す　ラベルレス×２４ ５４０ｍｌ×２４ ,24
'4902102151528,い・ろ・は・す塩とれもん ５４０ｍｌ ,'4902102151535,い・ろ・は・す塩とれもん ５４０ｍｌＸ２４ ,24
'4902102151566,ジョージアザブラック ５００ｍｌ ,'4902102151610,ジョージアザブラック ５００ｍｌＸ２４ ,24
'4902102151573,ジョージアザラテ ５００ｍｌ ,'4902102151603,ジョージアザラテ ５００ｍｌＸ２４ ,24
'4902102151580,ジョージアザ微糖 ５００ｍｌ ,'4902102151597,ジョージアザ微糖 ５００ｍｌＸ２４ ,24
'4902102151740,ジョージアピスタチオラテ ２８０ｍｌ ,'4902102151757,ジョージアピスタチオラテ ２８０ｍｌＸ２４ ,24
'4902102151801,ジョージアザゼロ ４４０ｍｌ ,'4902102151818,ジョージアザゼロ ４４０ｍｌＸ２４ ,24
'4902102151863,コスタホームブラック無糖紙パ １０００ｍｌ ,'4902102151870,コスタホームブラック無糖紙パ １０００ｍｌＸ６ ,6
'4902102151887,コスタホームブラック加糖紙パ １０００ｍｌ ,'4902102151894,コスタホームブラック加糖紙パ １０００ｍｌＸ６ ,6
'4902102151900,コスタホームカフェベース砂糖 ３４０ｍｌ ,'4902102151917,コスタホームカフェベース砂糖 ３４０ｍｌＸ２４ ,24
'4902102151924,コスタホームカフェベース甘さ ３４０ｍｌ ,'4902102151931,コスタホームカフェベース甘さ ３４０ｍｌＸ２４ ,24
'4902102151948,ファンタ白桃 ５００ｍｌ ,'4902102151955,ファンタ白桃箱 ５００ｍｌ×２４ ,24
'4902102151962,ファンタ梅 ４９０ｍｌ ,'4902102151979,ファンタ梅 ４９０ｍｌＸ２４ ,24
'4902102151986,ジョージアカフェラテラベルレス ５００ｍｌ ,'4902102151993,ジョージアカフェラテラベルレス箱 ５００ｍｌ×２４ ,24
'4902102152006,ジョージアブラックラベルレス ５００ｍｌ ,'4902102152013,ジョージアブラックラベルレス箱 ５００ｍｌ×２４ ,24
'4902102152020,ミニッツぎゅっ！とグレープブ ２８０ｍｌ ,'4902102152037,ミニッツぎゅっ！とグレープブ ２８０ｍｌＸ２４ ,24
'4902102152044,ミニッツぎゅっ！とピンクグレ ２８０ｍｌ ,'4902102152051,ミニッツぎゅっ！とピンクグレ ２８０ｍｌＸ２４ ,24
'4902102152068,ミニッツメイド１日不足分のマ ２８０ｍｌ ,'4902102152075,ミニッツメイド１日不足分のマ ２８０ｍｌＸ２４ ,24
'4902102152082,スプライト ５００ｍｌ ,'4902102152099,スプライト箱 ５００ｍｌ×２４ ,24
'4902102152129,コスタ抹茶エスプレッソラテ ２６０ｍｌ ,'4902102152136,コスタ抹茶エスプレッソラテ ２６０ｍｌＸ２４ ,24
'4902102152143,ファンタレモンプレミア ３８０ｍｌ ,'4902102152150,ファンタレモンプレミア ３８０ｍｌＸ２４ ,24
'4902102152198,ジョージアゴールデンドリップ １８５ｇ ,'4902102152204,ジョージアゴールデンドリップ １８５ｇＸ３０ ,30
'4902102152358,ジョージアプラチナムブラック １８５ｇ ,'4902102152365,ジョージアプラチナムブラック １８５ｇＸ３０ ,30
'4902102152372,ジョージアザ・ブラック５＋１本 ５００ｍｌ５本＋１本 ,'4902102152389,ジョージアザ・ブラック５＋１本 ５００ｍｌ５本＋１本 ,4
'4902102152396,ジョージアザ・ラテ５＋１本 ５００ｍｌ５本＋１本 ,'4902102152402,ジョージアザ・ラテ５＋１本 ５００ｍｌ５本＋１本 ,4
'4902102152495,ジョージアザ・ブラックラベルレス ５００ｍｌ ,'4902102152501,ジョージアザ・ブラックラベルレス ５００ｍｌ×２４ ,24
'4902102152518,ジョージアザ・ラテラベルレス ５００ｍｌ ,'4902102152525,ジョージアザ・ラテラベルレス ５００ｍｌ×２４ ,24
'4902102152532,い・ろ・は・す　アロエ ５４０ｍｌ ,'4902102152549,い・ろ・は・す　アロエ ５４０ｍｌＸ２４ ,24
'4902102152556,やかんの濃麦茶 ６００ｍｌ ,'4902102152563,やかんの濃麦茶 ６００ｍｌＸ２４ ,24
'4902102152693,コスタハニーラテ ２６５ｍｌ ,'4902102152709,コスタハニーラテ ２６５ｍｌＸ２４ ,24
'4902102152716,綾鷹５＋１本 ５２５ｍｌ５本＋１本 ,'4902102152723,綾鷹５＋１本 ５２５ｍｌ５本＋１本 ,4
'4902102152785,綾鷹濃い緑茶加温 ４４０ｍｌ ,'4902102152792,綾鷹濃い緑茶加温 ４４０ｍｌＸ２４ ,24
'4902102153133,ファンタレモンプレミアピンク ３８０ｍｌ ,'4902102153140,ファンタレモンプレミアピンク ３８０ｍｌＸ２４ ,24
'4902102153188,い・ろ・は・す北のぶどうミッ ５４０ｍｌ ,'4902102153195,い・ろ・は・す北のぶどうミッ ５４０ｍｌＸ２４ ,24
'4902102153287,アクエリアス４本パック ５００ｍｌ×４ ,'4902102096386,アクエリアス４本パック ５００ｍｌ×４×６ ,6
'4902102153355,ジョージアＴＨＥラテシャイン ４４０ｍｌ ,'4902102153362,ジョージアＴＨＥラテシャイン ４４０ｍｌＸ２４ ,24
'4902102153386,い・ろ・は・すいちご ５４０ｍｌ ,'4902102153393,い・ろ・は・すいちご ５４０ｍｌＸ２４ ,24
'4902102153409,コスタコーヒーヘーゼルナッツ ２６５ｍｌ ,'4902102153416,コスタコーヒーヘーゼルナッツ ２６５ｍｌＸ２４ ,24
'4902102153447,綾鷹濃い緑茶５＋１本 ５２５ｍｌ５本＋１本 ,'4902102153454,綾鷹濃い緑茶５＋１本 ５２５ｍｌ５本＋１本 ,4
'4902102153508,ジョージアＴＨＥゼロ ４４０ｍｌ ,'4902102153515,ジョージアＴＨＥゼロ ４４０ｍｌＸ２４ ,24
'4902102153522,ジョージアＴＨＥブラックＨＯ ４４０ｍｌ ,'4902102153539,ジョージアＴＨＥブラックＨＯ ４４０ｍｌＸ２４ ,24
'4902102153546,ジョージアＴＨＥラテＨＯ ４４０ｍｌ ,'4902102153553,ジョージアＴＨＥラテＨＯ ４４０ｍｌＸ２４ ,24
'4902102153720,綾鷹ラベルレス ５２５ｍｌ ,'4902102153737,綾鷹ラベルレス ５２５ｍｌ×２４ ,24
'4902102153829,ジョージアご褒美プレッソ １８５ｇ ,'4902102153836,ジョージアご褒美プレッソ １８５ｇＸ３０ ,30
'4902102153959,チルアウトリラクゼーションド ２５０ｍｌ ,'4902102153966,チルアウトリラクゼーションド ２５０ｍｌＸ３０ ,30
'4902102153980,チルアウトゼログラビティ ２５０ｍｌ ,'4902102153997,チルアウトゼログラビティ ２５０ｍｌＸ３０ ,30
'4902102154222,アクエリアス経口補水液 ５００ｍｌ ,'4902102154239,アクエリアス経口補水液 ５００ｍｌＸ２４ ,24
'4902102154246,ファンタレモンプレミアハニー ３８０ｍｌ ,'4902102154253,ファンタレモンプレミアハニー ３８０ｍｌＸ２４ ,24
'4902102154376,コスタコーヒーキャラメルショ ２６５ｍｌ ,'4902102154383,コスタコーヒーキャラメルショ ２６５ｍｌＸ２４ ,24
'4902102154451,ファンタゴールデングレープ ４１０ｍｌ ,'4902102154468,ファンタゴールデングレープ ４１０ｍｌＸ２４ ,24
'4902102154475,ミニッツメイドＱｏｏ白ぶどう ４２５ｍｌ ,'4902102154499,ミニッツメイドＱｏｏ白ぶどう ４２５ｍｌＸ２４ ,24
'4902102154482,Ｑｏｏ白ぶどう ９５０ｍｌ ,'4902102154505,Ｑｏｏ白ぶどう ９５０ｍｌＸ１２ ,12
'4902102154536,コカ・コーラゼロＫーＷａｖｅ ５００ｍｌ ,'4902102154543,コカ・コーラゼロＫーＷａｖｅ箱 ５００ｍｌ×２４ ,24
'4902102154550,コカ・コーラゼロシュガークリ ３５０ｍｌ ,'4902102154567,コカ・コーラゼロシュガークリ ３５０ｍｌＸ２４ ,24
'4902102154604,ファンタ白桃 ７００ｍｌ ,'4902102154611,ファンタ白桃 ７００ｍｌＸ２０ ,20
'4902102154628,ジョージアフルーティーカフェ ５００ｍｌ ,'4902102154635,ジョージアフルーティーカフェ ５００ｍｌＸ２４ ,24
'4902102154642,ジョージア贅沢ミルクコーヒー ５００ｍｌ ,'4902102154659,ジョージア贅沢ミルクコーヒー ５００ｍｌＸ２４ ,24
'4902102154666,ジョージアザラテダブルミルク ２８０ｍｌ ,'4902102154673,ジョージアザラテダブルミルク ２８０ｍｌＸ２４ ,24
'4902102154727,ファンタミステリーレトロ ４１０ｍｌ ,'4902102154734,ファンタミステリーレトロ ４１０ｍｌＸ２４ ,24
'4902102154741,ファンタビートルジュース ４１０ｍｌ ,'4902102154758,ファンタビートルジュース ４１０ｍｌＸ２４ ,24
'4902102154765,ファンタパイナップル ４１０ｍｌ ,'4902102154772,ファンタパイナップル ４１０ｍｌＸ２４ ,24
'4902102154789,ジョージアザコーヒーｗｉｔｈ ４４０ｍｌ ,'4902102154796,ジョージアザコーヒーｗｉｔｈ ４４０ｍｌＸ２４ ,24
'4902102154826,綾鷹 ６５０ｍｌ ,'4902102154833,綾鷹 ６５０ｍｌＸ２４ ,24
'4902102154925,綾鷹茶葉のあまみ ６５０ｍｌ ,'4902102154932,綾鷹茶葉のあまみ ６５０ｍｌＸ２４ ,24
'4902102154949,綾鷹ほうじ茶 ６５０ｍｌ ,'4902102154956,綾鷹ほうじ茶 ６５０ｍｌＸ２４ ,24
'4902102154970,綾鷹抹茶ラテ ４４０ｍｌ ,'4902102154987,綾鷹抹茶ラテ ４４０ｍｌＸ２４ ,24
'4902102155175,コカ・コーラゼロピーチ ５００ｍｌ ,'4902102155182,コカ・コーラゼロピーチ箱 ５００ｍｌ×２４ ,24
'4902102155199,紅茶花伝デザートとろけるピー ２６５ｍｌ ,'4902102155311,紅茶花伝デザートとろけるピー ２６５ｍｌＸ２４ ,24
'4902102155205,リアルゴールドレモン ５００ｍｌ ,'4902102155212,リアルゴールドレモン箱 ５００ｍｌ×２４ ,24
'4902102155229,リアルゴールドレモン ２５０ｍｌ ,'4902102155236,リアルゴールドレモン箱 ２５０ｍｌ×３０ ,30
'4902102155274,ファンタグレープ ７００ｍｌ ,'4902102155281,ファンタグレープ ７００ｍｌＸ２０ ,20
'4902102155298,ファンタグレープ ３５０ｍｌ ,'4902102155304,ファンタグレープ ３５０ｍｌＸ２４ ,24
'4902102155342,ジョージアメロンミルクコーヒー ５００ｍｌ ,'4902102155359,ジョージアメロンミルクコーヒー箱 ５００ｍｌ×２４ ,24
'4902102155366,アクエリアスＮＥＷＡＴＥＲ ５００ｍｌ ,'4902102155373,アクエリアスＮＥＷＡＴＥＲ ５００ｍｌＸ２４ ,24
'4902102155489,綾鷹ラベルレス ６５０ｍｌ ,'4902102155496,綾鷹ラベルレス箱 ６５０ｍｌ×２４ ,24
'4902102155571,ファンタオレンジ ３５０ｍｌ ,'4902102155588,ファンタオレンジ ３５０ｍｌＸ２４ ,24
'4902102155595,ファンタオレンジ ７００ｍｌ ,'4902102155601,ファンタオレンジ ７００ｍｌＸ２０ ,20
'4902102155632,ジョージアＰＲＩＭＥＢｌｅｎ １８５ｇ ,'4902102155649,ジョージアＰＲＩＭＥＢｌｅｎ １８５ｇＸ３０ ,30
'4902102155748,ファンタシャインマスカット ５００ｍｌ ,'4902102155755,ファンタシャインマスカット箱 ５００ｍｌ×２４ ,24
'4902102155816,チルアウト ２５０ｍｌ ,'4902102155823,チルアウト ２５０ｍｌＸ３０ ,30
'4902102155946,煌烏龍茶 ６５０ｍｌ ,'4902102155953,煌烏龍茶箱 ６５０ｍｌ×２４ ,24
'4902102155960,シュウェップスメロンソーダ ４９０ｍｌ ,'4902102155977,シュウェップスメロンソーダ箱 ４９０ｍｌ×２４ ,24
'4902102156004,紅茶花伝クラフティーアイスア ４４０ｍｌ ,'4902102156011,紅茶花伝クラフティーアイスア ４４０ｍｌＸ２４ ,24
'4902102156073,綾鷹玄米茶 ６５０ｍｌ ,'4902102156080,綾鷹玄米茶 ６５０ｍｌＸ２４ ,24
'4902102156127,ジョージア贅沢いちご ５００ｍｌ ,'4902102156134,ジョージア贅沢いちご ５００ｍｌＸ２４ ,24
'4902102156165,ジョージアザブリューアイスコ ５００ｍｌ ,'4902102156172,ジョージアザブリューアイスコ ５００ｍｌＸ２４ ,24
'4902102156318,ファンタヨーグルマーブルオレ ３８０ｍｌ ,'4902102156325,ファンタヨーグルマーブルオレ ３８０ｍｌＸ２４ ,24
'4902102156394,綾鷹濃い緑茶 ２０００ｍｌ ,'4902102156400,綾鷹濃い緑茶 ２０００ｍｌＸ６ ,6
'4902102156424,ぷるんぷるんＱｏｏいちごミッ １２５ｇ ,'4902102156431,ぷるんぷるんＱｏｏいちごミッ １２５ｇＸ６ ,6
'4902102156493,カナダドライグレープフルーツ ４１０ｍｌ ,'4902102156509,カナダドライグレープフルーツ ４１０ｍｌＸ２４ ,24
'4902102156554,い・ろ・は・すれもんプラス ５４０ｍｌ ,'4902102156561,い・ろ・は・すれもんプラス ５４０ｍｌＸ２４ ,24
'4902102156660,ジョージアＴＨＥキャラメルウ ４４０ｍｌ ,'4902102156677,ジョージアＴＨＥキャラメルウ ４４０ｍｌＸ２４ ,24
'4902102156738,ジョージアザ・ラテキャラメル ２８０ｍｌ ,'4902102156745,ジョージアザ・ラテキャラメル ２８０ｍｌＸ２４ ,24
'4902102156752,ジョージア贅沢ミルクコーヒー １８５ｇ ,'4902102156769,ジョージア贅沢ミルクコーヒー １８５ｇＸ３０ ,30
'4902102156776,やかんの麦茶加温 ４４０ｍｌ ,'4902102156783,やかんの麦茶加温 ４４０ｍｌＸ２４ ,24
'4902102156837,紅茶花伝クラフティーグレープ ４４０ｍｌ ,'4902102156844,紅茶花伝クラフティーグレープ ４４０ｍｌＸ２４ ,24
'4902102156851,い・ろ・は・す天然水 ９５０ｍｌ ,'4902102156868,い・ろ・は・す天然水箱 ９５０ｍｌ×１２ ,12
'4902102156875,い・ろ・は・すハスカップ ５４０ｍｌ ,'4902102156882,い・ろ・は・すハスカップ箱 ５４０ｍｌ×２４ ,24
'4902102156899,ファンタ芳醇アップル ７００ｍｌ ,'4902102156905,ファンタ芳醇アップル ７００ｍｌＸ２０ ,20
'4902102156912,ジョージアザ・モカ ４４０ｍｌ ,'4902102156929,ジョージアザ・モカ ４４０ｍｌＸ２４ ,24
'4902102156936,コスタベルベットフラットホワ ２６５ｍｌ ,'4902102156943,コスタベルベットフラットホワ ２６５ｍｌＸ２４ ,24
'4902102156950,コスタコーヒーベルベットフラ ２８０ｍｌ ,'4902102156967,コスタコーヒーベルベットフラ ２８０ｍｌＸ２４ ,24
'4902102156974,紅茶花伝メープルティーラテ ４４０ｍｌ ,'4902102156981,紅茶花伝メープルティーラテ ４４０ｍｌＸ２４ ,24
'4902102157056,ファンタマーブルピーチ ３８０ｍｌ ,'4902102157063,ファンタマーブルピーチ ３８０ｍｌＸ２４ ,24
'4902102157186,ミニッツゼロシュガーレモネー ６００ｍｌ ,'4902102157193,ミニッツゼロシュガーレモネー ６００ｍｌＸ２４ ,24
'4902102157247,綾鷹濃い緑茶 ６５０ｍｌ ,'4902102157254,綾鷹濃い緑茶 ６５０ｍｌＸ２４ ,24
'4902102157421,綾鷹黒豆ほうじ茶 ６５０ｍｌ ,'4902102157438,綾鷹黒豆ほうじ茶 ６５０ｍｌＸ２４ ,24
'4902102157445,綾鷹黒豆ほうじ茶 ２０００ｍｌ ,'4902102157452,綾鷹黒豆ほうじ茶 ２０００ｍｌＸ６ ,6
'4902102157469,綾鷹番茶 ６５０ｍｌ ,'4902102157476,綾鷹番茶箱 ６５０ｍｌ×２４ ,24
'4902102157537,ファンタレモン ７００ｍｌ ,'4902102157544,ファンタレモン ７００ｍｌＸ２０ ,20
'4902102157599,ジョージア深煎りプレッソ ５００ｍｌ ,'4902102157605,ジョージア深煎りプレッソ ５００ｍｌＸ２４ ,24
'4902102157612,ジョージアカフェラテ ５００ｍｌ ,'4902102157636,ジョージアカフェラテ ５００ｍｌＸ２４ ,24
'4902102157643,ジョージアご褒美ＺＥＲＯ ４４０ｍｌ ,'4902102157650,ジョージアご褒美ＺＥＲＯ ４４０ｍｌＸ２４ ,24
'4902102157797,綾鷹カフェグリーンティーレモ ５２５ｍｌ ,'4902102157803,綾鷹カフェグリーンティーレモ ５２５ｍｌＸ２４ ,24
'4902102157810,ジョージアブラック ５００ｍｌ ,'4902102157827,ジョージアブラック ５００ｍｌＸ２４ ,24
'4902102157834,紅茶花伝無糖アールグレイアイ ６５０ｍｌ ,'4902102157841,紅茶花伝無糖アールグレイアイ ６５０ｍｌＸ２４ ,24
'4902102157957,ファンタマスカット ４９０ｍｌ ,'4902102157964,ファンタマスカット ４９０ｍｌＸ２４ ,24
'4902102158084,シュエップスメロンソーダ缶 ２５０ｍｌ ,'4902102158091,シュエップスメロンソーダ缶 ２５０ｍｌＸ３０ ,30
'4902102158121,綾鷹カフェ濃い抹茶ラテ ４４０ｍｌ ,'4902102158138,綾鷹カフェ濃い抹茶ラテ ４４０ｍｌＸ２４ ,24
'4902102158329,ミニッツメイドＱＯＯ白ぶどう ２８０ｍｌ ,'4902102158336,ミニッツメイドＱＯＯ白ぶどう ２８０ｍｌ×２４ ,24
'4902102158411,ジョージアクリアブラック ５００ｍｌ ,'4902102158428,ジョージアクリアブラック ５００ｍｌＸ２４ ,24
'4902102158565,リアルゴールドビタミンローヤ ４９０ｍｌ ,'4902102158572,リアルゴールドビタミンローヤ ４９０ｍｌＸ２４ ,24
'4902102158589,リアルゴールドローヤルパワー ５００ｍｌ ,'4902102158596,リアルゴールドローヤルパワー箱 ５００ｍｌ×２４ ,24
'4902102158664,甘ずっぱいファンタ朝摘み白桃 ４９０ｍｌ ,'4902102158671,甘ずっぱいファンタ朝摘み白桃 ４９０ｍｌＸ２４ ,24
'4902102158930,甘ずっぱいファンタ早摘みレモ ４９０ｍｌ ,'4902102158947,甘ずっぱいファンタ早摘みレモ ４９０ｍｌＸ２４ ,24
'4902102159036,ファンタフルーツパンチ ４９０ｍｌ ,'4902102159043,ファンタフルーツパンチ ４９０ｍｌＸ２４ ,24
'4902102159098,綾鷹カフェキャラメルミルクほ ４４０ｍｌ ,'4902102159104,綾鷹カフェキャラメルミルクほ ４４０ｍｌＸ２４ ,24
'4902102159111,ファンタゴールデンアップル ４９０ｍｌ ,'4902102159128,ファンタゴールデンアップル ４９０ｍｌＸ２４ ,24
'4902102159722,ジョージアカフェラテ加温 ４４０ｍｌ ,'4902102159739,ジョージアカフェラテ加温 ４４０ｍｌＸ２４ ,24
'4902102159746,ジョージアブラック加温 ４４０ｍｌ ,'4902102159753,ジョージアブラック加温 ４４０ｍｌＸ２４ ,24
'4902102160032,い・ろ・は・す天然水防 ５３０ｍｌ ,'4902102160049,い・ろ・は・す天然水防災用備 ５３０ｍｌＸ２４ ,24
'4902121060535,ＴＶＧＥトマト食塩不使用 ９００ｇ ,'4902121060542,ＴＶＧＥトマト食塩不使用 ９００ｇ×１２本 ,12
'4902121239924,ＴＶ炭酸水レモン ５００ｍｌ ,'4902121239931,  ,24
'4902121239948,ＴＶ炭酸水ＧＦ ５００ｍｌ ,'4902121239955,  ,24
'4902121255832,ＴＶＧＥ野菜食塩不使用 ９００ｇ ,'4902121255849,ＴＶＧＥ野菜食塩不使用 ９００ｇ×１２本 ,12
'4902121282821,ＴＶ国産六条麦茶２Ｌ ２０００ｍｌ ,'4902121282838,  ,6
'4902121282845,ＴＶハト麦ブレンド２Ｌ ２０００ｍｌ ,'4902121282852,ＴＶハト麦２Ｌケース ２０００ｍｌ×６本 ,6
'4902121395194,ＴＶすっきり緑茶５００ ５００ｍｌ ,'4902121395200,ＴＶすっきり緑茶ｃｓ ５００ｍｌｘ２４ ,24
'4902121400515,ＴＶすっきり緑茶１Ｌ １Ｌ ,'4902121400522,ＴＶすっきり緑茶１Ｌｃｓ １Ｌｘ１２ ,12
'4902121779444,ＴＶＢＰ緑茶 ２０００ｍｌ ,'4902121779451,ＴＶＢＰ緑茶（ケース） ２０００ｍｌｘ６ ,6
'4902121779468,ＴＶＢＰ烏龍茶 ２０００ｍｌ ,'4902121779475,ＴＶＢＰ烏龍茶（ケース） ２０００ｍｌｘ６ ,6
'4902121804191,ＴＶ銀毫入りジャスミン茶 ２０００ｍｌ ,'4902121804207,ＴＶ銀毫入りジャスミン茶 ２０００ｍｌ×６ ,6
'4902121813070,ＴＶトマト食塩不使用 ９００ｇ ,'4902121813087,ＴＶＢＰトマト食塩不使用 ９００ｇ×１２本 ,12
'4902121813094,ＴＶ野菜食塩不使用 ９００ｇ ,'4902121813100,ＴＶＢＰ野菜食塩不使用 ９００ｇ×１２本 ,12
'4902121889587,ＴＶＢＰ烏龍茶 ５００ｍｌ ,'4902121889594,  ,24
'4902179001283,サンガリアおいしい烏龍茶 １９０ｇ ,'4902179101280,サンガリア烏龍茶ケース ３０本 ,30
'4902179002853,サンガリアあめゆ・ひやしあめ １９０ｇ ,'4902179102850,サンガリア　あめ湯冷やしあめ １９０ｇ×３０ ,30
'4902179002938,サンガリア　おいしいお茶 １９０ｇ ,'4902179102935,サンガリアお茶ケース ３０本 ,30
'4902179006370,サンガリア　ラムネＳ １９０ｍｌ ,'4902179106377,サンガリア　ラムネＳケース ３０缶入 ,30
'4902179006387,メロンクリームソーダ １９０ｍｌ ,'4902179106384,サンガリアメロンクリーム ３０本 ,30
'4902179006981,サンガリアスキッとレモンＣ １９０ｍｌ ,'4902179106988,スキッとレモンＣ ３０本 ,30
'4902179007957,みっくちゅじゅーちゅ １９０ｇ ,'4902179107954,みっくちゅじゅーちゅケース １９０ｇ×３０ ,30
'4902179008183,サンガリアレギュラーコーヒー １９０ｇ ,'4902179108180,  ,30
'4902179008275,サンガリア楽しいオレンジ １９０ｇ ,'4902179108272,サンガリア　たのしいオレンジ １９０ｇ×３０ ,30
'4902179008282,たのしいアップル２０％ １９０ｇ ,'4902179108289,サンガリアアップルケース ３０本 ,30
'4902179008541,サンガリアミラクルボディＶ １９０ｇ ,'4902179108548,サンガリア　ミラクルボディＶ １９０ｇ×３０ ,30
'4902179009906,サンガリアレギュラー炭焼珈琲 １９０ｇ ,'4902179109903,  ,30
'4902179009999,サンガリアレギュラーブラック １９０ｇ ,'4902179109996,サンガリアレギュラーブラック １９０ｇ×３０ ,30
'4902179010322,ナタデココ ２８０ｇ ,'4902179110329,ナタデココ ２８０ｇＸ２４ ,24
'4902179011282,サンガリア　梅ソーダ １９０ｇ ,'4902179111289,サンガリア梅ソーダ １９０ｇ×３０ ,30
'4902179013194,紅茶姫ミルクティー １８５ｇ ,'4902179113191,紅茶姫ミルクティー １８５ｇｘ３０ ,30
'4902179014337,ロサンゼルスコーラ ３５０ｇ ,'4902179114334,ロサンゼルスコーラ ３５０ｇＸ２４ ,24
'4902179015075,あなたのお茶 １９０ｇ ,'4902179115072,あなたのお茶 １９０ｇＸ３０ ,30
'4902179015082,あなたのお茶 ３４０ｇ ,'4902179115089,あなたのお茶 ３４０ｇＸ２４ ,24
'4902179015099,あなたの烏龍茶 １９０ｇ ,'4902179115096,あなたの烏龍茶 １９０ｇＸ３０ ,30
'4902179015105,あなたの烏龍茶 ３４０ｇ ,'4902179115102,あなたの烏龍茶 ３４０ｇＸ２４ ,24
'4902179016263,ミラクルエナジーＶ ２５０ｇ ,'4902179116260,ミラクルエナジーＶケース ２５０ｇ×３０ ,30
'4902179016508,あなたの抹茶入りお茶 ３４０ｇ ,'4902179116505,あなたの抹茶入りお茶 ３４０ｇＸ２４ ,24
'4902179016959,サンガリア　ラムネオー ２５０ｇ ,'4902179116956,サンガリア　ラムネオー ２５０ｇ×３０ ,30
'4902179017116,のみごろ果樹園オレンジ ２４０ｇ ,'4902179117113,のみごろ果樹園オレンジ ２４０ｇＸ３０ ,30
'4902179017307,つぶつぶオレンジ ５００ｍｌ ,'4902179117304,つぶつぶオレンジ ５００ｍｌｘ２４ ,24
'4902179018038,サンガリア　はちみつレモン １９０ｇ ,'4902179118035,サンガリア　はちみつレモン １９０ｇ×３０ ,30
'4902179018496,みっくちゅじゅーちゅ ５００ｍｌ ,'4902179118493,みっくちゅじゅーちゅ ５００ｍｌｘ２４ ,24
'4902179018892,サンガリア　サングレープ ２５０ｇ ,'4902179118899,サンガリア　サングレープ ２５０ｇ×３０ ,30
'4902179018915,サンガリア　ヨーグルンソーダ ３５０ｇ ,'4902179118912,ヨーグルンソーダケース ３５０ｇＸ２４ ,24
'4902179018922,サンガリア　サンメロン ２５０ｇ ,'4902179118929,サンガリア　サンメロン ２５０ｇｘ３０ ,30
'4902179018977,まろやかいちご＆ミルク ５００ｍｌ ,'4902179118974,  ,24
'4902179019851,まろうま　カフェオレ ５００ｍｌ ,'4902179119858,まろうま　カフェオレ ５００ｍｌＸ２４ ,24
'4902179020499,きれいな炭酸水 １８５ｍｌ ,'4902179120496,きれいな炭酸水 １８５ｍｌＸ３０ ,30
'4902179020505,きれいな炭酸水 ３５０ｍｌ ,'4902179120502,きれいな炭酸水 ３５０ｍｌＸ２４ ,24
'4902179020567,紅茶姫ロイヤルミルクティー ２７５ｇ ,'4902179120564,紅茶姫ロイヤルミルクティー ２７５ｇＸ２４ ,24
'4902179020574,まろやかいちご＆ミルク ２７５ｇ ,'4902179120571,まろやかいちご＆ミルク ２７５ｇＸ２４ ,24
'4902179020758,キャラメル＆ミルク ２７５ｇ ,'4902179120755,キャラメル＆ミルク ２７５ｇＸ２４ ,24
'4902179021038,つぶつぶナタデココ入白ぶどう ５００ｍｌ ,'4902179121035,つぶつぶナタデココ入白ぶどう ５００ｍｌＸ２４ ,24
'4902179021090,うましゅわ夏みかんソーダ ５００ｍｌ ,'4902179121097,うましゅわ夏みかんソーダ ５００ｍｌＸ２４ ,24
'4902179021403,クオリティコーヒー炭焼 １８５ｇ ,'4902179121400,クオリティコーヒー炭焼 １８５ｇＸ３０ ,30
'4902179021410,クオリテイコーヒー微糖 １８５ｇ ,'4902179121417,クオリテイコーヒー微糖 １８５ｇＸ３０ ,30
'4902179021427,クオリテイコーヒーブラック １８５ｇ ,'4902179121424,クオリテイコーヒーブラック １８５ｇＸ３０ ,30
'4902179021434,クオリテイコーヒーカフェオレ １８５ｇ ,'4902179121431,クオリテイコーヒーカフェオレ １８５ｇＸ３０ ,30
'4902179021496,まろやかいちご＆ミルク ５００ｍｌ ,'4902179121493,まろやかいちご＆ミルク ５００ｍｌＸ２４ ,24
'4902179021502,まろやかバナナ＆ミルク ５００ｍｌ ,'4902179121509,まろやかバナナ＆ミルク ５００ｍｌｘ２４ ,24
'4902179021519,スキッとレモンＣ １９０ｇ ,'4902179121516,スキッとレモンＣ １９０ｇｘ３０ ,30
'4902179021526,香り爽やか梅ソーダ　缶 １９０ｇ ,'4902179121523,香り爽やか梅ソーダ　缶 １９０ｇｘ３０ ,30
'4902179021533,まろふわメロンクリームソーダ １９０ｇ ,'4902179121530,まろふわメロンクリームソーダ １９０ｇｘ３０ ,30
'4902179021540,すっきりとオレンジ １８５ｇ ,'4902179121547,すっきりとオレンジ １８５ｇＸ３０ ,30
'4902179021557,すっきりとアップル １８５ｇ ,'4902179121554,すっきりとアップル １８５ｇＸ３０ ,30
'4902179021564,すっきりとはちみつレモン １８５ｇ ,'4902179121561,すっきりとはちみつレモン １８５ｇＸ３０ ,30
'4902179021588,果実味わう１００％アップル １９０ｇ ,'4902179121585,果実味わう１００％アップル １９０ｇＸ３０ ,30
'4902179021618,果実味わう１００％赤ぶどう １９０ｇ ,'4902179121615,果実味わう１００％赤ぶどう １９０ｇＸ３０ ,30
'4902179021625,つぶつぶナタデココパイン缶 ３８０ｇ ,'4902179121622,つぶつぶナタデココパイン缶 ３８０ｇＸ２４ ,24
'4902179021649,グランティーミルクティー缶 １９０ｇ ,'4902179121646,グランティーミルクティー缶 １９０ｇｘ３０ ,30
'4902179021656,ミラクルボディＶ １９０ｇ ,'4902179121653,ミラクルボディＶ １９０ｇｘ３０ ,30
'4902179021663,うましゅわかぼすソーダ ５００ｍｌ ,'4902179121660,  ,24
'4902179021694,飲んでおいしいバニラソフト ３８０ｇ ,'4902179121691,  ,24
'4902179021724,うましゅわ瀬戸内レモンソーダ ５００ｍｌ ,'4902179121721,  ,24
'4902179021786,うましゅわ日向夏ソーダ ５００ｍｌ ,'4902179121783,うましゅわ日向夏ソーダ ５００ｍｌｘ２４ ,24
'4902179021816,うましゅわ直七ソーダ ５００ｍｌ ,'4902179121813,うましゅわ直七ソーダ ５００ｍｌＸ２４ ,24
'4902179021946,ナタデココ赤りんご＆青りんご ５００ｍｌ ,'4902179121943,  ,24
'4902179021984,もてなしの宇治抹茶ラテ ５００ｍｌ ,'4902179121981,  ,24
'4902179021991,まろやかメロン＆ミルク ５００ｍｌ ,'4902179121998,まろやかメロン＆ミルク ５００ｍｌＸ２４ ,24
'4902179022134,ピスタチオ＆ミルク ５００ｍｌ ,'4902179122131,  ,24
'4902179022165,ミラクルエナジーＶ ４００ｇ ,'4902179122162,  ,24
'4902179022172,こだわりのミルクセーキ ５００ｍｌ ,'4902179122179,こだわりのミルクセーキ ５００ｍｌＸ２４ ,24
'4902179022219,つぶごこちナタデココパイン ３８０ｇ ,'4902179122216,  ,24
'4902179022240,フルーツクリームソーダ ４５０ｍｌ ,'4902179122247,フルーツクリームソーダ ４５０ｍｌＸ２４ ,24
'4902179022264,うましゅわ　清見ソーダ ５００ｍｌ ,'4902179122261,  ,24
'4902179022349,ミックチュゴールドキウイ ５００ｍｌ ,'4902179122346,  ,24
'4902179022356,ＧＯＬＤＳＯＤＡパイン ４５０ｍｌ ,'4902179122353,  ,24
'4902179022417,うましゅわ甘夏ソーダ ５００ｍｌ ,'4902179122414,うましゅわ甘夏ソーダ ５００ｍｌＸ２４ ,24
'4902179022431,ハロウインオレンジソーダ ４５０ｍｌ ,'4902179122438,  ,24
'4902179022448,さつまいも＆ミルク ５００ｍｌ ,'4902179122445,  ,24
'4902179022455,つぶごこちナタデココ赤ぶどう ３８０ｇ ,'4902179122452,  ,24
'4902179022493,うましゅわ王林ソーダ ５００ｍｌ ,'4902179122490,  ,24
'4902179022509,うれしいはちみつレモン ２８０ｍｌ ,'4902179122506,うれしいはちみつレモン ２８０ｍｌＸ２４ ,24
'4902179022530,とろけるおいしさバターミルク ５００ｍｌ ,'4902179122537,  ,24
'4902179022578,ラムペットブドウ糖ＭＩＸ ５００ｍｌ ,'4902179122575,  ,24
'4902179022608,うましゅわはっさくソーダ ５００ｍｌ ,'4902179122605,  ,24
'4902179022615,つぶみ　もも ３８０ｇ ,'4902179122612,  ,24
'4902179022639,すっきりとオレンジ ２４０ｇ ,'4902179122636,すっきりとオレンジ ２４０ｇＸ３０ ,30
'4902179022653,ラムレーズン＆ミルク ５００ｍｌ ,'4902179122650,  ,24
'4902179022660,うましゅわはるみソーダ ５００ｍｌ ,'4902179122667,  ,24
'4902179022684,はじけてグレープソーダ　缶 ２５０ｇ ,'4902179122681,はじけてグレープソーダ　缶 ２５０ｇＸ３０ ,30
'4902179022691,はじけてメロンソーダ　缶 ２５０ｇ ,'4902179122698,はじけてメロンソーダ　缶 ２５０ｇＸ３０ ,30
'4902179022707,ラムネ　缶 ２５０ｇ ,'4902179122704,ラムネ　缶 ２５０ｇＸ３０ ,30
'4902179022738,すっきりとフルーツビタミン ３４０ｇ ,'4902179122735,すっきりとフルーツビタミン ３４０ｇＸ２４ ,24
'4902179022806,ナタデココマンゴー＆オレンジ ３８０ｇ ,'4902179122803,ナタデココマンゴー＆オレンジ ３８０ｇＸ２４ ,24
'4902179022929,ふわっとメロンクリームソーダ ３５０ｇ ,'4902179122926,ふわっとメロンクリームソーダ ３５０ｇＸ２４ ,24
'4902179022967,うましゅわ清見ソーダ ５００ｍｌ ,'4902179122964,うましゅわ清見ソーダ ５００ｍｌＸ２４ ,24
'4902179022974,うましゅわ夏みかんソーダ ５００ｍｌ ,'4902179122971,うましゅわ夏みかんソーダ ５００ｍｌＸ２４ ,24
'4902179022981,うましゅわ河内晩柑ソーダ ５００ｍｌ ,'4902179122988,うましゅわ河内晩柑ソーダ ５００ｍｌＸ２４ ,24
'4902179023032,ミックチュピーチ ５００ｍｌ ,'4902179123039,ミックチュピーチ ５００ｍｌＸ２４ ,24
'4902179023087,うましゅわ日向夏ソーダ ５００ｍｌ ,'4902179123084,うましゅわ日向夏ソーダ ５００ｍｌＸ２４ ,24
'4902179023094,うましゅわ甘夏ソーダ ５００ｍｌ ,'4902179123091,うましゅわ甘夏ソーダ ５００ｍｌＸ２４ ,24
'4902179023100,真っ赤なアセロラＣソーダ ４５０ｍｌ ,'4902179123107,真っ赤なアセロラＣソーダ ４５０ｍｌＸ２４ ,24
'4902179023124,こどもののみもの ３３５ｍｌ ,'4902179123121,こどもののみもの ３３５ｍｌＸ２４ ,24
'4902179023131,スパークリング赤 ３３５ｍｌ ,'4902179123138,スパークリング赤 ３３５ｍｌＸ２４ ,24
'4902179023162,ナタデココフルーツビタミン ３８０ｇ ,'4902179123169,ナタデココフルーツビタミン ３８０ｇＸ２４ ,24
'4902179023186,とろけるおいしさバターミルク ５００ｍｌ ,'4902179123183,とろけるおいしさバターミルク ５００ｍｌＸ２４ ,24
'4902179023193,うましゅわ王林ソーダ ５００ｍｌ ,'4902179123190,うましゅわ王林ソーダ ５００ｍｌＸ２４ ,24
'4902179023209,まろやかいちご＆ミルクティ ５００ｍｌ ,'4902179123206,まろやかいちご＆ミルクティ ５００ｍｌＸ２４ ,24
'4902179023247,さつまいも＆ミルク ５００ｍｌ ,'4902179123244,さつまいも＆ミルク ５００ｍｌＸ２４ ,24
'4902179023322,うましゅわはっさくソーダ ５００ｍｌ ,'4902179123329,うましゅわはっさくソーダ ５００ｍｌＸ２４ ,24
'4902179023339,とろけるおいしさ練乳＆ミルク ５００ｍｌ ,'4902179123336,とろけるおいしさ練乳＆ミルク ５００ｍｌＸ２４ ,24
'4902179023346,うましゅわはるみソーダ ５００ｍｌ ,'4902179123343,うましゅわはるみソーダ ５００ｍｌＸ２４ ,24
'4902179023353,ウイスパー ５００ｍｌ ,'4902179123350,ウイスパー ５００ｍｌＸ２４ ,24
'4902179023360,つぶみもも ３８０ｇ ,'4902179123367,つぶみもも ３８０ｇＸ２４ ,24
'4902179023391,うましゅわ夏みかんソーダ ５００ｍｌ ,'4902179123398,うましゅわ夏みかんソーダ ５００ｍｌＸ２４ ,24
'4902179023421,ぷるっとゼリーサイダー味 ５００ｇ ,'4902179123428,ぷるっとゼリーサイダー味 ５００ｇｘ２４ ,24
'4902179023445,みっくちゅじゅーちゅ ５００ｍｌ ,'4902179123442,みっくちゅじゅーちゅ ５００ｍｌＸ２４ ,24
'4902179023452,フルーツビタミンソーダ ３５０ｇ ,'4902179123459,フルーツビタミンソーダ ３５０ｇＸ２４ ,24
'4902179023469,つぶつぶオレンジ　缶 ２８０ｇ ,'4902179123466,つぶつぶオレンジ　缶 ２８０ｇＸ２４ ,24
'4902179023476,つぶつぶオレンジ ５００ｍｌ ,'4902179123473,つぶつぶオレンジ ５００ｍｌＸ２４ ,24
'4902179023513,うましゅわ甘夏ソーダ ５００ｍｌ ,'4902179123510,うましゅわ甘夏ソーダ　ケース ５００ｍｌＸ２４ ,24
'4902179023544,うましゅわ　幸水ソーダ ５００ｍｌ ,'4902179123541,うましゅわ　幸水ソーダ ５００ｍｌＸ２４ ,24
'4902179023551,ミックチュ　パイン ５００ｍｌ ,'4902179123558,ミックチュ　パイン ５００ｍｌＸ２４ ,24
'4902179023568,うましゅわ日向夏ソーダ ５００ｍｌ ,'4902179123565,うましゅわ日向夏ソーダ ５００ｍｌｘ２４ ,24
'4902179023575,うましゅわ巨峰ソーダ ５００ｍｌ ,'4902179123572,うましゅわ巨峰ソーダ ５００ｍｌＸ２４ ,24
'4902179023582,さつまいも＆ミルク ５００ｍｌ ,'4902179123589,さつまいも＆ミルク ５００ｍｌＸ２４ ,24
'4902179023605,とろけるマロン＆ミルク ５００ｍｌ ,'4902179123602,とろけるマロン＆ミルク ５００ｍｌＸ２４ ,24
'4902179023636,つぶみ　洋梨 ３８０ｇ ,'4902179123633,つぶみ　洋梨 ３８０ｇＸ２４ ,24
'4902179023766,うましゅわふじりんごソーダ ５００ｍｌ ,'4902179123763,うましゅわふじりんごソーダ ５００ｍｌＸ２４ ,24
'4902179023773,メープル＆ミルク ５００ｍｌ ,'4902179123770,メープル＆ミルク ５００ｍｌＸ２４ ,24
'4902179023780,こだわりのミルクセーキ ２７５ｇ ,'4902179123787,こだわりのミルクセーキ ２７５ｇＸ２４ ,24
'4902179023797,うましゅわ青森りんごソーダ ２６５ｍｌ ,'4902179123794,うましゅわ青森りんごソーダ ２６５ｍｌＸ２４ ,24
'4902179023810,ミックチュソーダ　バナナ ４５０ｍｌ ,'4902179123817,ミックチュソーダ　バナナ ４５０ｍｌｘ２４ ,24
'4902179023827,あなたの濃いお茶 ２８０ｍｌ ,'4902179123824,あなたの濃いお茶 ２８０ｍｌＸ２４ ,24
'4902179023889,まろやかココア １９０ｇ ,'4902179123886,まろやかココア １９０ｇＸ３０ ,30
'4902179023902,ブレンドコーヒー １８５ｇ ,'4902179123909,ブレンドコーヒー １８５ｇＸ３０ ,30
'4902179023919,ブレンドコーヒー微糖 １８５ｇ ,'4902179123916,ブレンドコーヒー微糖 １８５ｇＸ３０ ,30
'4902179023926,ブレンドコーヒーブラック １８５ｇ ,'4902179123923,ブレンドコーヒーブラック １８５ｇＸ３０ ,30
'4902179023940,カスタムコーヒーブラック ５００ｍｌ ,'4902179123947,カスタムコーヒーブラック ５００ｍｌＸ２４ ,24
'4902179023957,カスタムコーヒーカフェオレ ５００ｍｌ ,'4902179123954,カスタムコーヒーカフェオレ ５００ｍｌＸ２４ ,24
'4902179023964,あじわうカフェオレ ５００ｍｌ ,'4902179123961,あじわうカフェオレ ５００ｍｌＸ２４ ,24
'4902179023971,ぷるっとゼリー　オレンジ ２８０ｇ ,'4902179123978,ぷるっとゼリー　オレンジ ２８０ｇＸ２４ ,24
'4902179023988,ゆずレモンスパークリング ５００ｍｌ ,'4902179123985,ゆずレモンスパークリング ５００ｍｌＸ２４ ,24
'4902179024008,ふって飲むプリン ２７５ｇ ,'4902179124005,ふって飲むプリン ２７５ｇＸ２４ ,24
'4902179024015,ビタソーダ　アセロラ ３５０ｇ ,'4902179124012,ビタソーダ　アセロラ ３５０ｇ×２４ ,24
'4902179024039,ヨーグルン　ナタデココ ５００ｍｌ ,'4902179124036,ヨーグルン　ナタデココ ５００ｍｌＸ２４ ,24
'4902179024053,ヨーグルン　ブルーベリー ５００ｍｌ ,'4902179124050,ヨーグルン　ブルーベリー ５００ｍｌＸ２４ ,24
'4902179024114,うましゅわポンカンソーダ ５００ｍｌ ,'4902179124111,うましゅわポンカンソーダ ５００ｍｌＸ２４ ,24
'4902179024121,マンゴーラッシー ５００ｍｌ ,'4902179124128,マンゴーラッシー ５００ｍｌＸ２４ ,24
'4902179024145,うましゅわ幸水ソーダ ５００ｍｌ ,'4902179124142,うましゅわ幸水ソーダ ５００ｍｌＸ２４ ,24
'4902179024237,屋台のりんご飴味 ５００ｍｌ ,'4902179124234,屋台のりんご飴味 ５００ｍｌＸ２４ ,24
'4902179024251,うましゅわ日向夏ソーダ ５００ｍｌ ,'4902179124258,うましゅわ日向夏ソーダ ５００ｍｌＸ２４ ,24
'4902179024268,アンデスメロンソーダ ５００ｍｌ ,'4902179124265,アンデスメロンソーダ ５００ｍｌＸ２４ ,24
'4902179024275,クッキークリーム＆ミルク ５００ｍｌ ,'4902179124272,クッキークリーム＆ミルク ５００ｍｌＸ２４ ,24
'4902179024282,さつまいも＆ミルク ５００ｍｌ ,'4902179124289,さつまいも＆ミルク ５００ｍｌＸ２４ ,24
'4902179024299,ミラクルエナジーＮＥＯ ２５０ｇ ,'4902179124296,ミラクルエナジーＮＥＯ ２５０ｇＸ３０ ,30
'4902179024305,つぶみアロエ ３８０ｇ ,'4902179124302,つぶみアロエ ３８０ｇＸ２４ ,24
'4902179024350,つぶつぶオレンジ ２８０ｍｌ ,'4902179124357,つぶつぶオレンジ ２８０ｍｌＸ２４ ,24
'4902179024381,おいしいミルクコーヒー ２７５ｇ ,'4902179124388,おいしいミルクコーヒー ２７５ｇＸ２４ ,24
'4902179024398,うましゅわアジョナゴールド ５００ｍｌ ,'4902179124395,うましゅわアジョナゴールド ５００ｍｌＸ２４ ,24
'4902179024411,とろけるおいしさ黒糖＆ミルク ５００ｍｌ ,'4902179124418,とろけるおいしさ黒糖＆ミルク ５００ｍｌＸ２４ ,24
'4902179024428,あなたの黒豆茶 ５００ｍｌ ,'4902179124425,あなたの黒豆茶 ５００ｍｌＸ２４ ,24
'4902179024442,スパークリングホワイト ３３５ｍｌ ,'4902179124449,スパークリングホワイト ３３５ｍｌＸ２４ ,24
'4902179024459,ミツクチユソーダ　メロン ４５０ｍｌ ,'4902179124456,ミツクチユソーダ　メロン ４５０ｍｌＸ２４ ,24
'4902201411110,エクセラボトル無糖バラ ９００ｍｌ ,'4902201411127,エクセラボトル無糖ケース ９００ｍｌＸ１２ ,12
'4902201415040,エクセラボトル甘さひかえめ ９００ｍｌ ,'4902201415057,エクセラボトル甘さ控えめＣＳ ９００ｍｌＸ１２ ,12
'4902201417693,ＧＢコク深ボトル無糖 ９００ｍｌ ,'4902201418188,ＧＢコク深ボトル無糖 ９００ｍｌＸ１２ ,12
'4902201417709,ＧＢコク深ボトル甘さひかえめ ９００ｍｌ ,'4902201418195,ＧＢコク深ボトル甘さひかえめ ９００ｍｌＸ１２ ,12
'4902201422727,ＧＢコクボトルカフェインレス ９００ｍｌ ,'4902201422789,  ,12
'4902201428767,ボトルコーヒーゼロ ９００ｍｌ ,'4902201429436,ボトルコーヒーゼロ ９００ｍｌｘ１２ ,12
'4902201437882,ＧＢボトル甘さひかえめ ７２０ｍｌ ,'4902201438841,ＧＢボトル甘さひかえめＣＳ ７２０ｍｌｘ１２ ,12
'4902201437899,ＧＢボトルコーヒー無糖 ７２０ｍｌ ,'4902201438858,ＧＢボトルコーヒー無糖ＣＳ ７２０ｍｌｘ１２ ,12
'4902201437905,ＧＢボトルカフェインレス ７２０ｍｌ ,'4902201438865,ＧＢボトルカフェインレスＣＳ ７２０ｍｌｘ１２ ,12
'4902201442817,エスプレッソベース　無糖 ５００ｍｌ ,'4902201445801,エスプレッソベース無糖 ５００ｍｌｘ１２ ,12
'4902201442824,エスプレッソベース　甘さ ５００ｍｌ ,'4902201445795,エスプレッソベース甘さ ５００ｍｌｘ１２ ,12
'4902201443838,ＧＢボトルカフェインレス無糖 ９００ｍｌ ,'4902201443876,ＧＢボトルカフェインレス無糖ＣＳ ９００ｍｌＸ１２ ,12
'4902201443845,ＧＢボトル無糖 ９００ｍｌ ,'4902201443883,ＧＢボトル無糖ＣＳ ９００ｍｌＸ１２ ,12
'4902201443852,ＧＢボトル甘さひかえめ ９００ｍｌ ,'4902201443890,ＧＢボトル甘さひかえめＣＳ ９００ｍｌＸ１２ ,12
'4902204001141,デルモンテみんなのトマト ９００ｇ ,'4902204000182,デルモンテみんなのトマト ９００ｇＸ１２ ,12
'4902204002445,デルモンテジンジャーエールベース ３４０ｍｌ ,'4902204002452,  ,24
'4902204003091,つぶ野菜グリーンサラダミック ９００ｇ ,'4902204003107,つぶ野菜グリーンサラダミック ９００ｇＸ１２ ,12
'4902204003152,つぶ野菜すりおろしりんご ９００ｇ ,'4902204003169,つぶ野菜すりおろしりんご ９００ｇＸ１２ ,12
'4902204003305,リコピンリッチ野菜１日分＋５０ｇ ９００ｇ ,'4902204003312,リコピンリッチ野菜１日分＋５０ｇ ９００ｇＸ１２ ,12
'4902204003701,食塩無添加トマトジュース ８００ｍｌ ,'4902204003718,食塩無添加トマトジュース ８００ｍｌＸ１５ ,15
'4902204003749,リコピンリッチ　トマト飲料 ８００ｍｌ ,'4902204003756,リコピンリッチトマト飲料 ８００ｍｌＸ１５ ,15
'4902204003770,食塩無添加野菜ジュース ８００ｍｌ ,'4902204003787,食塩無添加野菜ジュース ８００ｍｌＸ１５ ,15
'4902204003817,食物繊維リッチスムージー ８００ｍｌ ,'4902204003824,食物繊維リッチスムージー ８００ｍｌＸ１５ ,15
'4902204004043,リコピンリッチフルーティー ８００ｍｌ ,'4902204004050,リコピンリッチフルーティー ８００ｍｌＸ１５ ,15
'4902204004241,鉄分リッチゼリー １６０ｇ ,'4902204004265,鉄分リッチゼリー １６０ｇＸ６Ｘ５ ,30
'4902204004395,食物繊維リッチゼリー １６０ｇ ,'4902204004418,食物繊維リッチゼリー １６０ｇＸ６Ｘ５ ,30
'4902204004517,フルーティートマトジュレ １６０ｇ ,'4902204004531,フルーティートマトジュレ １６０ｇＸ６Ｘ５ ,30
'4902204004548,リコピンリッチ　トマト飲料 ２００ｍｌ ,'4902204004555,リコピンリッチ　トマト飲料 ２００ｍｌＸ２４ ,24
'4902204004562,リコピンリッチ　トマト飲料 ８００ｍｌ ,'4902204004579,リコピンリッチ　トマト飲料 ８００ｍｌＸ１５ ,15
'4902204004586,リコピンリッチフルーティー ８００ｍｌ ,'4902204004593,リコピンリッチフルーティー ８００ｍｌＸ１５ ,15
'4902204004685,塩トマト ８００ｍｌ ,'4902204004692,塩トマト ８００ｍｌＸ１５ ,15
'4902204412541,デルモンテ無塩トマトジュース ９００ｇ ,'4902204412015,デルモンテ無塩トマトジュース　箱 ９００ｇ×１２ ,12
'4902204413098,デルモンテ無塩野菜ジュース ９００ｇ ,'4902204433102,デルモンテ無塩野菜ジュース　箱 ９００ｇ×１２ ,12
'4902204430514,ＤＭ食塩無添加トマトジュース １６０ｇ ,'4902204430521,ＤＭ食塩無添加トマトジュース １６０ｇｘ２０ ,20
'4902204430576,ＤＭリコピンリッチトマト飲料 ９００ｇ ,'4902204430583,ＤＭリコピンリッチトマト飲料 ９００ｇＸ１２ ,12
'4902204431443,デルモンテトマトジュース １６０ｇ ,'4902204431450,デルモンテトマトジュース １６０ｇＸ２０ ,20
'4902204434796,ＤＭ食塩無添加野菜ジュース １６０ｇ ,'4902204434802,ＤＭ食塩無添加野菜ジュース １６０ｇｘ２０ ,20
'4902204438619,デルモンテ野菜果実 １６０ｇ ,'4902204438626,デルモンテ野菜果実 １６０ｇｘ２０ ,20
'4902366000082,コアップ　ガラナ １．５Ｌ ,'4902366000099,小原　コアップガラナ １．５ＬＸ８ ,8
'4902471039410,ポッカサンスウィートプルーン ９００ｍｌ ,'4902471539415,ポッカサンスウィートプルーン ９００ｍｌ×１２ ,12
'4902471100035,サクサクりんごグルトボトル缶 ３８０ｇ ,'4902471100042,サクサクりんごグルトボトル缶 ３８０ｇＸ２４ ,24
'4902471100080,アーモンドミルクコーヒー ５００ｍｌ ,'4902471100097,アーモンドミルクコーヒー ５００ｍｌＸ２４ ,24
'4902471100110,がぶ飲みチュッパチャプス ５００ｍｌ ,'4902471100127,がぶ飲みチュッパチャプス ５００ｍｌＸ２４ ,24
'4902471100196,Ｒｉｂｂｏｎシトロンレモン ４７０ｍｌ ,'4902471100202,Ｒｉｂｂｏｎシトロンレモン ４７０ｍｌＸ２４ ,24
'4902471100233,ポッカコーヒーオリジナル ２５０ｇ ,'4902471100240,ポッカコーヒーオリジナル ２５０ｇＸ３０ ,30
'4902471100387,サマーレモネードソーダ ５００ｍｌ ,'4902471100394,サマーレモネードソーダ ５００ｍｌＸ２４ ,24
'4902471100400,沖縄シークヮーサーソーダ ４２０ｍｌ ,'4902471100417,沖縄シークヮーサーソーダ ４２０ｍｌＸ２４ ,24
'4902471100547,かごしま知覧紅茶　無糖ペット ５２０ｍｌ ,'4902471100554,かごしま知覧紅茶　無糖ペット ５２０ｍｌｘ２４ ,24
'4902471100561,おおいた日田の梨ソーダ ４１０ｍｌ ,'4902471100578,おおいた日田の梨ソーダ ４１０ｍｌＸ２４ ,24
'4902471100707,ぽっかぽかゆずレモン　ペット ３５０ｍｌ ,'4902471100714,  ,24
'4902471100745,ぽっかぽかレモン　ペット ３５０ｍｌ ,'4902471100752,ぽっかぽかレモン　ペット ３５０ｍｌｘ２４ ,24
'4902471100783,リラクシーレモネード ５００ｍｌ ,'4902471100790,リラクシーレモネード ５００ｍｌＸ２４ ,24
'4902471100806,スパークリングクエン酸 ５００ｍｌ ,'4902471100813,スパークリングクエン酸 ５００ｍｌＸ２４ ,24
'4902471100905,アーモンドミルクティー ５００ｍｌ ,'4902471100912,アーモンドミルクティー ５００ｍｌＸ２４ ,24
'4902471100929,ゆずはちソーダ ４１０ｍｌ ,'4902471100936,ゆずはちソーダ ４１０ｍｌＸ２４ ,24
'4902471101117,発酵果実みかん＆レモン ５００ｍｌ ,'4902471101124,発酵果実みかん＆レモン ５００ｍｌＸ２４ ,24
'4902471101131,Ｔｈｅ瀬戸内レモネード ５００ｍｌ ,'4902471101148,Ｔｈｅ瀬戸内レモネード ５００ｍｌＸ２４ ,24
'4902471101216,クラフトエナジー　Ｎ１ ２５０ｍｌ ,'4902471101223,クラフトエナジー　Ｎ１ ２５０ｍｌＸ３０ ,30
'4902471101254,アーモンドコーヒーテイスト １８５ｇ ,'4902471101261,アーモンドコーヒーテイスト １８５ｇＸ３０ ,30
'4902471101544,ＲナポリンエナジーエスコンＦ ５００ｍｌ ,'4902471101551,ＲナポリンエナジーエスコンＦ ５００ｍｌＸ２４ ,24
'4902471101612,塩ＪＯＹサポート ４９５ｍｌ ,'4902471101629,塩ＪＯＹサポート ４９５ｍｌＸ２４ ,24
'4902471101650,おいしい炭酸水　レモン ５００ｍｌ ,'4902471101667,おいしい炭酸水　レモン ５００ｍｌＸ２４ ,24
'4902471101698,キレートレモンＣウォーター ５２５ｍｌ ,'4902471101704,キレートレモンＣウォーター ５２５ｍｌＸ２４ ,24
'4902471101711,沖縄シークヮーサーソーダ ４２０ｍｌ ,'4902471101728,沖縄シークヮーサーソーダ ４２０ｍｌＸ２４ ,24
'4902471102022,キレートレモンビケア １９０ｍｌ ,'4902471102039,キレートレモンビケア １９０ｍｌＸ６ ,6
'4902471102022,キレートレモンビケア １９０ｍｌ ,'4902471102046,キレートレモンビケア １９０ｍｌＸ３０ ,24
'4902471102053,キレートスパーク　クエン酸 ５００ｍｌ ,'4902471102060,キレートスパーク　クエン酸 ５００ｍｌＸ２４ ,24
'4902471102213,角切り贅沢りんご ４００ｇ ,'4902471102220,角切り贅沢りんご ４００ｇＸ２４ ,24
'4902471102275,カフエラテ ２６０ｇ ,'4902471102282,カフエラテ ２６０ｇＸ２４ ,24
'4902471102305,レモンスパークヨーロピアン ５００ｍｌ ,'4902471102312,レモンスパークヨーロピアン ５００ｍｌＸ２４ ,24
'4902471102329,新潟新之助玄米茶　ペット ５２５ｍｌ ,'4902471102336,新潟新之助玄米茶　ペット ５２５ｍｌＸ２４ ,24
'4902471102398,無糖レモンスパークリング ４９０ｍｌ ,'4902471102404,無糖レモンスパークリング ４９０ｍｌＸ２４ ,24
'4902471102503,北海道搾り夕張メロンソーダ ４１０ｍｌ ,'4902471102510,北海道搾り夕張メロンソーダ ４１０ｍｌＸ２４ ,24
'4902471102527,北海道富良野ホップ　炭酸水 ５００ｍｌ ,'4902471102534,北海道富良野ホップ　炭酸水 ５００ｍｌＸ２４ ,24
'4902471102725,マブロックアイスティー微糖 ５２５ｍｌ ,'4902471102732,マブロックアイスティー微糖 ５２５ｍｌＸ２４ ,24
'4902471102749,ポッカコーヒー　アイス　缶 １８５ｇ ,'4902471102756,ポッカコーヒー　アイス　缶 １８５ｇＸ３０ ,30
'4902471102763,とろける甘み　こだわり白桃 ２７０ｍｌ ,'4902471102770,とろける甘み　こだわり白桃 ２７０ｍｌＸ２４ ,24
'4902471102787,マブロック　レモンティー ５２５ｍｌ ,'4902471102794,マブロック　レモンティー ５２５ｍｌＸ２４ ,24
'4902471102800,ビズタイム　カフェオレ ５２５ｍｌ ,'4902471102817,ビズタイム　カフェオレ ５２５ｍｌＸ２４ ,24
'4902471102831,北海道コーン茶 ２７５ｍｌ ,'4902471102848,北海道コーン茶 ２７５ｍｌＸ２４ ,24
'4902471102855,ビズタイム　冴えるブラック ３９０ｇ ,'4902471102862,ビズタイム　冴えるブラック ３９０ｇＸ２４ ,24
'4902471102985,大分県搾り日田の梨ソーダ ４１０ｍｌ ,'4902471102992,大分県搾り日田の梨ソーダ ４１０ｍｌＸ２４ ,24
'4902471103005,リラックスココア　缶 １９０ｇ ,'4902471103029,リラックスココア　缶 １９０ｇＸ３０ ,30
'4902471103043,ひとやすみ　缶 １８５ｇ ,'4902471103050,ひとやすみ　缶 １８５ｇＸ３０ ,30
'4902471103128,かごしま知覧紅茶　無糖 ５００ｍｌ ,'4902471103135,かごしま知覧紅茶　無糖 ５００ｍｌＸ２４ ,24
'4902471103142,高知県搾り土佐ゆずエード ５００ｍｌ ,'4902471103159,高知県搾り土佐ゆずエード ５００ｍｌＸ２４ ,24
'4902471103302,スパークリングヨーロピアン ４１０ｍｌ ,'4902471103319,スパークリングヨーロピアン ４１０ｍｌＸ２４ ,24
'4902471103340,クリアタンサン ６００ｍｌ ,'4902471103357,クリアタンサン ６００ｍｌＸ２４ ,24
'4902471103364,クリアタンサン　レモン ５００ｍｌ ,'4902471103371,クリアタンサン　レモン ５００ｍｌＸ２４ ,24
'4902471103418,キレートレモン　クエン酸 ５２５ｍｌ ,'4902471103425,キレートレモン　クエン酸 ５２５ｍｌＸ２４ ,24
'4902471103432,キレートレモン　クエン酸 ９００ｍｌ ,'4902471103449,キレートレモン　クエン酸 ９００ｍｌＸ１２ ,12
'4902471103487,北海道搾り夕張メロンソーダ ５００ｍｌ ,'4902471103494,北海道搾り夕張メロンソーダ ５００ｍｌＸ２４ ,24
'4902471103500,富士山麓のおいしい天然水 ５９０ｍｌ ,'4902471103517,富士山麓のおいしい天然水 ５９０ｍｌＸ２４ ,24
'4902471103524,玉露入りお茶 ６００ｍｌ ,'4902471103531,玉露入りお茶 ６００ｍｌＸ２４ ,24
'4902471103555,紀州の梅ウォーター ２７０ｍｌ ,'4902471103562,紀州の梅ウォーター ２７０ｍｌＸ２４ ,24
'4902471103708,キレートレモンＰｕＬｅｍｏｎ ４９０ｍｌ ,'4902471103715,キレートレモンＰｕＬｅｍｏｎ ４９０ｍｌＸ２４ ,24
'4902471103913,ため息をつきたくなる夜だから ４１０ｍｌ ,'4902471103920,ため息をつきたくなる夜だから ４１０ｍｌＸ２４ ,24
'4902555207032,ネクターつぶつぶ白桃 ３８０ｇ ,'4902555207049,ネクターつぶつぶ白桃 ３８０ｇＸ２４ ,24
'4902555207056,ネクターピーチ９００ ９００ｍｌ ,'4902555207063,ネクターピーチ９００ ９００ｍｌＸ１２ ,12
'4902555207094,ネクタープレミアム ２３０ｍｌ ,'4902555207100,  ,24
'4902555207117,ネクター＆ミルキー ３２０ｍｌ ,'4902555207124,  ,24
'4902555207582,ネクターピーチ＆あまおう ３２０ｍｌ ,'4902555207599,  ,24
'4902555207612,ネクタースパークリング ３８０ｍｌ ,'4902555207629,  ,24
'4902555208084,ネクタースパークリングピーチ ３８０ｍｌ ,'4902555208091,ネクタースパークリングピーチ ３８０ｍｌＸ２４ ,24
'4902555214085,ネクター裏ごしりんご紅茶 ３２０ｍｌ ,'4902555214092,  ,24
'4902555214122,カシススカッシュ ５００ｍｌ ,'4902555214139,カシススカッシュ ５００ｍｌＸ２４ ,24
'4902555214160,新桃ネクタースパーク ３８０ｍｌ ,'4902555214177,新桃ネクタースパーク ３８０ｍｌＸ２４ ,24
'4902555214245,レモネードスカッシュ ３８０ｍｌ ,'4902555214252,レモネードスカッシュ ３８０ｍｌＸ２４ ,24
'4902555214528,ネクター苺ミックス ３２０ｍｌ ,'4902555214535,ネクター苺ミックス ３２０ｍｌＸ２４ ,24
'4902555215181,レモンコーラスカッシュ ４１０ｍｌ ,'4902555215198,レモンコーラスカッシュ ４１０ｍｌＸ２４ ,24
'4902555215372,無糖レモンスカッシュ ５００ｍｌ ,'4902555215389,無糖レモンスカッシュ ５００ｍｌＸ２４ ,24
'4902555215426,シャインマスカットスカッシュ ４１０ｍｌ ,'4902555215433,  ,24
'4902555215846,不二家ネクターつぶつぶ白桃 ３８０ｇ ,'4902555215853,  ,24
'4902555215969,ネクタープレミアム ２３０ｍｌ ,'4902555215976,  ,24
'4902555215983,ネクターピーチ３２０ ３２０ｍｌ ,'4902555215990,  ,24
'4902555216218,ペコスカッシュ白桃 ４１０ｍｌ ,'4902555216225,  ,24
'4902555216409,レモネードスカッシュ ３８０ｍｌ ,'4902555216416,レモネードスカッシュ ３８０ｍｌＸ２４ ,24
'4902555216478,ソルティグレフルスカッシュ ５００ｍｌ ,'4902555216485,ソルティグレフルスカッシュ ５００ｍｌＸ２４ ,24
'4902555216522,蜂蜜レモンスカッシュ ４１０ｍｌ ,'4902555216539,蜂蜜レモンスカッシュ ４１０ｍｌＸ２４ ,24
'4902555216607,ネクター炭酸桃＆ぶどう ３８０ｍｌ ,'4902555216614,ネクター炭酸桃＆ぶどう ３８０ｍｌＸ２４ ,24
'4902555216683,不二家ネクター苺ミックス ３２０ｍｌ ,'4902555216690,不二家ネクター苺ミックス ３２０ｍｌＸ２４ ,24
'4902555216706,ネクターＳＰ白桃＆巨峰 ３８０ｍｌ ,'4902555216713,ネクターＳＰ白桃＆巨峰 ３８０ｍｌＸ２４ ,24
'4902555216720,ネクタースパークリング白桃 ３８０ｍｌ ,'4902555216737,ネクタースパークリング白桃 ３８０ｍｌＸ２４ ,24
'4902555216782,プレミアムレモンスカッシュ ３８０ｍｌ ,'4902555216799,プレミアムレモンスカッシュ ３８０ｍｌＸ２４ ,24
'4902555216843,ミックスベリースカッシュ ５００ｍｌ ,'4902555216850,ミックスベリースカッシュ ５００ｍｌＸ２４ ,24
'4902555216867,レモンスカッシュのもと ３５０ｍｌ ,'4902555216874,レモンスカッシュのもと ３５０ｍｌＸ１２ ,12
'4902555216942,ペコスカッシュ白桃 ４１０ｍｌ ,'4902555216959,ペコスカッシュ白桃 ４１０ｍｌＸ２４ ,24
'4902555216966,カシオレスカッシュ ４１０ｍｌ ,'4902555216973,カシオレスカッシュ ４１０ｍｌＸ２４ ,24
'4902555216980,クラフトレモンスカッシュ ３８０ｍｌ ,'4902555216997,クラフトレモンスカッシュ ３８０ｍｌＸ２４ ,24
'4902555217000,プレミアムネクター濃密 ３２０ｍｌ ,'4902555217017,プレミアムネクター濃密 ３２０ｍｌＸ２４ ,24
'4902555217154,ペコスカッシュ国産白桃 ４１０ｍｌ ,'4902555217161,ペコスカッシュ国産白桃 ４１０ｍｌＸ２４ ,24
'4902555217215,レモンスカッシュゼリー ２６０ｇ ,'4902555217222,レモンスカッシュゼリー ２６０ｇＸ２４ ,24
'4902555217253,メロンスカッシュ ４１０ｍｌ ,'4902555217260,メロンスカッシュ ４１０ｍｌＸ２４ ,24
'4902555217314,台湾ライチスカッシュ ５００ｍｌ ,'4902555217321,台湾ライチスカッシュ ５００ｍｌＸ２４ ,24
'4902555217352,ネクターＳＰ白桃マンゴ ３８０ｍｌ ,'4902555217369,ネクターＳＰ白桃マンゴ ３８０ｍｌＸ２４ ,24
'4902555217376,シャインマスカット炭酸 ４１０ｍｌ ,'4902555217383,シャインマスカット炭酸 ４１０ｍｌＸ２４ ,24
'4902555217390,塩すいかスカッシュ ５００ｍｌ ,'4902555217406,塩すいかスカッシュ ５００ｍｌＸ２４ ,24
'4902555217413,ネクタースパ白桃あまおう ３８０ｍｌ ,'4902555217420,ネクタースパ白桃あまおう ３８０ｍｌＸ２４ ,24
'4902555217437,ネクターピーチ ３５０ｍｌ ,'4902555217444,ネクターピーチ ３５０ｍｌＸ２４ ,24
'4902555217475,つぶつぶ白桃 ３８０ｇ ,'4902555217482,つぶつぶ白桃 ３８０ｇＸ２４ ,24
'4902555217499,宝石のレモンスカッシュ ４１０ｍｌ ,'4902555217505,宝石のレモンスカッシュ ４１０ｍｌＸ２４ ,24
'4902555217512,プレミアムネクター ３２０ｍｌ ,'4902555217529,プレミアムネクター ３２０ｍｌＸ２４ ,24
'4902555217536,ペコスカッシュ ４１０ｍｌ ,'4902555217543,ペコスカッシュ ４１０ｍｌＸ２４ ,24
'4902555217550,ソーダミルキー ４１０ｍｌ ,'4902555217567,ソーダミルキー ４１０ｍｌＸ２４ ,24
'4902555217574,宝石レスカルビー ４１０ｍｌ ,'4902555217581,宝石レスカルビー ４１０ｍｌＸ２４ ,24
'4902555217598,ネクターＳＰ紅ほっぺ ３８０ｍｌ ,'4902555217604,ネクターＳＰ紅ほっぺ ３８０ｍｌＸ２４ ,24
'4902555217659,台湾ライチスカッシュ ５００ｍｌ ,'4902555217666,台湾ライチスカッシュ ５００ｍｌＸ２４ ,24
'4902555217673,金木犀レモンスカッシュ ５００ｍｌ ,'4902555217680,金木犀レモンスカッシュ ５００ｍｌＸ２４ ,24
'4902555217710,スパーク白桃ラフランス ３８０ｍｌ ,'4902555217727,スパーク白桃ラフランス ３８０ｍｌＸ２４ ,24
'4902555217734,ブラックレスカ ５００ｍｌ ,'4902555217741,ブラックレスカ ５００ｍｌＸ２４ ,24
'4902555217796,つぶつぶミックス ３８０ｇ ,'4902555217802,つぶつぶミックス ３８０ｇＸ２４ ,24
'4902555217819,南国スカッシュ ５００ｍｌ ,'4902555217826,南国スカッシュ ５００ｍｌＸ２４ ,24
'4902555217833,ペコスカッシュ ５００ｍｌ ,'4902555217840,ペコスカッシュ ５００ｍｌＸ２４ ,24
'4902555217857,ネクターうるるん冬 ３５０ｍｌ ,'4902555217864,ネクターうるるん冬 ３５０ｍｌＸ２４ ,24
'4902555221045,ミルキードリンク ２６０ｇ ,'4902555221052,ミルキードリンク ２６０ｇＸ２４ ,24
'4902555227337,ネクタースパークリング ３８０ｍｌ ,'4902555227344,ネクタースパークリング ３８０ｍｌＸ２４ ,24
'4902555251134,レモンスカッシュ ５００ｍｌ ,'4902555251141,レモンスカッシュ ５００ｍｌＸ２４ ,24
'4902555251196,塩レモンスカッシュ ５００ｍｌ ,'4902555251202,塩レモンスカッシュ ５００ｍｌＸ２４ ,24
'4902555251844,ペコスカッシュ白桃 ５００ｍｌ ,'4902555251851,ペコスカッシュ白桃 ５００ｍｌＸ２４ ,24
'4902765000447,赤しそ飲料ゆかり １２５ｍｌ ,'4902765000454,  ,30
'4902888553585,森永製菓　甘酒スパークリング １９０ｍｌ ,'4902888553592,  ,30
'4902888711114,ｉｎゼリーエネルギー １８０ｇ ,'4902888547515,森永　インゼリーＥ×６ １８０ｇ×６個 ,6
'4902888723957,ｉｎゼリープロテイン １８０ｇ ,'4902888723964,ｉｎゼリープロテインボール １８０ｇ×６ ,6
'4902888724558,ｉｎゼリーマルチビタミン １８０ｇ ,'4902888724596,ｉｎゼリーマルチビタミンＢ １８０ｇ×６ ,6
'4902888724701,ｉｎゼリーマルチミネラル １８０ｇ ,'4902888724770,ｉｎゼリーマルチミネラルＢ １８０ｇ×６ ,6
'4902888728808,ｉｎゼリーブドウ糖 １８０ｇ ,'4902888730344,ＩＮゼリーブドウ糖 １８０ｇＸ６ ,6
'4902888731686,ｉｎゼリーカロリーゼロ １８０ｇ ,'4902888731815,ｉｎゼリーカロリーゼロボール １８０ｇＸ６ ,6
'4902888732683,インゼリーフルーツ食感もも １５０ｇ ,'4902888739989,ＩＮゼリーフルーツ食感もも １５０ｇＸ６ ,6
'4902888732690,インゼリーフルーツ食感メロン １５０ｇ ,'4902888739965,ＩＮゼリーフルーツ食感メロン １５０ｇＸ６ ,6
'4902888733024,ｉｎゼリー成長期サポートアップル １８０ｇ ,'4902888733215,成長期サポートアップルボール １８０ｇＸ６ ,6
'4902888733031,ｉｎゼリー成長期サポートグレープ １８０ｇ ,'4902888733314,成長期サポートグレープボール １８０ｇＸ６ ,6
'4902986510244,ヨーグルッペライトソーダ ４９０ｍｌ ,'4902986510343,ヨーグルッペＬソーダ　ケース ４９０ｍｌ×２４ ,24
'4902986532758,スコールホワイト ５００ｍｌ ,'4902986532857,スコールホワイト（ケース） ５００ｍｌ×２４ ,24
'4902986536756,ヨーグルッペライト ５００ｍｌ ,'4902986536855,ヨーグルッペライト（ケース） ５００ｍｌ×２４ ,24
'4902986543051,スコール　マンゴー ５００ｍｌ ,'4902986543150,スコールマンゴー（ケース） ５００ｍｌＸ２４ ,24
'4902986548056,スコール完熟マンゴー ５００ｍｌ ,'4902986548155,スコール完熟マンゴー（ケース） ５００ｍｌ×２４ ,24
'4902986551858,ヨーグルッペライト ５００ｍｌ ,'4902986551957,ヨーグルッペライトケース ５００ｍｌＸ２４ ,24
'4902986556754,スコールホワイト ５００ｍｌ ,'4902986556853,スコールホワイト ５００ｍｌＸ２４ ,24
'4902986556952,スコールマンゴー ５００ｍｌ ,'4902986557058,スコールマンゴーケース ５００ｍｌＸ２４ ,24
'4902986560355,ヨーグルッペライト ５００ｍｌ ,'4902986560454,ヨーグルッペライト　ケース ５００ｍｌｘ２４ ,24
'4903080114215,ヤクルト　蕃爽麗茶 ５００ｍｌ ,'4903080114222,ヤクルト　蕃爽麗茶（ケース） ５００ｍｌｘ２４ ,24
'4903080114253,ヤクルト　蕃爽麗茶 ２０００ｍｌ ,'4903080114260,ヤクルト　蕃爽麗茶（ケース） ２０００ｍｌｘ６ ,6
'4904910024940,ダイドーブレンド微糖バリスタ ２６０ｇ ,'4904910024957,ダイドーブレンド微糖バリスタ ２６０ｇ×２４ ,24
'4904910024995,ブレンドＢＬＡＣＫバリスタ ２７５ｇ ,'4904910025008,ブレンドＢＬＡＣＫバリスタ ２７５ｇ×２４ ,24
'4904910046256,ブレンデミタスコーヒー １５０ｇ ,'4904910046263,  ,30
'4904910046287,デミタス微糖 １５０ｇ ,'4904910046294,デミタス微糖 １５０ｇＸ３０ ,30
'4904910046317,デミタスＢＬＡＣＫ １５０ｇ ,'4904910046324,  ,30
'4904910053216,コクとろコーンポタージュ １７０ｇ ,'4904910053223,コクとろコーンポタージュ １７０ｇＸ３０ ,30
'4904910057658,和果ごこちゆずれもん ５００ｍｌ ,'4904910057665,和果ごこちゆずれもんケース ５００ｍｌｘ２４ ,24
'4904910057955,カロリミットはとむぎ茶 ５００ｍｌ ,'4904910057962,  ,24
'4904910059188,梅よろし ２８０ｍｌ ,'4904910059195,梅よろし ２８０ｍｌＸ２４ ,24
'4904910059485,ぷるシャリ温州みかんゼリー ４９０ｍｌ ,'4904910059492,ぷるシャリ温州みかんゼリー ４９０ｍｌｘ２４ ,24
'4904910068272,ぷるっシュ味わいグレープ ２８０ｇ ,'4904910068289,ぷるっシュ味わいグレープ ２８０ｇｘ２４ ,24
'4904910072866,パティシエ　カフェオレ ５００ｍｌ ,'4904910072873,  ,24
'4904910073160,ジャスミンティープラス ５００ｍｌ ,'4904910073177,  ,24
'4904910073313,絶品微糖東京リベンジャーズ １８５ｇ ,'4904910073320,絶品微糖東京リベンジャーズ １８５ｇＸ３０ ,30
'4904910073405,ブレンド絶品カフェオレ １８５ｇ ,'4904910073863,ブレンド絶品カフェオレ １８５ｇＸ３０ ,30
'4904910076406,ぷるシャリぶどうゼリー ４９０ｍｌ ,'4904910076413,ぷるシャリぶどうゼリー ４９０ｍｌＸ２４ ,24
'4904910077038,はとむぎブレンド茶 ５００ｍｌ ,'4904910077045,はとむぎブレンド茶 ５００ｍｌＸ２４ ,24
'4904910077366,ミウレモン＆オレンジ ５５０ｍｌ ,'4904910077373,  ,24
'4904910077397,復刻堂いちごオ・レペット ４３０ｍｌ ,'4904910077403,  ,24
'4904910078028,贅沢香茶レモンティー ５００ｍｌ ,'4904910078035,  ,24
'4904910078059,ＥＬＬＥＸミウスパークリング ５００ｍｌ ,'4904910078066,ＥＬＬＥＸミウスパークリング ５００ｍｌＸ２４ ,24
'4904910080816,贅沢香茶ピーチミックスティー ５００ｍｌ ,'4904910080823,  ,24
'4904910086726,ソーダレモネード ５００ｍｌ ,'4904910086733,  ,24
'4904910089758,有機レモン使用炭酸水 ５００ｍｌ ,'4904910089765,有機レモン使用炭酸水 ５００ｍｌＸ２４ ,24
'4904910090204,キャプテン翼スポーツドリンク ５００ｍｌ ,'4904910090211,キャプテン翼スポーツドリンク ５００ｍｌＸ２４ ,24
'4904910092031,復刻堂フルーツオレ ２８０ｍｌ ,'4904910092048,復刻堂フルーツオレ ２８０ｍｌＸ２４ ,24
'4904910096596,はとむぎブレンド茶 ５００ｍｌ ,'4904910096602,はとむぎブレンド茶 ５００ｍｌＸ２４ ,24
'4904910096626,緑茶プラス ５００ｍｌ ,'4904910096633,緑茶プラス ５００ｍｌＸ２４ ,24
'4904910096657,ダージリン紅茶無糖 ５００ｍｌ ,'4904910096664,ダージリン紅茶無糖 ５００ｍｌＸ２４ ,24
'4904910097791,復刻堂ココア ２４５ｇ ,'4904910097807,復刻堂ココア ２４５ｇＸ２４ ,24
'4904910098842,和ノチカラ旬搾りゆず炭酸水 ５００ｍｌ ,'4904910098859,和ノチカラ旬搾りゆず炭酸水 ５００ｍｌＸ２４ ,24
'4904910098996,さつまいもミルク １８５ｇ ,'4904910099009,さつまいもミルク １８５ｇＸ３０ ,30
'4904910099085,和モダンブレンド茶 ５００ｍｌ ,'4904910099092,和モダンブレンド茶 ５００ｍｌＸ２４ ,24
'4904910101511,冷やしパインソーダ ３５０ｍｌ ,'4904910101528,冷やしパインソーダ ３５０ｍｌＸ２４ ,24
'4904910103430,ＦＲＩＳＫスパークリング ２５０ｍｌ ,'4904910103447,ＦＲＩＳＫスパークリング ２５０ｍｌＸ３０ ,30
'4904910103492,復刻堂　レモンスカッシュ ５００ｍｌ ,'4904910103508,復刻堂　レモンスカッシュ ５００ｍｌＸ２４ ,24
'4904910104666,ウイスキー香るブラック ２１０ｇ ,'4904910104673,ウイスキー香るブラック ２１０ｇＸ３０ ,30
'4904910109401,レモンスカッシュ ３５０ｍｌ ,'4904910109418,レモンスカッシュ ３５０ｍｌＸ２４ ,24
'4904910109555,甘さに頼らないラテ ２１０ｇ ,'4904910109562,甘さに頼らないラテ ２１０ｇＸ３０ ,30
'4904910110933,ベリーウォーター ３５０ｍｌ ,'4904910110940,ベリーウォーター ３５０ｍｌＸ２４ ,24
'4904910111596,ＦＲＩＳＫスパークグレープ ２５０ｍｌ ,'4904910111602,ＦＲＩＳＫスパークグレープ ２５０ｍｌＸ３０ ,30
'4904910115525,ミスティオ冷やしパインソーダ ３５０ｍｌ ,'4904910115532,ミスティオ冷やしパインソーダ ３５０ｍｌＸ２４ ,24
'4904910115587,葉の茶 ２８０ｍｌ ,'4904910115594,葉の茶 ２８０ｍｌＸ２４ ,24
'4904910115648,冷やしマンゴーソーダ ３５０ｍｌ ,'4904910115655,冷やしマンゴーソーダ ３５０ｍｌＸ２４ ,24
'4904910115679,ぎゅぎゅっと白ぶどう ２８０ｍｌ ,'4904910115686,ぎゅぎゅっと白ぶどう ２８０ｍｌＸ２４ ,24
'4904910115709,コクのミルクコーヒー ４３０ｍｌ ,'4904910115716,コクのミルクコーヒー ４３０ｍｌＸ２４ ,24
'4904910115761,ダイドーブレンド絶品微糖 １８５ｇ ,'4904910115778,ダイドーブレンド絶品微糖 １８５ｇＸ３０ ,30
'4904910115792,ダイドーブレンド絶品ブラック １８５ｇ ,'4904910115808,ダイドーブレンド絶品ブラック １８５ｇＸ３０ ,30
'4904910116218,たんぱく質がとれる水 ５００ｍｌ ,'4904910116225,たんぱく質がとれる水 ５００ｍｌＸ２４ ,24
'4904910116249,食物繊維ががとれる水 ５００ｍｌ ,'4904910116256,食物繊維ががとれる水 ５００ｍｌＸ２４ ,24
'4904910116331,鬼滅の刃　アイスラテ １８５ｇ ,'4904910116348,鬼滅の刃　アイスラテ １８５ｇＸ３０ ,30
'4904910116393,鬼滅の刃　みかん水　無糖 ２８０ｍｌ ,'4904910116409,鬼滅の刃　みかん水　無糖 ２８０ｍｌＸ２４ ,24
'4904910116423,塩とライチスパークリング ４１０ｍｌ ,'4904910116430,塩とライチスパークリング ４１０ｍｌＸ２４ ,24
'4904910116454,シトラスゼロスパークリング ４１０ｍｌ ,'4904910116461,シトラスゼロスパークリング ４１０ｍｌＸ２４ ,24
'4904910118526,ミスティオ白桃スパークリング ４１０ｍｌ ,'4904910118533,ミスティオ白桃スパークリング ４１０ｍｌＸ２４ ,24
'4904910120567,グリーンアツプルウオーター ２５０ｇ ,'4904910120574,グリーンアツプルウオーター ２５０ｇＸ３０ ,30
'4904910239801,ブレンドコーヒー １８５ｇ ,'4904910939800,ブレンドコーヒー １８５ｇＸ３０ ,30
'4904910239801,ブレンドコーヒー １８５ｇ ,'4904910090488,  ,30
'4905549005003,龍泉洞の水 ５００ｍｌ ,'4905549005010,龍泉洞の水 ５００ｍｌ×２４ ,24
'4908729107542,えひめ　愛媛きよみサイダー ４１０ｍｌ ,'4908729107559,えひめ　愛媛きよみサイダー ４１０ｍｌＸ２４ ,24
'4908729107603,ＰＯＭ　愛媛ポンカンサイダー ４１０ｍｌ ,'4908729107610,ＰＯＭ　愛媛ポンカンサイダー ４１０ｍｌｘ２４ ,24
'4908729107627,愛媛河内晩柑サイダー ４１０ｍｌ ,'4908729107634,愛媛河内晩柑サイダー ４１０ｍｌｘ２４ ,24
'4908729107665,ＰＯＭ　塩と夏みかん ４９０ｍｌ ,'4908729107672,ＰＯＭ　塩と夏みかん ４９０ｍｌｘ２４ ,24
'4908729107894,えひめ　愛媛河内晩柑ゼリー ２９５ｍｌ ,'4908729107900,愛媛河内晩柑ゼリー ２９５ｍｌＸ２４ ,24
'4908729108198,ＰＯＭ　ポンジュース ３５０ｍｌ ,'4908729108204,ＰＯＭ　ポンジュースケース ３５０ｍｌｘ２４ ,24
'4908729108389,ＰＯＭ　みきゃんジュース １６０ｇ ,'4908729108761,みきゃんジュース １６０ｇＸ２０ ,20
'4908729108426,ＰＯＭ　蜜柑　コク出し製法 ３５０ｍｌ ,'4908729108433,ＰＯＭ　蜜柑　コク出し製法 ３５０ｍｌｘ２４ ,24
'4908729108624,ＰＯＭポンスパークリング ４１０ｍｌ ,'4908729108631,ＰＯＭポンスパークリング ４１０ｍｌｘ２４ ,24
'4908729108686,ブラッドオレンジサイダー ４１０ｍｌ ,'4908729108693,  ,23
'4908729108792,グレープスパークリング ４１０ｍｌ ,'4908729108808,グレープスパークリング ４１０ｍｌＸ２４ ,24
'4908729108839,愛媛せとかゼリー ２９５ｇ ,'4908729108846,  ,24
'4908729109034,プラスポン　マンゴー ３５０ｍｌ ,'4908729109041,  ,24
'4908729109133,愛媛せとかサイダー ４１０ｍｌ ,'4908729109140,  ,24
'4908729109171,スパークリング ４１０ｍｌ ,'4908729109188,スパークリング ４１０ｍｌＸ２４ ,24
'4908729109195,グレープスパークリング ４１０ｍｌ ,'4908729109201,グレープスパークリング ４１０ｍｌＸ２４ ,24
'4908729109270,スウィーティー＆グレフル ２９０ｇ ,'4908729109287,スウィーティー＆グレフル ２９０ｇＸ２４ ,24
'4908729109300,愛媛キウイサイダー ４１０ｍｌ ,'4908729109317,愛媛キウイサイダー ４１０ｍｌＸ２４ ,24
'4908729109362,愛媛のフルーツパンチ ４１０ｍｌ ,'4908729109379,愛媛のフルーツパンチ ４１０ｍｌＸ２４ ,24
'4908729109423,愛媛の芳醇キウイ ３５０ｍｌ ,'4908729109430,愛媛の芳醇キウイ ３５０ｍｌＸ２４ ,24
'4908729109447,愛媛檸檬サイダー ４１０ｍｌ ,'4908729109454,愛媛檸檬サイダー ４１０ｍｌＸ２４ ,24
'4908729109461,愛媛しらぬひサイダー ４１０ｍｌ ,'4908729109478,愛媛しらぬひサイダー ４１０ｍｌＸ２４ ,24
'4908729109577,ポンジュース ２８０ｍｌ ,'4908729109584,ポンジュース ２８０ｍｌＸ２４ ,24
'4908729109621,日本のシトラスウォーター ６００ｍｌｘ２４ ,'4908729109614,日本のシトラスウォーター ６００ｍｌ ,24
'4908729109683,極早生みかんソーダ ５００ｍｌ ,'4908729109690,極早生みかんソーダ ５００ｍｌｘ２４ ,24
'4908729109706,柑橘チャージ ５００ｍｌ ,'4908729109713,柑橘チャージ ５００ｍｌＸ２４ ,24
'4908729109768,愛媛のキウイゼリー ２９５ｇ ,'4908729109775,愛媛のキウイゼリー ２９５ｇＸ２４ ,24
'4908729109843,塩Ｘ柑橘スパークリング ５００ｍｌ ,'4908729109850,塩Ｘ柑橘スパークリング ５００ｍｌＸ２４ ,24
'4909411006280,アルカリイオンの水 ５００ｍｌ ,'4909411006273,キリン　アルカリイオンの水 ５００ｍｌ×２４ ,24
'4909411006303,キリンアルカリイオンの水 ２０００ｍｌ ,'4909411006297,アルカリイオンの水（箱） ２０００ｍｌＸ６ ,6
'4909411028404,キリン小岩井野菜１００％ １９０ｇ ,'4909411028398,キリン小岩井野菜１００％ １９０ｇ×３０ ,30
'4909411048754,キリン午後の紅茶無糖 ２０００ｍｌ ,'4909411048761,キリン午後の紅茶無糖 ２０００ｍｌ×６ ,6
'4909411053321,力水 ３００ｍｌ ,'4909411053338,力水 ３００ｍｌＸ２４ ,24
'4909411053543,午後の紅茶おいしい無糖 １８５ｇ ,'4909411056162,午後の紅茶おいしい無糖 １８５ｇＸ２０ ,20
'4909411053710,午後の紅茶ストレートティー １８５ｇ ,'4909411056131,午後の紅茶ストレートティー １８５ｇｘ２０ ,20
'4909411053734,午後の紅茶レモンティー １８５ｇ ,'4909411056148,午後の紅茶レモンティー １８５ｇｘ２０ ,20
'4909411053758,午後の紅茶ミルクティー １８５ｇ ,'4909411056155,午後の紅茶ミルクティー １８５ｇｘ２０ ,20
'4909411058715,キリンレモン １９０ｍｌ ,'4909411058722,キリンレモン １９０ｍｌＸ３０ ,30
'4909411060824,まもるチカラサプリヨーグルト ５００ｍｌ ,'4909411060831,まもるチカラサプリヨーグルト ５００ｍｌＸ２４ ,24
'4909411061524,ボルヴィック ５００ｍｌ ,'4909411061531,  ,24
'4909411069100,生茶 ２０００ｍｌ ,'4909411069117,生茶 ２０００ｍｌＸ６ ,6
'4909411069124,生茶 １８５ｇ ,'4909411069131,生茶 １８５ｇＸ２０ ,20
'4909411069520,ウコンしじみオルニチン １００ｍｌ ,'4909411069506,ウコンしじみオルニチン １００ｍｌＸ６ ,6
'4909411073114,トロピカーナ１００％オレンジ ３３０ｍｌ ,'4909411073121,トロピカーナ１００％オレンジ ３３０ｍｌＸ２４ ,24
'4909411073190,メッツコーラ １５００ｍｌ ,'4909411073206,メッツコーラ １５００ｍｌＸ８ ,8
'4909411073398,メッツレモンスカッシュ ４８０ｍｌ ,'4909411073404,メッツレモンスカッシュ ４８０ｍｌＸ２４ ,24
'4909411073534,ファイア関西ミルクコーヒー ２４５ｇ ,'4909411073541,ファイア関西ミルクコーヒー ２４５ｇＸ３０ ,30
'4909411073558,ファイア北海道ミルクテイスト ２４５ｇ ,'4909411073565,ファイア北海道ミルクテイスト ２４５ｇＸ３０ ,30
'4909411074043,午後の紅茶ティーウィズミルク ５００ｍｌ ,'4909411074050,  ,24
'4909411074067,キリンレモン １５００ｍｌ ,'4909411074074,キリンレモン １５００ｍｌＸ８ ,8
'4909411074081,キリンガラナ １５００ｍｌ ,'4909411074098,キリンガラナ １５００ｍｌＸ８ ,8
'4909411074203,ファイア北海道ミルクテイスト ２４５ｇＸ５ ,'4909411074210,ファイア北海道ミルクテイスト ２４５ｇＸ５Ｘ６ ,6
'4909411074340,生茶デカフェ ４３０ｍｌ ,'4909411074357,生茶デカフェ ４３０ｍｌＸ２４ ,24
'4909411075033,小岩井ミルクとコーヒー ５００ｍｌ ,'4909411075040,小岩井ミルクとコーヒー ５００ｍｌＸ２４ ,24
'4909411076498,アミノサプリＣ ５５５ｍｌ ,'4909411076504,アミノサプリＣ ５５５ｍｌＸ２４ ,24
'4909411076610,午後の紅茶ストレートティー ５００ｍｌ ,'4909411076627,午後の紅茶ストレートティー ５００ｍｌＸ２４ ,24
'4909411076634,午後の紅茶レモンティー ５００ｍｌ ,'4909411076641,午後の紅茶レモンティー ５００ｍｌＸ２４ ,24
'4909411076658,午後の紅茶ミルクティー ５００ｍｌ ,'4909411076665,午後の紅茶ミルクティー ５００ｍｌＸ２４ ,24
'4909411076818,午後の紅茶ストレートティー １５００ｍｌ ,'4909411076825,午後の紅茶ストレートティー １５００ｍｌＸ８ ,8
'4909411076870,午後の紅茶ミルクティー １５００ｍｌ ,'4909411076887,午後の紅茶ミルクティー １５００ｍｌＸ８ ,8
'4909411076931,小岩井りんご ４３０ｍｌ ,'4909411076948,小岩井りんご ４３０ｍｌＸ２４ ,24
'4909411076955,小岩井純水ぶどう ４３０ｍｌ ,'4909411076962,小岩井純水ぶどう ４３０ｍｌＸ２４ ,24
'4909411076979,小岩井純水みかん ４３０ｍｌ ,'4909411076986,小岩井純水みかん ４３０ｍｌＸ２４ ,24
'4909411077013,小岩井りんご １５００ｍｌ ,'4909411077020,小岩井りんご １５００ｍｌＸ８ ,8
'4909411077037,小岩井純水ぶどう １５００ｍｌ ,'4909411077044,小岩井純水ぶどう １５００ｍｌＸ８ ,8
'4909411077051,小岩井純水みかん １５００ｍｌ ,'4909411077068,小岩井純水みかん １５００ｍｌＸ８ ,8
'4909411077334,メッツブラック ３５０ｍｌ ,'4909411077341,メッツブラック ３５０ｍｌＸ２４ ,24
'4909411077419,午後の紅茶レモンティー １５００ｍｌ ,'4909411077426,午後の紅茶レモンティー １５００ｍｌＸ８ ,8
'4909411078126,ガラナ ５００ｍｌ ,'4909411078133,ガラナ ５００ｍｌＸ２４ ,24
'4909411078225,香し緑茶 ５００ｍｌ ,'4909411078232,香し緑茶 ５００ｍｌＸ２４ ,24
'4909411078249,香し緑茶 ２０００ｍｌ ,'4909411078256,香し緑茶 ２０００ｍｌＸ６ ,6
'4909411079956,トロピカーナオレンジ １６０ｇ ,'4909411079963,トロピカーナオレンジ １６０ｇＸ３０ ,30
'4909411079970,トロピカーナアップル １６０ｇ ,'4909411079987,トロピカーナアップル １６０ｇＸ３０ ,30
'4909411079994,トロピカーナグレープ １６０ｇ ,'4909411080006,トロピカーナグレープ １６０ｇＸ３０ ,30
'4909411080013,トロピカーナフルーツブレンド １６０ｇ ,'4909411080020,  ,30
'4909411080532,メッツクリアグレープフルーツ ４８０ｍｌ ,'4909411080549,メッツクリアグレープフルーツ ４８０ｍｌＸ２４ ,24
'4909411080556,メッツクリアグレープフルーツ １５００ｍｌ ,'4909411080563,メッツクリアグレープフルーツ １５００ｍｌＸ８ ,8
'4909411080891,午後の紅茶おいしい無糖 ５００ｍｌ ,'4909411080907,午後の紅茶おいしい無糖 ５００ｍｌＸ２４ ,24
'4909411081010,サプリブラッドオレンジ ５００ｍｌ ,'4909411081027,サプリブラッドオレンジ ５００ｍｌＸ２４ ,24
'4909411081034,サプリヨーグルトテイスト ５００ｍｌ ,'4909411081041,サプリヨーグルトテイスト ５００ｍｌＸ２４ ,24
'4909411081058,サプリレモン ５００ｍｌ ,'4909411081065,サプリレモン ５００ｍｌＸ２４ ,24
'4909411082055,メッツクリアグレープフルーツ １９０ｍｌ ,'4909411082062,メッツクリアグレープフルーツ １９０ｍｌＸ２０ ,20
'4909411082550,イミューズ水 ５００ｍｌ ,'4909411082567,  ,24
'4909411082598,小岩井３２種の野菜と果実 ９３０ｇ ,'4909411082604,小岩井３２種の野菜と果実 ９３０ｇＸ１２ ,12
'4909411082635,小岩井３２種の野菜と果実 １９０ｇ ,'4909411082642,小岩井３２種の野菜と果実 １９０ｇＸ３０ ,30
'4909411082659,小岩井無添加野菜３１種の野菜 ９１５ｇ ,'4909411082666,小岩井無添加野菜３１種の野菜 ９１５ｇＸ１２ ,12
'4909411082673,小岩井３１種の野菜 １９０ｇ ,'4909411082680,小岩井３１種の野菜 １９０ｇＸ３０ ,30
'4909411083229,ファイア贅沢カフェオレ １８５ｇ ,'4909411083236,ファイア贅沢カフェオレ １８５ｇＸ３０ ,30
'4909411083267,ファイア直火ブレンド １８５ｇ ,'4909411083274,ファイア直火ブレンド １８５ｇＸ３０ ,30
'4909411083304,ファイアブラック １８５ｇ ,'4909411083311,ファイアブラック １８５ｇＸ３０ ,30
'4909411083342,ファイア挽きたて微糖 １８５ｇ ,'4909411083359,ファイア挽きたて微糖 １８５ｇＸ３０ ,30
'4909411083427,ファイア挽きたて微糖 １５５ｇ ,'4909411083434,ファイア挽きたて微糖 １５５ｇＸ３０ ,30
'4909411084172,トロピカーナＷオレンジ ５００ｍｌ ,'4909411084189,トロピカーナＷオレンジ ５００ｍｌＸ２４ ,24
'4909411084257,午後紅茶マイスターズオレンジ ５００ｍｌ ,'4909411084264,  ,24
'4909411084271,午後の紅茶マイスターズミルク ５００ｍｌ ,'4909411084288,午後の紅茶マイスターズミルク ５００ｍｌＸ２４ ,24
'4909411084295,キリンレモン ４５０ｍｌ ,'4909411084301,キリンレモン ４５０ｍｌＸ２４ ,24
'4909411084318,メッツコーラ ４８０ｍｌ ,'4909411084325,メッツコーラ ４８０ｍｌＸ２４ ,24
'4909411084332,メッツコーラ ４８０ｍｌＸ５ ,'4909411084349,メッツコーラ ４８０ｍｌＸ５Ｘ４ ,4
'4909411084455,βラクトリン １００ｍｌ ,'4909411084479,βラクトリン １００ｍｌＸ６ ,6
'4909411084455,βラクトリン １００ｍｌ ,'4909411084462,  ,30
'4909411084516,生茶ほうじ煎茶 ５２５ｍｌ ,'4909411084523,生茶ほうじ煎茶 ５２５ｍｌＸ２４ ,24
'4909411084578,生茶 ３００ｍｌ ,'4909411084585,生茶 ３００ｍｌＸ２４ ,24
'4909411084592,生茶カフェインゼロ ４３０ｍｌ ,'4909411084608,生茶カフェインゼロ ４３０ｍｌＸ２４ ,24
'4909411084615,生茶 ５２５ｍｌ ,'4909411084622,生茶 ５２５ｍｌＸ２４ ,24
'4909411084615,生茶 ５２５ｍｌ ,'4909411088170,生茶 ５２５ｍｌＸ２４ ,24
'4909411084691,ファイアワンデイラテ微糖 ６００ｍｌ ,'4909411084707,ファイアワンデイラテ微糖 ６００ｍｌＸ２４ ,24
'4909411084714,ファイアワンデイブラック ６００ｍｌ ,'4909411084721,ファイアワンデイブラック ６００ｍｌＸ２４ ,24
'4909411084738,トロピカーナＷオレンジ ５００ｍｌ ,'4909411084745,  ,24
'4909411084752,世界ソルティライチパウチ ３００ｇ ,'4909411084769,世界ソルティライチパウチ ３００ｇＸ３０ ,30
'4909411084790,午後の紅茶ストレートティー ５００ｍｌ ,'4909411084806,午後の紅茶ストレートティー ５００ｍｌＸ２４ ,24
'4909411084875,午後の紅茶レモンティー ５００ｍｌ ,'4909411084882,午後の紅茶レモンティー ５００ｍｌＸ２４ ,24
'4909411084950,午後の紅茶ミルクティー ５００ｍｌ ,'4909411084967,午後の紅茶ミルクティー ５００ｍｌＸ２４ ,24
'4909411084998,午後の紅茶ミルクティー ２８０ｍｌ ,'4909411085001,午後の紅茶ミルクティー ２８０ｍｌＸ２４ ,24
'4909411085155,キリンレモンスパークリング ４５０ｍｌ ,'4909411085162,キリンレモンスパークリング ４５０ｍｌＸ２４ ,24
'4909411085216,メッツアルギニン ３５０ｍｌ ,'4909411085223,メッツアルギニン ３５０ｍｌＸ２４ ,24
'4909411085230,キリンレモン ３５０ｍｌ ,'4909411085247,キリンレモン ３５０ｍｌＸ２４ ,24
'4909411085292,ソルティライチベース ５００ｍｌ ,'4909411085308,ソルティライチベース ５００ｍｌＸ２４ ,24
'4909411085438,ラブズスポーツ ５５５ｍｌ ,'4909411085445,ラブズスポーツ ５５５ｍｌＸ２４ ,24
'4909411085452,ラブズスポーツ ２０００ｍｌ ,'4909411085469,ラブズスポーツ ２０００ｍｌＸ６ ,6
'4909411085537,小岩井ミルクとコーヒー ５００ｍｌ ,'4909411085544,小岩井ミルクとコーヒー ５００ｍｌＸ２４ ,24
'4909411085551,世界のキッチンソルティライチ ５００ｍｌ ,'4909411085568,世界のキッチンソルティライチ ５００ｍｌＸ２４ ,24
'4909411085575,世界のキッチンソルティライチ １５００ｍｌ ,'4909411085582,世界のキッチンソルティライチ １５００ｍｌＸ８ ,8
'4909411085650,午後の紅茶おいしい無糖 ５００ｍｌ ,'4909411085667,午後の紅茶おいしい無糖 ５００ｍｌＸ２４ ,24
'4909411085889,午後の紅茶フルーツ白桃＆黄桃 ５００ｍｌ ,'4909411085896,午後の紅茶フルーツ白桃＆黄桃 ５００ｍｌＸ２４ ,24
'4909411086152,午後の紅茶エスプレッソティー １８５ｇ ,'4909411086169,午後の紅茶エスプレッソティー １８５ｇＸ３０ ,30
'4909411086275,午後の紅茶ストレートティー １５００ｍｌ ,'4909411086282,午後の紅茶ストレートティー １５００ｍｌＸ８ ,8
'4909411086299,午後の紅茶ミルクティー １５００ｍｌ ,'4909411086305,午後の紅茶ミルクティー １５００ｍｌＸ８ ,8
'4909411086312,午後の紅茶レモンティー １５００ｍｌ ,'4909411086329,午後の紅茶レモンティー １５００ｍｌＸ８ ,8
'4909411086459,イミューズレモン ５００ｍｌ ,'4909411086466,イミューズレモン ５００ｍｌＸ２４ ,24
'4909411086473,イミューズ水 ５００ｍｌ ,'4909411086480,イミューズ水 ５００ｍｌＸ２４ ,24
'4909411086527,キリン天然水 ６００ｍｌ ,'4909411086534,キリン天然水 ６００ｍｌＸ２４ ,24
'4909411086589,キリンファンケルピーチザクロ ５００ｍｌ ,'4909411086596,  ,24
'4909411086602,午後の紅茶季節のグレープ ５００ｍｌ ,'4909411086619,午後の紅茶季節のグレープ ５００ｍｌＸ２４ ,24
'4909411086626,イミューズヨーグルトテイスト ５００ｍｌ ,'4909411086633,イミューズヨーグルトテイスト ５００ｍｌＸ２４ ,24
'4909411086725,午後の紅茶ストレートティー ２８０ｍｌ ,'4909411086732,午後の紅茶ストレートティー ２８０ｍｌＸ２４ ,24
'4909411086749,午後の紅茶レモンティー ２８０ｍｌ ,'4909411086756,午後の紅茶レモンティー ２８０ｍｌＸ２４ ,24
'4909411086923,キリンレモン無糖 ４５０ｍｌ ,'4909411086930,キリンレモン無糖 ４５０ｍｌＸ２４ ,24
'4909411086947,小岩井純水東北ミックス ４３０ｍｌ ,'4909411086954,小岩井純水東北ミックス ４３０ｍｌＸ２４ ,24
'4909411086961,午後の紅茶フルーツティー ５００ｍｌ ,'4909411086978,午後の紅茶フルーツティー ５００ｍｌＸ２４ ,24
'4909411087180,生茶ラベルレス６本 ５２５ｍｌＸ６ ,'4909411087197,生茶ラベルレス６本 ５２５ｍｌＸ６Ｘ４ ,4
'4909411087203,生茶ほうじ煎茶ラベルレス６本 ５２５ｍｌＸ６ ,'4909411087210,生茶ほうじ煎茶ラベルレス６本 ５２５ｍｌＸ６Ｘ４ ,4
'4909411087241,メッツプラスレモンスカッシュ ４８０ｍｌ ,'4909411087258,メッツプラスレモンスカッシュ ４８０ｍｌＸ２４ ,24
'4909411087265,メッツプラスレモンスカッシュ ４８０ｍｌＸ５ ,'4909411087272,メッツプラスレモンスカッシュ ４８０ｍｌＸ５Ｘ４ ,4
'4909411087401,ファンケルデイリーアミノ ５５５ｍｌ ,'4909411087418,ファンケルデイリーアミノ ５５５ｍｌＸ２４ ,24
'4909411087425,午後の紅茶いちごティー ５００ｍｌ ,'4909411087432,午後の紅茶いちごティー ５００ｍｌＸ２４ ,24
'4909411087449,午後の紅茶ミルクティープラス ４３０ｍｌ ,'4909411087456,午後の紅茶ミルクティープラス ４３０ｍｌＸ２４ ,24
'4909411087555,小岩井カフェオレ ５００ｍｌ ,'4909411087562,小岩井カフェオレ ５００ｍｌＸ２４ ,24
'4909411087593,生茶ライフプラス免疫アシスト ５２５ｍｌ ,'4909411087609,生茶ライフプラス免疫アシスト ５２５ｍｌＸ２４ ,24
'4909411087692,午後ミルクティホットコールド ２８０ｍｌ ,'4909411087708,午後ミルクティホットコールド ２８０ｍｌＸ２４ ,24
'4909411087715,トロピカーナ１００％ぶどう ３３０ｍｌ ,'4909411087722,トロピカーナ１００％ぶどう ３３０ｍｌＸ２４ ,24
'4909411087920,午後の紅茶マスカットソーダ ４５０ｍｌ ,'4909411087937,午後の紅茶マスカットソーダ ４５０ｍｌＸ２４ ,24
'4909411087999,午後の紅茶おいしい無糖レモン ５００ｍｌ ,'4909411088002,午後の紅茶おいしい無糖レモン ５００ｍｌＸ２４ ,24
'4909411088033,ファイアワンデイブラック ６００ｍｌ ,'4909411088040,ファイアワンデイブラック ６００ｍｌＸ２４ ,24
'4909411088095,午後の紅茶ストレートティー ２８０ｍｌ ,'4909411088101,午後の紅茶ストレートティー ２８０ｍｌＸ２４ ,24
'4909411088118,午後の紅茶レモンティー ２８０ｍｌ ,'4909411088125,午後の紅茶レモンティー ２８０ｍｌＸ２４ ,24
'4909411088217,午後の紅茶アップルティープラ ４３０ｍｌ ,'4909411088224,午後の紅茶アップルティープラ ４３０ｍｌＸ２４ ,24
'4909411088316,午後の紅茶まろやか白桃ミルク ５００ｍｌ ,'4909411088323,午後の紅茶まろやか白桃ミルク ５００ｍｌＸ２４ ,24
'4909411088330,トロピカーナＷオレンジ ５００ｍｌ ,'4909411088347,トロピカーナＷオレンジ ５００ｍｌＸ２４ ,24
'4909411088439,午後の紅茶ミルクティー微糖 ５００ｍｌ ,'4909411088446,午後の紅茶ミルクティー微糖 ５００ｍｌＸ２４ ,24
'4909411088453,ファイアワンデイラテ微糖 ６００ｍｌ ,'4909411088460,ファイアワンデイラテ微糖 ６００ｍｌＸ２４ ,24
'4909411088477,午後の紅茶おいしい無糖レモン ５００ｍｌ ,'4909411088484,午後の紅茶おいしい無糖レモン ５００ｍｌＸ２４ ,24
'4909411088538,生茶 ５２５ｍｌ ,'4909411088545,生茶 ５２５ｍｌＸ２４ ,24
'4909411088682,生茶ラベルレス６本 ５２５ｍｌＸ６ ,'4909411088699,生茶ラベルレス６本 ５２５ｍｌＸ６Ｘ４ ,4
'4909411088743,生茶ほうじ煎茶ラベルレス６本 ５２５ｍｌＸ６ ,'4909411088750,生茶ほうじ煎茶ラベルレス６本 ５２５ｍｌＸ６Ｘ４ ,4
'4909411088781,生茶ほうじ煎茶 ５２５ｍｌ ,'4909411088798,生茶ほうじ煎茶 ５２５ｍｌＸ２４ ,24
'4909411088910,午後の紅茶熊本県産いちごティ ５００ｍｌ ,'4909411088927,午後の紅茶熊本県産いちごティ ５００ｍｌＸ２４ ,24
'4909411088934,トロピカーナメロンテイスト ３３０ｍｌ ,'4909411088941,トロピカーナメロンテイスト ３３０ｍｌＸ２４ ,24
'4909411088996,生茶爽やかグリーンアップル ５２５ｍｌ ,'4909411089009,生茶爽やかグリーンアップル ５２５ｍｌＸ２４ ,24
'4909411089030,自然が磨いた天然水 ２０００ｍｌ ,'4909411089047,自然が磨いた天然水 ２０００ｍｌＸ６ ,6
'4909411089184,午後紅茶カフェインゼロピーチ ４３０ｍｌ ,'4909411089221,午後紅茶カフェインゼロピーチ ４３０ｍｌＸ２４ ,24
'4909411089207,午後の紅茶フルーツティーシト ５００ｍｌ ,'4909411089214,午後の紅茶フルーツティーシト ５００ｍｌＸ２４ ,24
'4909411089320,ガラナ ５００ｍｌ ,'4909411089337,ガラナ ５００ｍｌＸ２４ ,24
'4909411089344,メッツコーラ ４８０ｍｌ ,'4909411089351,メッツコーラ ４８０ｍｌＸ２４ ,24
'4909411089368,ファイアワンデイブラック ６００ｍｌ ,'4909411089375,ファイアワンデイブラック ６００ｍｌＸ２４ ,24
'4909411089382,メッツコーラ ４８０ｍｌＸ５ ,'4909411089399,メッツコーラ ４８０ｍｌＸ５Ｘ４ ,4
'4909411089566,生茶免疫ケア ５２５ｍｌ ,'4909411089573,生茶免疫ケア ５２５ｍｌＸ２４ ,24
'4909411089627,午後の紅茶ラ・フランス ５００ｍｌ ,'4909411089634,午後の紅茶ラ・フランス ５００ｍｌＸ２４ ,24
'4909411089801,生茶ほうじ煎茶 ５２５ｍｌ ,'4909411089818,生茶ほうじ煎茶 ５２５ｍｌＸ２４ ,24
'4909411089863,午後の紅茶白桃ティーソーダ ５００ｍｌ ,'4909411089870,午後の紅茶白桃ティーソーダ ５００ｍｌＸ２４ ,24
'4909411089900,イミューズヨーグルトテイスト ５００ｍｌ ,'4909411089917,イミューズヨーグルトテイスト ５００ｍｌＸ２４ ,24
'4909411089924,イミューズヨーグルトテイスト ５００ｍｌＸ６ ,'4909411089931,イミューズヨーグルトテイスト ５００ｍｌＸ６Ｘ４ ,4
'4909411089948,イミューズ免疫ケアウォーター ５００ｍｌ ,'4909411089955,イミューズ免疫ケアウォーター ５００ｍｌＸ２４ ,24
'4909411089962,イミューズ免疫ケアウォーター ５００ｍｌＸ６ ,'4909411089979,イミューズ免疫ケアウォーター ５００ｍｌＸ６Ｘ４ ,4
'4909411089986,イミューズレモン ５００ｍｌ ,'4909411089993,イミューズレモン ５００ｍｌＸ２４ ,24
'4909411090005,イミューズレモン ５００ｍｌＸ６ ,'4909411090012,イミューズレモン ５００ｍｌＸ６Ｘ４ ,4
'4909411090166,生茶免疫ケア ５２５ｍｌ ,'4909411090173,生茶免疫ケア ５２５ｍｌＸ２４ ,24
'4909411090210,トロピカーナＷオレンジ ５００ｍｌ ,'4909411090227,トロピカーナＷオレンジ ５００ｍｌＸ２４ ,24
'4909411090234,午後の紅茶無糖ミルクティー ５００ｍｌ ,'4909411090241,午後の紅茶無糖ミルクティー ５００ｍｌＸ２４ ,24
'4909411090272,カロリミットアップル ３５０ｍｌ ,'4909411090289,カロリミットアップル ３５０ｍｌＸ２４ ,24
'4909411090333,プラズマスポーツ ５５５ｍｌ ,'4909411090340,プラズマスポーツ ５５５ｍｌＸ２４ ,24
'4909411090371,ソルティライチプラス ５００ｍｌ ,'4909411090388,ソルティライチプラス ５００ｍｌＸ２４ ,24
'4909411090418,キリンレモン ３５０ｍｌ ,'4909411090425,キリンレモン ３５０ｍｌＸ２４ ,24
'4909411090432,キリンレモン １５００ｍｌ ,'4909411090449,キリンレモン １５００ｍｌＸ８ ,8
'4909411090456,キリンレモン １９０ｇ ,'4909411090463,キリンレモン １９０ｇＸ３０ ,30
'4909411090470,キリンレモン ５００ｍｌ ,'4909411090487,キリンレモン ５００ｍｌＸ２４ ,24
'4909411090494,キリンレモン炭酸水 ５００ｍｌ ,'4909411090500,キリンレモン炭酸水 ５００ｍｌＸ２４ ,24
'4909411090517,ファイアワンデイラテ微糖 ６００ｍｌ ,'4909411090524,ファイアワンデイラテ微糖 ６００ｍｌＸ２４ ,24
'4909411090555,ワンデイ砂糖不使用ラテ ６００ｍｌ ,'4909411090562,ワンデイ砂糖不使用ラテ ６００ｍｌＸ２４ ,24
'4909411090630,ファンケルアミノサプリプラス ５５５ｍｌ ,'4909411090647,ファンケルアミノサプリプラス ５５５ｍｌＸ２４ ,24
'4909411090678,トロピカーナパインミックス ３３０ｍｌ ,'4909411090685,トロピカーナパインミックス ３３０ｍｌＸ２４ ,24
'4909411090715,ゴゴアールグレイアイスティー ５００ｍｌ ,'4909411090722,ゴゴアールグレイアイスティー ５００ｍｌＸ２４ ,24
'4909411090791,カロリミットブレンド茶 ６００ｍｌ ,'4909411090807,カロリミットブレンド茶 ６００ｍｌＸ２４ ,24
'4909411090906,生茶リッチ ４００ｍｌ ,'4909411090913,生茶リッチ ４００ｍｌＸ２４ ,24
'4909411091095,午後の紅茶グレープ ５００ｍｌ ,'4909411091101,午後の紅茶グレープ ５００ｍｌＸ２４ ,24
'4909411091217,午後おいしい無糖ミルクティー ５００ｍｌ ,'4909411091224,午後おいしい無糖ミルクティー ５００ｍｌＸ２４ ,24
'4909411091309,午後の紅茶イングリッシュＢ ４００ｍｌ ,'4909411091316,午後の紅茶イングリッシュＢ ４００ｍｌＸ２４ ,24
'4909411091361,午後の紅茶クリーミーラテ ４００ｍｌ ,'4909411091378,午後の紅茶クリーミーラテ ４００ｍｌＸ２４ ,24
'4909411091385,カロリミットブレンド茶３＋１ ６００ｍｌＸ３ ,'4909411091392,カロリミットブレンド茶３＋１ ６００ｍｌＸ３Ｘ６ ,6
'4909411091545,午後の紅茶チョコレートラテ ４００ｍｌ ,'4909411091552,午後の紅茶チョコレートラテ ４００ｍｌＸ２４ ,24
'4909411091569,カロリミットアップル ３５０ｍｌ ,'4909411091576,カロリミットアップル ３５０ｍｌＸ２４ ,24
'4909411091583,生茶５＋１本パック ５２５ｍｌＸ５ ,'4909411091590,生茶５＋１本パック ５２５ｍｌＸ５Ｘ４ ,4
'4909411091743,イミューズからだ想いヨーグル ５００ｍｌ ,'4909411091750,イミューズからだ想いヨーグル ５００ｍｌＸ２４ ,24
'4909411091767,生茶からだ晴れ茶 ５２５ｍｌ ,'4909411091774,生茶からだ晴れ茶 ５２５ｍｌＸ２４ ,24
'4909411091804,スポーツプロフェッショナル ５５５ｍｌ ,'4909411091811,スポーツプロフェッショナル ５５５ｍｌＸ２４ ,24
'4909411091866,トロピオレンジ＆ピンクＧＦ ３３０ｍｌ ,'4909411091873,トロピオレンジ＆ピンクＧＦ ３３０ｍｌＸ２４ ,24
'4909411091880,生茶 ２８０ｍｌ ,'4909411091897,生茶 ２８０ｍｌＸ２４ ,24
'4909411091903,生茶 ５２５ｍｌ ,'4909411091910,生茶 ５２５ｍｌＸ２４ ,24
'4909411091941,生茶ラベルレス６Ｐ ５２５ｍｌＸ６ ,'4909411091958,生茶ラベルレス６Ｐ ５２５ｍｌＸ６Ｘ４ ,4
'4909411092641,生茶ほうじ煎茶 ５２５ｍｌ ,'4909411092658,生茶ほうじ煎茶 ５２５ｍｌＸ２４ ,24
'4909411092689,生茶ほうじラベルレス６Ｐ ５２５ｍｌＸ６ ,'4909411092696,生茶ほうじラベルレス６Ｐ ５２５ｍｌＸ６Ｘ４ ,4
'4909411093181,ファイアワンデイ甘くないラテ ６００ｍｌ ,'4909411093198,ファイアワンデイ甘くないラテ ６００ｍｌＸ２４ ,24
'4909411093204,ファイアアロマブリューＢＬ ４００ｍｌ ,'4909411093211,ファイアアロマブリューＢＬ ４００ｍｌＸ２４ ,24
'4909411093228,ファイアアロマブリューラテ ４００ｍｌ ,'4909411093235,ファイアアロマブリューラテ ４００ｍｌＸ２４ ,24
'4909411093266,午後の紅茶アールグレイ ５００ｍｌ ,'4909411093273,午後の紅茶アールグレイ ５００ｍｌＸ２４ ,24
'4909411093280,午後の紅茶ロイヤルブレンド ５００ｍｌ ,'4909411093297,午後の紅茶ロイヤルブレンド ５００ｍｌＸ２４ ,24
'4909411093303,午後の紅茶いちごティー ５００ｍｌ ,'4909411093310,午後の紅茶いちごティー ５００ｍｌＸ２４ ,24
'4909411093358,自然が磨いた天然水 ６００ｍｌ ,'4909411093365,自然が磨いた天然水 ６００ｍｌＸ２４ ,24
'4909411093815,午後の紅茶サマーブレンド ５００ｍｌ ,'4909411093822,午後の紅茶サマーブレンド ５００ｍｌＸ２４ ,24
'4909411094317,カロリミットアップルＳＰ ５００ｍｌ ,'4909411094324,カロリミットアップルＳＰ ５００ｍｌＸ２４ ,24
'4909411095642,午後の紅茶ＳＰライチ ５００ｍｌ ,'4909411095659,午後の紅茶ＳＰライチ ５００ｍｌＸ２４ ,24
'4909411096533,午後の紅茶ストレートＨ＆Ｃ ２８０ｍｌ ,'4909411096540,午後の紅茶ストレートＨ＆Ｃ ２８０ｍｌＸ２４ ,24
'4909411096557,午後の紅茶ミルクＨ＆Ｃ ２８０ｍｌ ,'4909411096564,午後の紅茶ミルクＨ＆Ｃ ２８０ｍｌＸ２４ ,24
'4909411096571,午後の紅茶レモンＨ＆Ｃ ２８０ｍｌ ,'4909411096588,午後の紅茶レモンＨ＆Ｃ ２８０ｍｌＸ２４ ,24
'4909411096618,午後キャラメルティー ４００ｍｌ ,'4909411096625,午後キャラメルティー ４００ｍｌＸ２４ ,24
'4909411096632,トロピ皮ごと搾りぶどう ３３０ｍｌ ,'4909411096649,トロピ皮ごと搾りぶどう ３３０ｍｌＸ２４ ,24
'4909411097066,イミューズ　グリーン ５００ｍｌ ,'4909411097073,イミューズ　グリーン ５００ｍｌＸ２４ ,24
'4909411097523,生茶おいしいカフェゼロ ４３０ｍｌ ,'4909411097530,生茶おいしいカフェゼロ ４３０ｍｌＸ２４ ,24
'4909411097547,生茶Ｈ＆Ｃ ２８０ｍｌ ,'4909411097554,生茶Ｈ＆Ｃ ２８０ｍｌＸ２４ ,24
'4909411097585,ヘルシア緑茶 ３５０ｍｌ ,'4909411097592,ヘルシア緑茶 ３５０ｍｌＸ２４ ,24
'4909411097622,ヘルシア緑茶 １０５０ｍｌ ,'4909411097639,ヘルシア緑茶 １０５０ｍｌＸ１２ ,12
'4909411097646,ヘルシア緑茶うまみ贅沢仕立て ５００ｍｌ ,'4909411097653,ヘルシア緑茶うまみ贅沢仕立て ５００ｍｌＸ２４ ,24
'4909411097660,ヘルシア緑茶うまみ贅沢仕立て １０００ｍｌ ,'4909411097677,ヘルシア緑茶うまみ贅沢仕立て １０００ｍｌＸ１２ ,12
'4909411097684,ヘルシアウォーター ５００ｍｌ ,'4909411097691,ヘルシアウォーター ５００ｍｌＸ２４ ,24
'4909411097721,生茶リッチ ４００ｍｌ ,'4909411097738,生茶リッチ ４００ｍｌＸ２４ ,24
'4909411097769,小岩井ココア ４００ｍｌ ,'4909411097776,小岩井ココア ４００ｍｌＸ２４ ,24
'4909411097806,午後の紅茶ジャパンブレンドＧ ５００ｍｌ ,'4909411097813,午後の紅茶ジャパンブレンドＧ ５００ｍｌＸ２４ ,24
'4909411097820,午後の紅茶ウィンターＢ ４００ｍｌ ,'4909411097837,午後の紅茶ウィンターＢラテ ４００ｍｌＸ２４ ,24
'4909411098360,午後の紅茶ＦＡ柑橘 ４００ｍｌ ,'4909411098377,午後の紅茶ＦＡ柑橘 ４００ｍｌＸ２４ ,24
'4909411102838,イミューズグリーン５＋１ ５００ｍｌＸ５ ,'4909411102845,イミューズグリーン５＋１ ５００ｍｌＸ５Ｘ４ ,4
'4909411102975,イミューズオフホワイト ５００ｍｌ ,'4909411102982,イミューズオフホワイト ５００ｍｌＸ２４ ,24
'4909411103255,イミューズヨーグル５＋１ ５００ｍｌＸ５ ,'4909411103262,イミューズヨーグル５＋１ ５００ｍｌＸ５Ｘ４ ,4
'4909411103316,イミューズオフホワイト５＋１ ５００ｍｌＸ５ ,'4909411103323,イミューズオフホワイト５＋１ ５００ｍｌＸ５Ｘ４ ,4
'4909411103354,トロピカーナリフレッシュフルーツ ３３０ｍｌ ,'4909411103361,トロピカーナリフレッシュフルーツ ３３０ｍｌＸ２４ ,24
'4909411105679,午後の紅茶ＴＳチョコレート ４００ｍｌ ,'4909411105686,午後の紅茶ＴＳチョコレート ４００ｍｌＸ２４ ,24
'4909411106607,世界のキッチンライムソルト ５００ｍｌ ,'4909411106614,世界のキッチンライムソルト ５００ｍｌＸ２４ ,24
'4909411107291,午後の紅茶ＪＢ桃アイスティ ５００ｍｌ ,'4909411107307,午後の紅茶ＪＢ桃アイスティ ５００ｍｌＸ２４ ,24
'4909411114442,生茶ほうじ茶ラテ ４００ｍｌ ,'4909411114459,生茶ほうじ茶ラテ ４００ｍｌＸ２４ ,24
'4909411114541,トロピカーナぶどう ３３０ｍｌ ,'4909411114558,トロピカーナぶどう ３３０ｍｌＸ２４ ,24
'4909411114619,ホット生茶冬の特製 ４００ｍｌ ,'4909411114626,ホット生茶冬の特製 ４００ｍｌＸ２４ ,24
'4909411114718,午後の紅茶ＦオレンジＧＦ ５００ｍｌ ,'4909411114725,午後の紅茶ＦオレンジＧＦ ５００ｍｌＸ２４ ,24
'4909411114732,午後の紅茶Ｆ白ぶどうレモン ５００ｍｌ ,'4909411114749,午後の紅茶Ｆ白ぶどうレモン ５００ｍｌＸ２４ ,24
'4909411117047,午後アールグレイミルク ４００ｍｌ ,'4909411117054,午後アールグレイミルク ４００ｍｌＸ２４ ,24
'4909411118297,午後ふじりんごティ ４００ｍｌ ,'4909411118303,午後ふじりんごティ ４００ｍｌＸ２４ ,24
'4909411119768,午後チョコレートティー ４００ｍｌ ,'4909411119775,午後チョコレートティー ４００ｍｌＸ２４ ,24
'4936790501150,スパークリングウォーター缶 ３５０ｍｌ ,'4936790501167,スパークリングウォーター缶 ３５０ｍｌＸ２４ ,24
'4936790507251,スパークリング　レモン ３５０ｍｌ ,'4936790507268,スパークリング　レモン ３５０ｍｌＸ２４ ,24
'4936790513054,スパークグレープフルーツ ３５０ｍｌ ,'4936790513061,スパークグレープフルーツ ３５０ｍｌＸ２４ ,24
'4939505121216,とうもろこしのおいしいひげ茶 ５００ｍｌ ,'4939505921212,とうもろこしのおいしいひげ茶 ５００ｍｌＸ２４ ,24
'4958655030063,オーガニックあずき美人茶 ５００ｍｌ ,'4958655090050,オーガニックあずき美人茶 ５００ｍｌＸ２４ ,24
'4959127006104,クリスタルガイザー ５００ｍｌ ,'4959127016103,クリスタルガイザー ５００ｍｌ×２４ ,24
'4959127006128,クリスタルガイザー ７００ｍｌ ,'4959127016127,クリスタルガイザーケース ７００ｍｌｘ２４ ,24
'4959127104107,ジャワティ　レッド ５００ｍｌ ,'4959127114106,ジャワティ　レッド ５００ｍｌＸ２４ ,24
'4959127105104,ジャワティ　レッド ２ｌ ,'4959127115103,ジャワティ　レッド ２ｌＸ６ ,6
'4959127400285,マッチ　４８０缶 ４８０ｍｌ ,'4959127410284,マッチ　４８０缶 ４８０ｍｌ＊２４ ,24
'4959127400322,マッチ　ペットボトル ５００ｍｌ ,'4959127410321,  ,24
'4959127400391,マッチ ５００ｍｌ ,'4959127410390,マッチ ５００ｍｌＸ２４ ,24
'4959127400407,マッチ　ミネラルライチ ５００ｍｌ ,'4959127410406,  ,24
'4959127400421,マッチ　缶 ４８０ｍｌ ,'4959127410420,マッチ　缶 ４８０ｍｌＸ２４ ,24
'4959127400445,マッチ １．５ｌ ,'4959127410444,  ,8
'4959127400520,マッチビタミンアップル ５００ｍｌ ,'4959127410529,  ,24
'4959127410574,マッチゼリーマスカット ２６０ｇ ,'4959127410581,マッチゼリーマスカット ２６０ｇＸ２４ ,24
'4959127410598,マッチ塩レモンソーダ ５００ｍｌ ,'4959127410604,マッチ塩レモンソーダ ５００ｍｌＸ２４ ,24
'4959127410635,マッチビタミンみかん ５００ｍｌ ,'4959127410642,マッチビタミンみかん ５２５ｍｌＸ２４ ,24
'4959127410697,マッチビタミンみかん ５００ｍｌ ,'4959127410703,マッチビタミンみかん ５００ｍｌＸ２４ ,24
'4959127700002,ｅ３ ２４０ｍｌ ,'4959127720000,  ,24
'4962656223010,アサヒオリオン　さんぴん茶 ５００ｍｌ ,'4962656223096,オバァ自慢のさんぴん茶 ５００ｍｌｘ２４ ,24
'4970180000496,シャイニー　金のねぶた １９５ｇ ,'4970180800119,シャイニーアップルジュース金 １９５ｇｘ３０ ,30
'4970180000502,シャイニー　銀のねぶた １９５ｇ ,'4970180800126,シャイニーアップルジュース銀 １９５ｇｘ３０ ,30
'4970180100080,シャイニーアップルねぶた １０００ｍｌ ,'4970180900239,アップルジュースねぶた混濁瓶 １０００ｍｌＸ６ ,6
'4976501105741,エナジーボンバー ２５０ｍｌ ,'4976501105758,エナジーボンバー ２５０ｍｌＸ３０ ,30
'4980765000643,コアップ　ガラナ ５００ｍｌ ,'4980765004245,コアップガラナ　ケース ５００ｍｌｘ２４ ,24
'4980765002265,コアップガラナ　缶 ３５０ｍｌ ,'4980765002241,コアップガラナ　缶 ３５０ｍｌＸ２４ ,24
'4980765004313,メロンソーダ １５００ｍｌ ,'4980765004320,メロンソーダ １５００ｍｌｘ８ ,8
'4980765004368,小原　オルニチン配合炭酸水 ５００ｍｌ ,'4980765004375,小原　オルニチン配合炭酸水 ５００ｍｌＸ２４ ,24
'4980765004405,小原　函館ガラナ ５００ｍｌ ,'4980765004412,小原　函館ガラナ ５００ｍｌＸ２４ ,24
'4980765004443,小原　いちごソーダ ５００ｍｌ ,'4980765004450,  ,24
'4980765004634,小原コアップガラナクリスタル ５００ｍｌ ,'4980765004641,  ,24
'4980765004818,小原　合格祈願ガラナ ５００ｍｌ ,'4980765004825,小原　合格祈願ガラナ ５００ｍｌＸ２４ ,24
'4980765005150,コアップガラナ　缶 ５００ｍｌ ,'4980765005167,コアップガラナ　缶 ５００ｍｌｘ２４ ,24
'4980765005174,ゆずれもん １５００ｍｌ ,'4980765005181,ゆずれもん １５００ｍｌｘ８ ,8
'4980765005273,コアップガラナプラス ５００ｍｌ ,'4980765005280,コアップガラナプラス ５００ｍｌｘ２４ ,24
'4980765005495,スイカ風味の炭酸水 ５００ｍｌ ,'4980765005501,スイカ風味の炭酸水 ５００ｍｌｘ２４ ,24
'4980765005518,スパークリングぶどうソーダ ５００ｍｌ ,'4980765005525,スパークリングぶどうソーダ ５００ｍｌｘ２４ ,24
'4980765005532,コアップガラナ　復刻版 ２３０ｍｌ ,'4980765005549,コアップガラナ　復刻版 ２３０ｍｌｘ２４ ,24
'4980765005631,青みかんソーダ ５００ｍｌ ,'4980765005648,青みかんソーダ ５００ｍｌＸ２４ ,24
'4980765005723,コアップガラナロコンラベル ５００ｍｌ ,'4980765005730,コアップガラナロコンラベル ５００ｍｌＸ２４ ,24
'4980765005747,ホワイトガラナアローラロコン ５００ｍｌ ,'4980765005754,ホワイトガラナアローラロコン ５００ｍｌＸ２４ ,24
'4980765005815,シマエナガのホワイトガラナ ５００ｍｌ ,'4980765005822,シマエナガのホワイトガラナ ５００ｍｌＸ２４ ,24
'4980765005853,コアップガラナ函館競輪記念 ５００ｍｌ ,'4980765005860,コアップガラナ函館競輪記念 ５００ｍｌＸ２４ ,24
'4980765005914,強炭酸水ｚ １．５ｌ ,'4980765005921,強炭酸水ｚ １．５ｌＸ８ ,8
'4980765005938,函館シトロン ５００ｍｌ ,'4980765005945,函館シトロン　ケース ５００ｍｌＸ２４ ,24
'4980765005976,ホワイトシャンメリーりんご ３６０ｍｌ ,'4980765005983,ホワイトシャンメリーりんご ３６０ｍｌＸ２０ ,20
'4980765005990,ホワイトシャンメリーいちご ３６０ｍｌ ,'4980765006003,ホワイトシャンメリーいちご ３６０ｍｌＸ２０ ,20
'4980765006065,帰ってきたいちごアップガラナ ５００ｍｌ ,'4980765006072,帰ってきたいちごガラナケース ５００ｍｌＸ２４ ,24
'4980765006157,コアッパインガラナ ５００ｍｌ ,'4980765006164,コアッパインガラナ ５００ｍｌＸ２４ ,24
'4980765006294,コアッぶどうガラナ ５００ｍｌ ,'4980765006300,コアッぶどうガラナ ５００ｍｌＸ２４ ,24
'4980765006379,コアツプガラナ　グレフル ５００ｍｌ ,'4980765006386,コアツプガラナ　グレフル ５００ｍｌＸ２４ ,24
'4980765006478,ガラナシャインマスカット ５００ｍｌ ,'4980765006485,ガラナシャインマスカット ５００ｍｌＸ２４ ,24
'4985011715043,パレードミルクコーヒー １８５ｇ ,'4985011715050,パレードミルクコーヒー １８５ｇＸ３０ ,30
'4985011715067,パレードミルクセーキ １８５ｇ ,'4985011715074,パレードミルクセーキ １８５ｇＸ３０ ,24
'4986919990020,鹿児島垂水温泉　温泉水９９ ２０００ｍｌ ,'4986919992000,鹿児島垂水温泉　温泉水９９ ２０００ｍｌ×６ ,6
'4986919995001,エスオーシー　温泉水９９ ５００ｍｌ ,'4986919990051,エスオーシー　温泉水９９ ５００ｍｌ×２４ ,24
'4987035089315,オロナミンＣドリンク １２０ｍｌ ,'4987035089322,オロナミンＣ １２０ｍｌ×１０ ,10
'4987035089315,オロナミンＣドリンク １２０ｍｌ ,'4987035089308,大塚　オロナミンＣドリンク １２０ｍｌ×１０×５ ,50
'4987035223818,イオンウォーター ５００ｍｌ ,'4987035223801,イオンウォーター ５００ｍｌｘ２４ ,24
'4987035223917,ポカリ　イオンウォーター ９００ｍｌ ,'4987035223900,ポカリ　イオンウォーター ９００ｍｌＸ１２ ,12
'4987035332411,ポカリスエット　缶 ４８０ｍｌ ,'4987035332404,ポカリスエット　缶 ４８０ｍｌｘ２４ ,24
'4987035332510,大塚　ポカリスエット ９００ｍｌ ,'4987035332503,大塚製薬ポカリスエット ９００ｍｌ×１２ ,12
'4987035337218,大塚　ポカリスエット １５００ｍｌ ,'4987035337201,大塚製薬　ポカリスエット １５００ｍｌｘ８ ,8
'4987035504511,大塚製薬　ＳＯＹＳＨ １００ｍｌ ,'4987035504528,大塚製薬　ＳＯＹＳＨ １００ｍｌ×６ ,6
'4987035561712,オロナミンＣロイヤルポリス １２０ｍｌ ,'4987035561729,オロナミンＣ　ロイヤルポリス １２０ｍｌｘ６ ,6
'4987035561712,オロナミンＣロイヤルポリス １２０ｍｌ ,'4987035561705,オロナミンＣロイヤルポリス １２０ｍｌＸ３０ ,30
'4993310060054,仙人秘水ＤＡＹＳ ５００ｍｌ ,'4993310020249,仙人秘水ＤＡＹＳ ５００ｍｌｘ２４ ,24
'7613287388216,コントレックス ５００ｍｌ ,'7613287388223,コントレックスケース ５００ｍｌＸ２４ ,24
'7613287400024,コントレックス １．５Ｌ ,'7613287400031,コントレックスケース １．５ＬＸ１２ ,12
'7613287958488,ペリエペットボトル ５００ｍｌ ,'7613287958501,ペリエペットボトルケース ５００ｍｌＸ２４ ,24
4902590852518,テスト,4902590852518,テスト,12
